2025-10-27 15:42:06,153 - __main__ - INFO - Reports database initialized
2025-10-27 15:42:06,181 - __main__ - INFO - Email notifications enabled for hourly reports
2025-10-27 15:42:06,181 - __main__ - INFO - Hourly Reporter initialized
2025-10-27 15:42:06,181 - __main__ - INFO - Hourly Reporter started - generating reports every 3600 seconds

Hourly Reporter terminated by user.
2025-10-27 15:42:58,901 - __main__ - INFO - Reports database initialized
2025-10-27 15:42:58,936 - __main__ - INFO - Email notifications enabled for hourly reports
2025-10-27 15:42:58,936 - __main__ - INFO - Hourly Reporter initialized
2025-10-27 15:42:58,936 - __main__ - INFO - Hourly Reporter started - generating reports every 3600 seconds

Hourly Reporter terminated by user.
2025-10-27 15:43:49,336 - __main__ - INFO - Reports database initialized
2025-10-27 15:43:49,366 - __main__ - INFO - Email notifications enabled for hourly reports
2025-10-27 15:43:49,366 - __main__ - INFO - Hourly Reporter initialized
2025-10-27 15:43:49,366 - __main__ - INFO - Hourly Reporter started - generating reports every 3600 seconds

Hourly Reporter terminated by user.
2025-10-27 15:45:32,776 - __main__ - INFO - Reports database initialized
2025-10-27 15:45:32,802 - __main__ - INFO - Email notifications enabled for hourly reports
2025-10-27 15:45:32,802 - __main__ - INFO - Hourly Reporter initialized
2025-10-27 15:45:32,802 - __main__ - INFO - Hourly Reporter started - generating reports every 3600 seconds

Hourly Reporter terminated by user.
2025-10-27 15:53:23,618 - __main__ - INFO - Reports database initialized
2025-10-27 15:53:23,645 - __main__ - INFO - Email notifications enabled for hourly reports
2025-10-27 15:53:23,645 - __main__ - INFO - Hourly Reporter initialized
2025-10-27 15:53:23,645 - __main__ - INFO - Hourly Reporter started - generating reports every 3600 seconds
2025-10-27 18:01:15,215 - __main__ - INFO - Reports database initialized
2025-10-27 18:01:15,241 - __main__ - INFO - Email notifications enabled for hourly reports
2025-10-27 18:01:15,241 - __main__ - INFO - Hourly Reporter initialized
2025-10-27 18:01:15,241 - __main__ - INFO - Hourly Reporter started - generating reports every 3600 seconds
2025-10-27 18:16:42,638 - __main__ - INFO - Reports database initialized
2025-10-27 18:16:42,666 - __main__ - INFO - Email notifications enabled for hourly reports
2025-10-27 18:16:42,666 - __main__ - INFO - Hourly Reporter initialized
2025-10-27 18:16:42,666 - __main__ - INFO - Hourly Reporter started - generating reports every 3600 seconds
2025-10-27 19:16:43,081 - __main__ - INFO - Generating hourly report...
2025-10-27 19:16:44,307 - __main__ - ERROR - Error in report generation loop: 'charmap' codec can't encode characters in position 84-85: character maps to <undefined>
Traceback (most recent call last):
  File "C:\Users\micro\Celsius AI\src\monitoring\celsius_hourly_reporter.py", line 314, in run
    print(report)
  File "C:\Program Files\WindowsApps\PythonSoftwareFoundation.Python.3.11_3.11.2544.0_x64__qbz5n2kfra8p0\Lib\encodings\cp1252.py", line 19, in encode
    return codecs.charmap_encode(input,self.errors,encoding_table)[0]
           ^^^^^^^^^^^^^^^^^^^^^^^^^^^^^^^^^^^^^^^^^^^^^^^^^^^^^^^
UnicodeEncodeError: 'charmap' codec can't encode characters in position 84-85: character maps to <undefined>
2025-10-27 19:17:44,310 - __main__ - INFO - Generating hourly report...
2025-10-27 19:17:45,335 - __main__ - ERROR - Error in report generation loop: 'charmap' codec can't encode characters in position 84-85: character maps to <undefined>
Traceback (most recent call last):
  File "C:\Users\micro\Celsius AI\src\monitoring\celsius_hourly_reporter.py", line 314, in run
    print(report)
  File "C:\Program Files\WindowsApps\PythonSoftwareFoundation.Python.3.11_3.11.2544.0_x64__qbz5n2kfra8p0\Lib\encodings\cp1252.py", line 19, in encode
    return codecs.charmap_encode(input,self.errors,encoding_table)[0]
           ^^^^^^^^^^^^^^^^^^^^^^^^^^^^^^^^^^^^^^^^^^^^^^^^^^^^^^^
UnicodeEncodeError: 'charmap' codec can't encode characters in position 84-85: character maps to <undefined>
2025-10-27 19:18:45,351 - __main__ - INFO - Generating hourly report...
2025-10-27 19:18:46,371 - __main__ - ERROR - Error in report generation loop: 'charmap' codec can't encode characters in position 84-85: character maps to <undefined>
Traceback (most recent call last):
  File "C:\Users\micro\Celsius AI\src\monitoring\celsius_hourly_reporter.py", line 314, in run
    print(report)
  File "C:\Program Files\WindowsApps\PythonSoftwareFoundation.Python.3.11_3.11.2544.0_x64__qbz5n2kfra8p0\Lib\encodings\cp1252.py", line 19, in encode
    return codecs.charmap_encode(input,self.errors,encoding_table)[0]
           ^^^^^^^^^^^^^^^^^^^^^^^^^^^^^^^^^^^^^^^^^^^^^^^^^^^^^^^
UnicodeEncodeError: 'charmap' codec can't encode characters in position 84-85: character maps to <undefined>
2025-10-27 19:19:46,383 - __main__ - INFO - Generating hourly report...
2025-10-27 19:19:47,409 - __main__ - ERROR - Error in report generation loop: 'charmap' codec can't encode characters in position 84-85: character maps to <undefined>
Traceback (most recent call last):
  File "C:\Users\micro\Celsius AI\src\monitoring\celsius_hourly_reporter.py", line 314, in run
    print(report)
  File "C:\Program Files\WindowsApps\PythonSoftwareFoundation.Python.3.11_3.11.2544.0_x64__qbz5n2kfra8p0\Lib\encodings\cp1252.py", line 19, in encode
    return codecs.charmap_encode(input,self.errors,encoding_table)[0]
           ^^^^^^^^^^^^^^^^^^^^^^^^^^^^^^^^^^^^^^^^^^^^^^^^^^^^^^^
UnicodeEncodeError: 'charmap' codec can't encode characters in position 84-85: character maps to <undefined>
2025-10-27 19:20:47,419 - __main__ - INFO - Generating hourly report...
2025-10-27 19:20:48,440 - __main__ - ERROR - Error in report generation loop: 'charmap' codec can't encode characters in position 84-85: character maps to <undefined>
Traceback (most recent call last):
  File "C:\Users\micro\Celsius AI\src\monitoring\celsius_hourly_reporter.py", line 314, in run
    print(report)
  File "C:\Program Files\WindowsApps\PythonSoftwareFoundation.Python.3.11_3.11.2544.0_x64__qbz5n2kfra8p0\Lib\encodings\cp1252.py", line 19, in encode
    return codecs.charmap_encode(input,self.errors,encoding_table)[0]
           ^^^^^^^^^^^^^^^^^^^^^^^^^^^^^^^^^^^^^^^^^^^^^^^^^^^^^^^
UnicodeEncodeError: 'charmap' codec can't encode characters in position 84-85: character maps to <undefined>
2025-10-27 19:21:48,449 - __main__ - INFO - Generating hourly report...
2025-10-27 19:21:49,473 - __main__ - ERROR - Error in report generation loop: 'charmap' codec can't encode characters in position 84-85: character maps to <undefined>
Traceback (most recent call last):
  File "C:\Users\micro\Celsius AI\src\monitoring\celsius_hourly_reporter.py", line 314, in run
    print(report)
  File "C:\Program Files\WindowsApps\PythonSoftwareFoundation.Python.3.11_3.11.2544.0_x64__qbz5n2kfra8p0\Lib\encodings\cp1252.py", line 19, in encode
    return codecs.charmap_encode(input,self.errors,encoding_table)[0]
           ^^^^^^^^^^^^^^^^^^^^^^^^^^^^^^^^^^^^^^^^^^^^^^^^^^^^^^^
UnicodeEncodeError: 'charmap' codec can't encode characters in position 84-85: character maps to <undefined>
2025-10-27 19:22:49,477 - __main__ - INFO - Generating hourly report...
2025-10-27 19:22:50,501 - __main__ - ERROR - Error in report generation loop: 'charmap' codec can't encode characters in position 84-85: character maps to <undefined>
Traceback (most recent call last):
  File "C:\Users\micro\Celsius AI\src\monitoring\celsius_hourly_reporter.py", line 314, in run
    print(report)
  File "C:\Program Files\WindowsApps\PythonSoftwareFoundation.Python.3.11_3.11.2544.0_x64__qbz5n2kfra8p0\Lib\encodings\cp1252.py", line 19, in encode
    return codecs.charmap_encode(input,self.errors,encoding_table)[0]
           ^^^^^^^^^^^^^^^^^^^^^^^^^^^^^^^^^^^^^^^^^^^^^^^^^^^^^^^
UnicodeEncodeError: 'charmap' codec can't encode characters in position 84-85: character maps to <undefined>
2025-10-27 19:23:50,506 - __main__ - INFO - Generating hourly report...
2025-10-27 19:23:51,530 - __main__ - ERROR - Error in report generation loop: 'charmap' codec can't encode characters in position 84-85: character maps to <undefined>
Traceback (most recent call last):
  File "C:\Users\micro\Celsius AI\src\monitoring\celsius_hourly_reporter.py", line 314, in run
    print(report)
  File "C:\Program Files\WindowsApps\PythonSoftwareFoundation.Python.3.11_3.11.2544.0_x64__qbz5n2kfra8p0\Lib\encodings\cp1252.py", line 19, in encode
    return codecs.charmap_encode(input,self.errors,encoding_table)[0]
           ^^^^^^^^^^^^^^^^^^^^^^^^^^^^^^^^^^^^^^^^^^^^^^^^^^^^^^^
UnicodeEncodeError: 'charmap' codec can't encode characters in position 84-85: character maps to <undefined>
2025-10-27 19:24:51,539 - __main__ - INFO - Generating hourly report...
2025-10-27 19:24:52,562 - __main__ - ERROR - Error in report generation loop: 'charmap' codec can't encode characters in position 84-85: character maps to <undefined>
Traceback (most recent call last):
  File "C:\Users\micro\Celsius AI\src\monitoring\celsius_hourly_reporter.py", line 314, in run
    print(report)
  File "C:\Program Files\WindowsApps\PythonSoftwareFoundation.Python.3.11_3.11.2544.0_x64__qbz5n2kfra8p0\Lib\encodings\cp1252.py", line 19, in encode
    return codecs.charmap_encode(input,self.errors,encoding_table)[0]
           ^^^^^^^^^^^^^^^^^^^^^^^^^^^^^^^^^^^^^^^^^^^^^^^^^^^^^^^
UnicodeEncodeError: 'charmap' codec can't encode characters in position 84-85: character maps to <undefined>
2025-10-27 19:25:52,564 - __main__ - INFO - Generating hourly report...
2025-10-27 19:25:53,586 - __main__ - ERROR - Error in report generation loop: 'charmap' codec can't encode characters in position 84-85: character maps to <undefined>
Traceback (most recent call last):
  File "C:\Users\micro\Celsius AI\src\monitoring\celsius_hourly_reporter.py", line 314, in run
    print(report)
  File "C:\Program Files\WindowsApps\PythonSoftwareFoundation.Python.3.11_3.11.2544.0_x64__qbz5n2kfra8p0\Lib\encodings\cp1252.py", line 19, in encode
    return codecs.charmap_encode(input,self.errors,encoding_table)[0]
           ^^^^^^^^^^^^^^^^^^^^^^^^^^^^^^^^^^^^^^^^^^^^^^^^^^^^^^^
UnicodeEncodeError: 'charmap' codec can't encode characters in position 84-85: character maps to <undefined>
2025-10-27 19:26:53,591 - __main__ - INFO - Generating hourly report...
2025-10-27 19:26:54,615 - __main__ - ERROR - Error in report generation loop: 'charmap' codec can't encode characters in position 84-85: character maps to <undefined>
Traceback (most recent call last):
  File "C:\Users\micro\Celsius AI\src\monitoring\celsius_hourly_reporter.py", line 314, in run
    print(report)
  File "C:\Program Files\WindowsApps\PythonSoftwareFoundation.Python.3.11_3.11.2544.0_x64__qbz5n2kfra8p0\Lib\encodings\cp1252.py", line 19, in encode
    return codecs.charmap_encode(input,self.errors,encoding_table)[0]
           ^^^^^^^^^^^^^^^^^^^^^^^^^^^^^^^^^^^^^^^^^^^^^^^^^^^^^^^
UnicodeEncodeError: 'charmap' codec can't encode characters in position 84-85: character maps to <undefined>
2025-10-27 19:27:54,616 - __main__ - INFO - Generating hourly report...
2025-10-27 19:27:55,642 - __main__ - ERROR - Error in report generation loop: 'charmap' codec can't encode characters in position 84-85: character maps to <undefined>
Traceback (most recent call last):
  File "C:\Users\micro\Celsius AI\src\monitoring\celsius_hourly_reporter.py", line 314, in run
    print(report)
  File "C:\Program Files\WindowsApps\PythonSoftwareFoundation.Python.3.11_3.11.2544.0_x64__qbz5n2kfra8p0\Lib\encodings\cp1252.py", line 19, in encode
    return codecs.charmap_encode(input,self.errors,encoding_table)[0]
           ^^^^^^^^^^^^^^^^^^^^^^^^^^^^^^^^^^^^^^^^^^^^^^^^^^^^^^^
UnicodeEncodeError: 'charmap' codec can't encode characters in position 84-85: character maps to <undefined>
2025-10-27 19:28:55,656 - __main__ - INFO - Generating hourly report...
2025-10-27 19:28:56,676 - __main__ - ERROR - Error in report generation loop: 'charmap' codec can't encode characters in position 84-85: character maps to <undefined>
Traceback (most recent call last):
  File "C:\Users\micro\Celsius AI\src\monitoring\celsius_hourly_reporter.py", line 314, in run
    print(report)
  File "C:\Program Files\WindowsApps\PythonSoftwareFoundation.Python.3.11_3.11.2544.0_x64__qbz5n2kfra8p0\Lib\encodings\cp1252.py", line 19, in encode
    return codecs.charmap_encode(input,self.errors,encoding_table)[0]
           ^^^^^^^^^^^^^^^^^^^^^^^^^^^^^^^^^^^^^^^^^^^^^^^^^^^^^^^
UnicodeEncodeError: 'charmap' codec can't encode characters in position 84-85: character maps to <undefined>
2025-10-27 19:29:56,688 - __main__ - INFO - Generating hourly report...
2025-10-27 19:29:57,708 - __main__ - ERROR - Error in report generation loop: 'charmap' codec can't encode characters in position 84-85: character maps to <undefined>
Traceback (most recent call last):
  File "C:\Users\micro\Celsius AI\src\monitoring\celsius_hourly_reporter.py", line 314, in run
    print(report)
  File "C:\Program Files\WindowsApps\PythonSoftwareFoundation.Python.3.11_3.11.2544.0_x64__qbz5n2kfra8p0\Lib\encodings\cp1252.py", line 19, in encode
    return codecs.charmap_encode(input,self.errors,encoding_table)[0]
           ^^^^^^^^^^^^^^^^^^^^^^^^^^^^^^^^^^^^^^^^^^^^^^^^^^^^^^^
UnicodeEncodeError: 'charmap' codec can't encode characters in position 84-85: character maps to <undefined>
2025-10-27 19:30:57,713 - __main__ - INFO - Generating hourly report...
2025-10-27 19:30:58,737 - __main__ - ERROR - Error in report generation loop: 'charmap' codec can't encode characters in position 84-85: character maps to <undefined>
Traceback (most recent call last):
  File "C:\Users\micro\Celsius AI\src\monitoring\celsius_hourly_reporter.py", line 314, in run
    print(report)
  File "C:\Program Files\WindowsApps\PythonSoftwareFoundation.Python.3.11_3.11.2544.0_x64__qbz5n2kfra8p0\Lib\encodings\cp1252.py", line 19, in encode
    return codecs.charmap_encode(input,self.errors,encoding_table)[0]
           ^^^^^^^^^^^^^^^^^^^^^^^^^^^^^^^^^^^^^^^^^^^^^^^^^^^^^^^
UnicodeEncodeError: 'charmap' codec can't encode characters in position 84-85: character maps to <undefined>
2025-10-27 19:31:58,752 - __main__ - INFO - Generating hourly report...
2025-10-27 19:31:59,775 - __main__ - ERROR - Error in report generation loop: 'charmap' codec can't encode characters in position 84-85: character maps to <undefined>
Traceback (most recent call last):
  File "C:\Users\micro\Celsius AI\src\monitoring\celsius_hourly_reporter.py", line 314, in run
    print(report)
  File "C:\Program Files\WindowsApps\PythonSoftwareFoundation.Python.3.11_3.11.2544.0_x64__qbz5n2kfra8p0\Lib\encodings\cp1252.py", line 19, in encode
    return codecs.charmap_encode(input,self.errors,encoding_table)[0]
           ^^^^^^^^^^^^^^^^^^^^^^^^^^^^^^^^^^^^^^^^^^^^^^^^^^^^^^^
UnicodeEncodeError: 'charmap' codec can't encode characters in position 84-85: character maps to <undefined>
2025-10-27 19:32:59,784 - __main__ - INFO - Generating hourly report...
2025-10-27 19:33:00,805 - __main__ - ERROR - Error in report generation loop: 'charmap' codec can't encode characters in position 84-85: character maps to <undefined>
Traceback (most recent call last):
  File "C:\Users\micro\Celsius AI\src\monitoring\celsius_hourly_reporter.py", line 314, in run
    print(report)
  File "C:\Program Files\WindowsApps\PythonSoftwareFoundation.Python.3.11_3.11.2544.0_x64__qbz5n2kfra8p0\Lib\encodings\cp1252.py", line 19, in encode
    return codecs.charmap_encode(input,self.errors,encoding_table)[0]
           ^^^^^^^^^^^^^^^^^^^^^^^^^^^^^^^^^^^^^^^^^^^^^^^^^^^^^^^
UnicodeEncodeError: 'charmap' codec can't encode characters in position 84-85: character maps to <undefined>
2025-10-27 19:34:00,811 - __main__ - INFO - Generating hourly report...
2025-10-27 19:34:01,835 - __main__ - ERROR - Error in report generation loop: 'charmap' codec can't encode characters in position 84-85: character maps to <undefined>
Traceback (most recent call last):
  File "C:\Users\micro\Celsius AI\src\monitoring\celsius_hourly_reporter.py", line 314, in run
    print(report)
  File "C:\Program Files\WindowsApps\PythonSoftwareFoundation.Python.3.11_3.11.2544.0_x64__qbz5n2kfra8p0\Lib\encodings\cp1252.py", line 19, in encode
    return codecs.charmap_encode(input,self.errors,encoding_table)[0]
           ^^^^^^^^^^^^^^^^^^^^^^^^^^^^^^^^^^^^^^^^^^^^^^^^^^^^^^^
UnicodeEncodeError: 'charmap' codec can't encode characters in position 84-85: character maps to <undefined>
2025-10-27 19:35:01,838 - __main__ - INFO - Generating hourly report...
2025-10-27 19:35:02,898 - __main__ - ERROR - Error in report generation loop: 'charmap' codec can't encode characters in position 84-85: character maps to <undefined>
Traceback (most recent call last):
  File "C:\Users\micro\Celsius AI\src\monitoring\celsius_hourly_reporter.py", line 314, in run
    print(report)
  File "C:\Program Files\WindowsApps\PythonSoftwareFoundation.Python.3.11_3.11.2544.0_x64__qbz5n2kfra8p0\Lib\encodings\cp1252.py", line 19, in encode
    return codecs.charmap_encode(input,self.errors,encoding_table)[0]
           ^^^^^^^^^^^^^^^^^^^^^^^^^^^^^^^^^^^^^^^^^^^^^^^^^^^^^^^
UnicodeEncodeError: 'charmap' codec can't encode characters in position 84-85: character maps to <undefined>
2025-10-27 19:36:02,899 - __main__ - INFO - Generating hourly report...
2025-10-27 19:36:03,924 - __main__ - ERROR - Error in report generation loop: 'charmap' codec can't encode characters in position 84-85: character maps to <undefined>
Traceback (most recent call last):
  File "C:\Users\micro\Celsius AI\src\monitoring\celsius_hourly_reporter.py", line 314, in run
    print(report)
  File "C:\Program Files\WindowsApps\PythonSoftwareFoundation.Python.3.11_3.11.2544.0_x64__qbz5n2kfra8p0\Lib\encodings\cp1252.py", line 19, in encode
    return codecs.charmap_encode(input,self.errors,encoding_table)[0]
           ^^^^^^^^^^^^^^^^^^^^^^^^^^^^^^^^^^^^^^^^^^^^^^^^^^^^^^^
UnicodeEncodeError: 'charmap' codec can't encode characters in position 84-85: character maps to <undefined>
2025-10-27 19:37:03,937 - __main__ - INFO - Generating hourly report...
2025-10-27 19:37:04,966 - __main__ - ERROR - Error in report generation loop: 'charmap' codec can't encode characters in position 84-85: character maps to <undefined>
Traceback (most recent call last):
  File "C:\Users\micro\Celsius AI\src\monitoring\celsius_hourly_reporter.py", line 314, in run
    print(report)
  File "C:\Program Files\WindowsApps\PythonSoftwareFoundation.Python.3.11_3.11.2544.0_x64__qbz5n2kfra8p0\Lib\encodings\cp1252.py", line 19, in encode
    return codecs.charmap_encode(input,self.errors,encoding_table)[0]
           ^^^^^^^^^^^^^^^^^^^^^^^^^^^^^^^^^^^^^^^^^^^^^^^^^^^^^^^
UnicodeEncodeError: 'charmap' codec can't encode characters in position 84-85: character maps to <undefined>
2025-10-27 19:38:04,978 - __main__ - INFO - Generating hourly report...
2025-10-27 19:38:06,002 - __main__ - ERROR - Error in report generation loop: 'charmap' codec can't encode characters in position 84-85: character maps to <undefined>
Traceback (most recent call last):
  File "C:\Users\micro\Celsius AI\src\monitoring\celsius_hourly_reporter.py", line 314, in run
    print(report)
  File "C:\Program Files\WindowsApps\PythonSoftwareFoundation.Python.3.11_3.11.2544.0_x64__qbz5n2kfra8p0\Lib\encodings\cp1252.py", line 19, in encode
    return codecs.charmap_encode(input,self.errors,encoding_table)[0]
           ^^^^^^^^^^^^^^^^^^^^^^^^^^^^^^^^^^^^^^^^^^^^^^^^^^^^^^^
UnicodeEncodeError: 'charmap' codec can't encode characters in position 84-85: character maps to <undefined>
2025-10-27 19:39:06,015 - __main__ - INFO - Generating hourly report...
2025-10-27 19:39:07,036 - __main__ - ERROR - Error in report generation loop: 'charmap' codec can't encode characters in position 84-85: character maps to <undefined>
Traceback (most recent call last):
  File "C:\Users\micro\Celsius AI\src\monitoring\celsius_hourly_reporter.py", line 314, in run
    print(report)
  File "C:\Program Files\WindowsApps\PythonSoftwareFoundation.Python.3.11_3.11.2544.0_x64__qbz5n2kfra8p0\Lib\encodings\cp1252.py", line 19, in encode
    return codecs.charmap_encode(input,self.errors,encoding_table)[0]
           ^^^^^^^^^^^^^^^^^^^^^^^^^^^^^^^^^^^^^^^^^^^^^^^^^^^^^^^
UnicodeEncodeError: 'charmap' codec can't encode characters in position 84-85: character maps to <undefined>
2025-10-27 19:40:07,041 - __main__ - INFO - Generating hourly report...
2025-10-27 19:40:08,065 - __main__ - ERROR - Error in report generation loop: 'charmap' codec can't encode characters in position 84-85: character maps to <undefined>
Traceback (most recent call last):
  File "C:\Users\micro\Celsius AI\src\monitoring\celsius_hourly_reporter.py", line 314, in run
    print(report)
  File "C:\Program Files\WindowsApps\PythonSoftwareFoundation.Python.3.11_3.11.2544.0_x64__qbz5n2kfra8p0\Lib\encodings\cp1252.py", line 19, in encode
    return codecs.charmap_encode(input,self.errors,encoding_table)[0]
           ^^^^^^^^^^^^^^^^^^^^^^^^^^^^^^^^^^^^^^^^^^^^^^^^^^^^^^^
UnicodeEncodeError: 'charmap' codec can't encode characters in position 84-85: character maps to <undefined>
2025-10-27 19:41:08,080 - __main__ - INFO - Generating hourly report...
2025-10-27 19:41:09,105 - __main__ - ERROR - Error in report generation loop: 'charmap' codec can't encode characters in position 84-85: character maps to <undefined>
Traceback (most recent call last):
  File "C:\Users\micro\Celsius AI\src\monitoring\celsius_hourly_reporter.py", line 314, in run
    print(report)
  File "C:\Program Files\WindowsApps\PythonSoftwareFoundation.Python.3.11_3.11.2544.0_x64__qbz5n2kfra8p0\Lib\encodings\cp1252.py", line 19, in encode
    return codecs.charmap_encode(input,self.errors,encoding_table)[0]
           ^^^^^^^^^^^^^^^^^^^^^^^^^^^^^^^^^^^^^^^^^^^^^^^^^^^^^^^
UnicodeEncodeError: 'charmap' codec can't encode characters in position 84-85: character maps to <undefined>
2025-10-27 19:42:09,120 - __main__ - INFO - Generating hourly report...
2025-10-27 19:42:10,147 - __main__ - ERROR - Error in report generation loop: 'charmap' codec can't encode characters in position 84-85: character maps to <undefined>
Traceback (most recent call last):
  File "C:\Users\micro\Celsius AI\src\monitoring\celsius_hourly_reporter.py", line 314, in run
    print(report)
  File "C:\Program Files\WindowsApps\PythonSoftwareFoundation.Python.3.11_3.11.2544.0_x64__qbz5n2kfra8p0\Lib\encodings\cp1252.py", line 19, in encode
    return codecs.charmap_encode(input,self.errors,encoding_table)[0]
           ^^^^^^^^^^^^^^^^^^^^^^^^^^^^^^^^^^^^^^^^^^^^^^^^^^^^^^^
UnicodeEncodeError: 'charmap' codec can't encode characters in position 84-85: character maps to <undefined>
2025-10-27 19:43:10,160 - __main__ - INFO - Generating hourly report...
2025-10-27 19:43:11,185 - __main__ - ERROR - Error in report generation loop: 'charmap' codec can't encode characters in position 84-85: character maps to <undefined>
Traceback (most recent call last):
  File "C:\Users\micro\Celsius AI\src\monitoring\celsius_hourly_reporter.py", line 314, in run
    print(report)
  File "C:\Program Files\WindowsApps\PythonSoftwareFoundation.Python.3.11_3.11.2544.0_x64__qbz5n2kfra8p0\Lib\encodings\cp1252.py", line 19, in encode
    return codecs.charmap_encode(input,self.errors,encoding_table)[0]
           ^^^^^^^^^^^^^^^^^^^^^^^^^^^^^^^^^^^^^^^^^^^^^^^^^^^^^^^
UnicodeEncodeError: 'charmap' codec can't encode characters in position 84-85: character maps to <undefined>
2025-10-27 19:44:11,188 - __main__ - INFO - Generating hourly report...
2025-10-27 19:44:12,212 - __main__ - ERROR - Error in report generation loop: 'charmap' codec can't encode characters in position 84-85: character maps to <undefined>
Traceback (most recent call last):
  File "C:\Users\micro\Celsius AI\src\monitoring\celsius_hourly_reporter.py", line 314, in run
    print(report)
  File "C:\Program Files\WindowsApps\PythonSoftwareFoundation.Python.3.11_3.11.2544.0_x64__qbz5n2kfra8p0\Lib\encodings\cp1252.py", line 19, in encode
    return codecs.charmap_encode(input,self.errors,encoding_table)[0]
           ^^^^^^^^^^^^^^^^^^^^^^^^^^^^^^^^^^^^^^^^^^^^^^^^^^^^^^^
UnicodeEncodeError: 'charmap' codec can't encode characters in position 84-85: character maps to <undefined>
2025-10-27 19:45:12,214 - __main__ - INFO - Generating hourly report...
2025-10-27 19:45:13,278 - __main__ - ERROR - Error in report generation loop: 'charmap' codec can't encode characters in position 84-85: character maps to <undefined>
Traceback (most recent call last):
  File "C:\Users\micro\Celsius AI\src\monitoring\celsius_hourly_reporter.py", line 314, in run
    print(report)
  File "C:\Program Files\WindowsApps\PythonSoftwareFoundation.Python.3.11_3.11.2544.0_x64__qbz5n2kfra8p0\Lib\encodings\cp1252.py", line 19, in encode
    return codecs.charmap_encode(input,self.errors,encoding_table)[0]
           ^^^^^^^^^^^^^^^^^^^^^^^^^^^^^^^^^^^^^^^^^^^^^^^^^^^^^^^
UnicodeEncodeError: 'charmap' codec can't encode characters in position 84-85: character maps to <undefined>
2025-10-27 19:46:13,284 - __main__ - INFO - Generating hourly report...
2025-10-27 19:46:14,307 - __main__ - ERROR - Error in report generation loop: 'charmap' codec can't encode characters in position 84-85: character maps to <undefined>
Traceback (most recent call last):
  File "C:\Users\micro\Celsius AI\src\monitoring\celsius_hourly_reporter.py", line 314, in run
    print(report)
  File "C:\Program Files\WindowsApps\PythonSoftwareFoundation.Python.3.11_3.11.2544.0_x64__qbz5n2kfra8p0\Lib\encodings\cp1252.py", line 19, in encode
    return codecs.charmap_encode(input,self.errors,encoding_table)[0]
           ^^^^^^^^^^^^^^^^^^^^^^^^^^^^^^^^^^^^^^^^^^^^^^^^^^^^^^^
UnicodeEncodeError: 'charmap' codec can't encode characters in position 84-85: character maps to <undefined>
2025-10-27 19:47:14,309 - __main__ - INFO - Generating hourly report...
2025-10-27 19:47:15,333 - __main__ - ERROR - Error in report generation loop: 'charmap' codec can't encode characters in position 84-85: character maps to <undefined>
Traceback (most recent call last):
  File "C:\Users\micro\Celsius AI\src\monitoring\celsius_hourly_reporter.py", line 314, in run
    print(report)
  File "C:\Program Files\WindowsApps\PythonSoftwareFoundation.Python.3.11_3.11.2544.0_x64__qbz5n2kfra8p0\Lib\encodings\cp1252.py", line 19, in encode
    return codecs.charmap_encode(input,self.errors,encoding_table)[0]
           ^^^^^^^^^^^^^^^^^^^^^^^^^^^^^^^^^^^^^^^^^^^^^^^^^^^^^^^
UnicodeEncodeError: 'charmap' codec can't encode characters in position 84-85: character maps to <undefined>
2025-10-27 19:48:15,337 - __main__ - INFO - Generating hourly report...
2025-10-27 19:48:16,358 - __main__ - ERROR - Error in report generation loop: 'charmap' codec can't encode characters in position 84-85: character maps to <undefined>
Traceback (most recent call last):
  File "C:\Users\micro\Celsius AI\src\monitoring\celsius_hourly_reporter.py", line 314, in run
    print(report)
  File "C:\Program Files\WindowsApps\PythonSoftwareFoundation.Python.3.11_3.11.2544.0_x64__qbz5n2kfra8p0\Lib\encodings\cp1252.py", line 19, in encode
    return codecs.charmap_encode(input,self.errors,encoding_table)[0]
           ^^^^^^^^^^^^^^^^^^^^^^^^^^^^^^^^^^^^^^^^^^^^^^^^^^^^^^^
UnicodeEncodeError: 'charmap' codec can't encode characters in position 84-85: character maps to <undefined>
2025-10-27 19:49:16,366 - __main__ - INFO - Generating hourly report...
2025-10-27 19:49:17,422 - __main__ - ERROR - Error in report generation loop: 'charmap' codec can't encode characters in position 84-85: character maps to <undefined>
Traceback (most recent call last):
  File "C:\Users\micro\Celsius AI\src\monitoring\celsius_hourly_reporter.py", line 314, in run
    print(report)
  File "C:\Program Files\WindowsApps\PythonSoftwareFoundation.Python.3.11_3.11.2544.0_x64__qbz5n2kfra8p0\Lib\encodings\cp1252.py", line 19, in encode
    return codecs.charmap_encode(input,self.errors,encoding_table)[0]
           ^^^^^^^^^^^^^^^^^^^^^^^^^^^^^^^^^^^^^^^^^^^^^^^^^^^^^^^
UnicodeEncodeError: 'charmap' codec can't encode characters in position 84-85: character maps to <undefined>
2025-10-27 19:50:17,426 - __main__ - INFO - Generating hourly report...
2025-10-27 19:50:18,450 - __main__ - ERROR - Error in report generation loop: 'charmap' codec can't encode characters in position 84-85: character maps to <undefined>
Traceback (most recent call last):
  File "C:\Users\micro\Celsius AI\src\monitoring\celsius_hourly_reporter.py", line 314, in run
    print(report)
  File "C:\Program Files\WindowsApps\PythonSoftwareFoundation.Python.3.11_3.11.2544.0_x64__qbz5n2kfra8p0\Lib\encodings\cp1252.py", line 19, in encode
    return codecs.charmap_encode(input,self.errors,encoding_table)[0]
           ^^^^^^^^^^^^^^^^^^^^^^^^^^^^^^^^^^^^^^^^^^^^^^^^^^^^^^^
UnicodeEncodeError: 'charmap' codec can't encode characters in position 84-85: character maps to <undefined>
2025-10-27 19:51:18,452 - __main__ - INFO - Generating hourly report...
2025-10-27 19:51:19,477 - __main__ - ERROR - Error in report generation loop: 'charmap' codec can't encode characters in position 84-85: character maps to <undefined>
Traceback (most recent call last):
  File "C:\Users\micro\Celsius AI\src\monitoring\celsius_hourly_reporter.py", line 314, in run
    print(report)
  File "C:\Program Files\WindowsApps\PythonSoftwareFoundation.Python.3.11_3.11.2544.0_x64__qbz5n2kfra8p0\Lib\encodings\cp1252.py", line 19, in encode
    return codecs.charmap_encode(input,self.errors,encoding_table)[0]
           ^^^^^^^^^^^^^^^^^^^^^^^^^^^^^^^^^^^^^^^^^^^^^^^^^^^^^^^
UnicodeEncodeError: 'charmap' codec can't encode characters in position 84-85: character maps to <undefined>
2025-10-27 19:52:19,490 - __main__ - INFO - Generating hourly report...
2025-10-27 19:52:20,518 - __main__ - ERROR - Error in report generation loop: 'charmap' codec can't encode characters in position 84-85: character maps to <undefined>
Traceback (most recent call last):
  File "C:\Users\micro\Celsius AI\src\monitoring\celsius_hourly_reporter.py", line 314, in run
    print(report)
  File "C:\Program Files\WindowsApps\PythonSoftwareFoundation.Python.3.11_3.11.2544.0_x64__qbz5n2kfra8p0\Lib\encodings\cp1252.py", line 19, in encode
    return codecs.charmap_encode(input,self.errors,encoding_table)[0]
           ^^^^^^^^^^^^^^^^^^^^^^^^^^^^^^^^^^^^^^^^^^^^^^^^^^^^^^^
UnicodeEncodeError: 'charmap' codec can't encode characters in position 84-85: character maps to <undefined>
2025-10-27 19:53:20,533 - __main__ - INFO - Generating hourly report...
2025-10-27 19:53:21,559 - __main__ - ERROR - Error in report generation loop: 'charmap' codec can't encode characters in position 84-85: character maps to <undefined>
Traceback (most recent call last):
  File "C:\Users\micro\Celsius AI\src\monitoring\celsius_hourly_reporter.py", line 314, in run
    print(report)
  File "C:\Program Files\WindowsApps\PythonSoftwareFoundation.Python.3.11_3.11.2544.0_x64__qbz5n2kfra8p0\Lib\encodings\cp1252.py", line 19, in encode
    return codecs.charmap_encode(input,self.errors,encoding_table)[0]
           ^^^^^^^^^^^^^^^^^^^^^^^^^^^^^^^^^^^^^^^^^^^^^^^^^^^^^^^
UnicodeEncodeError: 'charmap' codec can't encode characters in position 84-85: character maps to <undefined>
2025-10-27 19:54:21,573 - __main__ - INFO - Generating hourly report...
2025-10-27 19:54:22,597 - __main__ - ERROR - Error in report generation loop: 'charmap' codec can't encode characters in position 84-85: character maps to <undefined>
Traceback (most recent call last):
  File "C:\Users\micro\Celsius AI\src\monitoring\celsius_hourly_reporter.py", line 314, in run
    print(report)
  File "C:\Program Files\WindowsApps\PythonSoftwareFoundation.Python.3.11_3.11.2544.0_x64__qbz5n2kfra8p0\Lib\encodings\cp1252.py", line 19, in encode
    return codecs.charmap_encode(input,self.errors,encoding_table)[0]
           ^^^^^^^^^^^^^^^^^^^^^^^^^^^^^^^^^^^^^^^^^^^^^^^^^^^^^^^
UnicodeEncodeError: 'charmap' codec can't encode characters in position 84-85: character maps to <undefined>
2025-10-27 19:55:22,599 - __main__ - INFO - Generating hourly report...
2025-10-27 19:55:23,623 - __main__ - ERROR - Error in report generation loop: 'charmap' codec can't encode characters in position 84-85: character maps to <undefined>
Traceback (most recent call last):
  File "C:\Users\micro\Celsius AI\src\monitoring\celsius_hourly_reporter.py", line 314, in run
    print(report)
  File "C:\Program Files\WindowsApps\PythonSoftwareFoundation.Python.3.11_3.11.2544.0_x64__qbz5n2kfra8p0\Lib\encodings\cp1252.py", line 19, in encode
    return codecs.charmap_encode(input,self.errors,encoding_table)[0]
           ^^^^^^^^^^^^^^^^^^^^^^^^^^^^^^^^^^^^^^^^^^^^^^^^^^^^^^^
UnicodeEncodeError: 'charmap' codec can't encode characters in position 84-85: character maps to <undefined>
2025-10-27 19:56:23,639 - __main__ - INFO - Generating hourly report...
2025-10-27 19:56:24,662 - __main__ - ERROR - Error in report generation loop: 'charmap' codec can't encode characters in position 84-85: character maps to <undefined>
Traceback (most recent call last):
  File "C:\Users\micro\Celsius AI\src\monitoring\celsius_hourly_reporter.py", line 314, in run
    print(report)
  File "C:\Program Files\WindowsApps\PythonSoftwareFoundation.Python.3.11_3.11.2544.0_x64__qbz5n2kfra8p0\Lib\encodings\cp1252.py", line 19, in encode
    return codecs.charmap_encode(input,self.errors,encoding_table)[0]
           ^^^^^^^^^^^^^^^^^^^^^^^^^^^^^^^^^^^^^^^^^^^^^^^^^^^^^^^
UnicodeEncodeError: 'charmap' codec can't encode characters in position 84-85: character maps to <undefined>
2025-10-27 19:57:24,677 - __main__ - INFO - Generating hourly report...
2025-10-27 19:57:25,701 - __main__ - ERROR - Error in report generation loop: 'charmap' codec can't encode characters in position 84-85: character maps to <undefined>
Traceback (most recent call last):
  File "C:\Users\micro\Celsius AI\src\monitoring\celsius_hourly_reporter.py", line 314, in run
    print(report)
  File "C:\Program Files\WindowsApps\PythonSoftwareFoundation.Python.3.11_3.11.2544.0_x64__qbz5n2kfra8p0\Lib\encodings\cp1252.py", line 19, in encode
    return codecs.charmap_encode(input,self.errors,encoding_table)[0]
           ^^^^^^^^^^^^^^^^^^^^^^^^^^^^^^^^^^^^^^^^^^^^^^^^^^^^^^^
UnicodeEncodeError: 'charmap' codec can't encode characters in position 84-85: character maps to <undefined>
2025-10-27 19:58:25,717 - __main__ - INFO - Generating hourly report...
2025-10-27 19:58:26,738 - __main__ - ERROR - Error in report generation loop: 'charmap' codec can't encode characters in position 84-85: character maps to <undefined>
Traceback (most recent call last):
  File "C:\Users\micro\Celsius AI\src\monitoring\celsius_hourly_reporter.py", line 314, in run
    print(report)
  File "C:\Program Files\WindowsApps\PythonSoftwareFoundation.Python.3.11_3.11.2544.0_x64__qbz5n2kfra8p0\Lib\encodings\cp1252.py", line 19, in encode
    return codecs.charmap_encode(input,self.errors,encoding_table)[0]
           ^^^^^^^^^^^^^^^^^^^^^^^^^^^^^^^^^^^^^^^^^^^^^^^^^^^^^^^
UnicodeEncodeError: 'charmap' codec can't encode characters in position 84-85: character maps to <undefined>
2025-10-27 19:59:26,753 - __main__ - INFO - Generating hourly report...
2025-10-27 19:59:27,776 - __main__ - ERROR - Error in report generation loop: 'charmap' codec can't encode characters in position 84-85: character maps to <undefined>
Traceback (most recent call last):
  File "C:\Users\micro\Celsius AI\src\monitoring\celsius_hourly_reporter.py", line 314, in run
    print(report)
  File "C:\Program Files\WindowsApps\PythonSoftwareFoundation.Python.3.11_3.11.2544.0_x64__qbz5n2kfra8p0\Lib\encodings\cp1252.py", line 19, in encode
    return codecs.charmap_encode(input,self.errors,encoding_table)[0]
           ^^^^^^^^^^^^^^^^^^^^^^^^^^^^^^^^^^^^^^^^^^^^^^^^^^^^^^^
UnicodeEncodeError: 'charmap' codec can't encode characters in position 84-85: character maps to <undefined>
2025-10-27 20:00:27,790 - __main__ - INFO - Generating hourly report...
2025-10-27 20:00:28,814 - __main__ - ERROR - Error in report generation loop: 'charmap' codec can't encode characters in position 84-85: character maps to <undefined>
Traceback (most recent call last):
  File "C:\Users\micro\Celsius AI\src\monitoring\celsius_hourly_reporter.py", line 314, in run
    print(report)
  File "C:\Program Files\WindowsApps\PythonSoftwareFoundation.Python.3.11_3.11.2544.0_x64__qbz5n2kfra8p0\Lib\encodings\cp1252.py", line 19, in encode
    return codecs.charmap_encode(input,self.errors,encoding_table)[0]
           ^^^^^^^^^^^^^^^^^^^^^^^^^^^^^^^^^^^^^^^^^^^^^^^^^^^^^^^
UnicodeEncodeError: 'charmap' codec can't encode characters in position 84-85: character maps to <undefined>
2025-10-27 20:01:28,817 - __main__ - INFO - Generating hourly report...
2025-10-27 20:01:29,841 - __main__ - ERROR - Error in report generation loop: 'charmap' codec can't encode characters in position 84-85: character maps to <undefined>
Traceback (most recent call last):
  File "C:\Users\micro\Celsius AI\src\monitoring\celsius_hourly_reporter.py", line 314, in run
    print(report)
  File "C:\Program Files\WindowsApps\PythonSoftwareFoundation.Python.3.11_3.11.2544.0_x64__qbz5n2kfra8p0\Lib\encodings\cp1252.py", line 19, in encode
    return codecs.charmap_encode(input,self.errors,encoding_table)[0]
           ^^^^^^^^^^^^^^^^^^^^^^^^^^^^^^^^^^^^^^^^^^^^^^^^^^^^^^^
UnicodeEncodeError: 'charmap' codec can't encode characters in position 84-85: character maps to <undefined>
2025-10-27 20:02:29,852 - __main__ - INFO - Generating hourly report...
2025-10-27 20:02:30,877 - __main__ - ERROR - Error in report generation loop: 'charmap' codec can't encode characters in position 84-85: character maps to <undefined>
Traceback (most recent call last):
  File "C:\Users\micro\Celsius AI\src\monitoring\celsius_hourly_reporter.py", line 314, in run
    print(report)
  File "C:\Program Files\WindowsApps\PythonSoftwareFoundation.Python.3.11_3.11.2544.0_x64__qbz5n2kfra8p0\Lib\encodings\cp1252.py", line 19, in encode
    return codecs.charmap_encode(input,self.errors,encoding_table)[0]
           ^^^^^^^^^^^^^^^^^^^^^^^^^^^^^^^^^^^^^^^^^^^^^^^^^^^^^^^
UnicodeEncodeError: 'charmap' codec can't encode characters in position 84-85: character maps to <undefined>
2025-10-27 20:03:30,877 - __main__ - INFO - Generating hourly report...
2025-10-27 20:03:31,901 - __main__ - ERROR - Error in report generation loop: 'charmap' codec can't encode characters in position 84-85: character maps to <undefined>
Traceback (most recent call last):
  File "C:\Users\micro\Celsius AI\src\monitoring\celsius_hourly_reporter.py", line 314, in run
    print(report)
  File "C:\Program Files\WindowsApps\PythonSoftwareFoundation.Python.3.11_3.11.2544.0_x64__qbz5n2kfra8p0\Lib\encodings\cp1252.py", line 19, in encode
    return codecs.charmap_encode(input,self.errors,encoding_table)[0]
           ^^^^^^^^^^^^^^^^^^^^^^^^^^^^^^^^^^^^^^^^^^^^^^^^^^^^^^^
UnicodeEncodeError: 'charmap' codec can't encode characters in position 84-85: character maps to <undefined>
2025-10-27 20:04:31,906 - __main__ - INFO - Generating hourly report...
2025-10-27 20:04:32,925 - __main__ - ERROR - Error in report generation loop: 'charmap' codec can't encode characters in position 84-85: character maps to <undefined>
Traceback (most recent call last):
  File "C:\Users\micro\Celsius AI\src\monitoring\celsius_hourly_reporter.py", line 314, in run
    print(report)
  File "C:\Program Files\WindowsApps\PythonSoftwareFoundation.Python.3.11_3.11.2544.0_x64__qbz5n2kfra8p0\Lib\encodings\cp1252.py", line 19, in encode
    return codecs.charmap_encode(input,self.errors,encoding_table)[0]
           ^^^^^^^^^^^^^^^^^^^^^^^^^^^^^^^^^^^^^^^^^^^^^^^^^^^^^^^
UnicodeEncodeError: 'charmap' codec can't encode characters in position 84-85: character maps to <undefined>
2025-10-27 20:05:32,930 - __main__ - INFO - Generating hourly report...
2025-10-27 20:05:33,955 - __main__ - ERROR - Error in report generation loop: 'charmap' codec can't encode characters in position 84-85: character maps to <undefined>
Traceback (most recent call last):
  File "C:\Users\micro\Celsius AI\src\monitoring\celsius_hourly_reporter.py", line 314, in run
    print(report)
  File "C:\Program Files\WindowsApps\PythonSoftwareFoundation.Python.3.11_3.11.2544.0_x64__qbz5n2kfra8p0\Lib\encodings\cp1252.py", line 19, in encode
    return codecs.charmap_encode(input,self.errors,encoding_table)[0]
           ^^^^^^^^^^^^^^^^^^^^^^^^^^^^^^^^^^^^^^^^^^^^^^^^^^^^^^^
UnicodeEncodeError: 'charmap' codec can't encode characters in position 84-85: character maps to <undefined>
2025-10-27 20:06:33,959 - __main__ - INFO - Generating hourly report...
2025-10-27 20:06:34,983 - __main__ - ERROR - Error in report generation loop: 'charmap' codec can't encode characters in position 84-85: character maps to <undefined>
Traceback (most recent call last):
  File "C:\Users\micro\Celsius AI\src\monitoring\celsius_hourly_reporter.py", line 314, in run
    print(report)
  File "C:\Program Files\WindowsApps\PythonSoftwareFoundation.Python.3.11_3.11.2544.0_x64__qbz5n2kfra8p0\Lib\encodings\cp1252.py", line 19, in encode
    return codecs.charmap_encode(input,self.errors,encoding_table)[0]
           ^^^^^^^^^^^^^^^^^^^^^^^^^^^^^^^^^^^^^^^^^^^^^^^^^^^^^^^
UnicodeEncodeError: 'charmap' codec can't encode characters in position 84-85: character maps to <undefined>
2025-10-27 20:07:34,985 - __main__ - INFO - Generating hourly report...
2025-10-27 20:07:36,009 - __main__ - ERROR - Error in report generation loop: 'charmap' codec can't encode characters in position 84-85: character maps to <undefined>
Traceback (most recent call last):
  File "C:\Users\micro\Celsius AI\src\monitoring\celsius_hourly_reporter.py", line 314, in run
    print(report)
  File "C:\Program Files\WindowsApps\PythonSoftwareFoundation.Python.3.11_3.11.2544.0_x64__qbz5n2kfra8p0\Lib\encodings\cp1252.py", line 19, in encode
    return codecs.charmap_encode(input,self.errors,encoding_table)[0]
           ^^^^^^^^^^^^^^^^^^^^^^^^^^^^^^^^^^^^^^^^^^^^^^^^^^^^^^^
UnicodeEncodeError: 'charmap' codec can't encode characters in position 84-85: character maps to <undefined>
2025-10-27 20:08:36,013 - __main__ - INFO - Generating hourly report...
2025-10-27 20:08:37,040 - __main__ - ERROR - Error in report generation loop: 'charmap' codec can't encode characters in position 84-85: character maps to <undefined>
Traceback (most recent call last):
  File "C:\Users\micro\Celsius AI\src\monitoring\celsius_hourly_reporter.py", line 314, in run
    print(report)
  File "C:\Program Files\WindowsApps\PythonSoftwareFoundation.Python.3.11_3.11.2544.0_x64__qbz5n2kfra8p0\Lib\encodings\cp1252.py", line 19, in encode
    return codecs.charmap_encode(input,self.errors,encoding_table)[0]
           ^^^^^^^^^^^^^^^^^^^^^^^^^^^^^^^^^^^^^^^^^^^^^^^^^^^^^^^
UnicodeEncodeError: 'charmap' codec can't encode characters in position 84-85: character maps to <undefined>
2025-10-27 20:09:37,050 - __main__ - INFO - Generating hourly report...
2025-10-27 20:09:38,077 - __main__ - ERROR - Error in report generation loop: 'charmap' codec can't encode characters in position 84-85: character maps to <undefined>
Traceback (most recent call last):
  File "C:\Users\micro\Celsius AI\src\monitoring\celsius_hourly_reporter.py", line 314, in run
    print(report)
  File "C:\Program Files\WindowsApps\PythonSoftwareFoundation.Python.3.11_3.11.2544.0_x64__qbz5n2kfra8p0\Lib\encodings\cp1252.py", line 19, in encode
    return codecs.charmap_encode(input,self.errors,encoding_table)[0]
           ^^^^^^^^^^^^^^^^^^^^^^^^^^^^^^^^^^^^^^^^^^^^^^^^^^^^^^^
UnicodeEncodeError: 'charmap' codec can't encode characters in position 84-85: character maps to <undefined>
2025-10-27 20:10:38,088 - __main__ - INFO - Generating hourly report...
2025-10-27 20:10:39,115 - __main__ - ERROR - Error in report generation loop: 'charmap' codec can't encode characters in position 84-85: character maps to <undefined>
Traceback (most recent call last):
  File "C:\Users\micro\Celsius AI\src\monitoring\celsius_hourly_reporter.py", line 314, in run
    print(report)
  File "C:\Program Files\WindowsApps\PythonSoftwareFoundation.Python.3.11_3.11.2544.0_x64__qbz5n2kfra8p0\Lib\encodings\cp1252.py", line 19, in encode
    return codecs.charmap_encode(input,self.errors,encoding_table)[0]
           ^^^^^^^^^^^^^^^^^^^^^^^^^^^^^^^^^^^^^^^^^^^^^^^^^^^^^^^
UnicodeEncodeError: 'charmap' codec can't encode characters in position 84-85: character maps to <undefined>
2025-10-27 20:11:39,116 - __main__ - INFO - Generating hourly report...
2025-10-27 20:11:40,140 - __main__ - ERROR - Error in report generation loop: 'charmap' codec can't encode characters in position 84-85: character maps to <undefined>
Traceback (most recent call last):
  File "C:\Users\micro\Celsius AI\src\monitoring\celsius_hourly_reporter.py", line 314, in run
    print(report)
  File "C:\Program Files\WindowsApps\PythonSoftwareFoundation.Python.3.11_3.11.2544.0_x64__qbz5n2kfra8p0\Lib\encodings\cp1252.py", line 19, in encode
    return codecs.charmap_encode(input,self.errors,encoding_table)[0]
           ^^^^^^^^^^^^^^^^^^^^^^^^^^^^^^^^^^^^^^^^^^^^^^^^^^^^^^^
UnicodeEncodeError: 'charmap' codec can't encode characters in position 84-85: character maps to <undefined>
2025-10-27 20:12:40,145 - __main__ - INFO - Generating hourly report...
2025-10-27 20:12:41,169 - __main__ - ERROR - Error in report generation loop: 'charmap' codec can't encode characters in position 84-85: character maps to <undefined>
Traceback (most recent call last):
  File "C:\Users\micro\Celsius AI\src\monitoring\celsius_hourly_reporter.py", line 314, in run
    print(report)
  File "C:\Program Files\WindowsApps\PythonSoftwareFoundation.Python.3.11_3.11.2544.0_x64__qbz5n2kfra8p0\Lib\encodings\cp1252.py", line 19, in encode
    return codecs.charmap_encode(input,self.errors,encoding_table)[0]
           ^^^^^^^^^^^^^^^^^^^^^^^^^^^^^^^^^^^^^^^^^^^^^^^^^^^^^^^
UnicodeEncodeError: 'charmap' codec can't encode characters in position 84-85: character maps to <undefined>
2025-10-27 20:13:41,176 - __main__ - INFO - Generating hourly report...
2025-10-27 20:13:42,209 - __main__ - ERROR - Error in report generation loop: 'charmap' codec can't encode characters in position 84-85: character maps to <undefined>
Traceback (most recent call last):
  File "C:\Users\micro\Celsius AI\src\monitoring\celsius_hourly_reporter.py", line 314, in run
    print(report)
  File "C:\Program Files\WindowsApps\PythonSoftwareFoundation.Python.3.11_3.11.2544.0_x64__qbz5n2kfra8p0\Lib\encodings\cp1252.py", line 19, in encode
    return codecs.charmap_encode(input,self.errors,encoding_table)[0]
           ^^^^^^^^^^^^^^^^^^^^^^^^^^^^^^^^^^^^^^^^^^^^^^^^^^^^^^^
UnicodeEncodeError: 'charmap' codec can't encode characters in position 84-85: character maps to <undefined>
2025-10-27 20:14:42,219 - __main__ - INFO - Generating hourly report...
2025-10-27 20:14:43,241 - __main__ - ERROR - Error in report generation loop: 'charmap' codec can't encode characters in position 84-85: character maps to <undefined>
Traceback (most recent call last):
  File "C:\Users\micro\Celsius AI\src\monitoring\celsius_hourly_reporter.py", line 314, in run
    print(report)
  File "C:\Program Files\WindowsApps\PythonSoftwareFoundation.Python.3.11_3.11.2544.0_x64__qbz5n2kfra8p0\Lib\encodings\cp1252.py", line 19, in encode
    return codecs.charmap_encode(input,self.errors,encoding_table)[0]
           ^^^^^^^^^^^^^^^^^^^^^^^^^^^^^^^^^^^^^^^^^^^^^^^^^^^^^^^
UnicodeEncodeError: 'charmap' codec can't encode characters in position 84-85: character maps to <undefined>
2025-10-27 20:15:43,249 - __main__ - INFO - Generating hourly report...
2025-10-27 20:15:44,273 - __main__ - ERROR - Error in report generation loop: 'charmap' codec can't encode characters in position 84-85: character maps to <undefined>
Traceback (most recent call last):
  File "C:\Users\micro\Celsius AI\src\monitoring\celsius_hourly_reporter.py", line 314, in run
    print(report)
  File "C:\Program Files\WindowsApps\PythonSoftwareFoundation.Python.3.11_3.11.2544.0_x64__qbz5n2kfra8p0\Lib\encodings\cp1252.py", line 19, in encode
    return codecs.charmap_encode(input,self.errors,encoding_table)[0]
           ^^^^^^^^^^^^^^^^^^^^^^^^^^^^^^^^^^^^^^^^^^^^^^^^^^^^^^^
UnicodeEncodeError: 'charmap' codec can't encode characters in position 84-85: character maps to <undefined>
2025-10-27 20:16:44,275 - __main__ - INFO - Generating hourly report...
2025-10-27 20:16:45,298 - __main__ - ERROR - Error in report generation loop: 'charmap' codec can't encode characters in position 84-85: character maps to <undefined>
Traceback (most recent call last):
  File "C:\Users\micro\Celsius AI\src\monitoring\celsius_hourly_reporter.py", line 314, in run
    print(report)
  File "C:\Program Files\WindowsApps\PythonSoftwareFoundation.Python.3.11_3.11.2544.0_x64__qbz5n2kfra8p0\Lib\encodings\cp1252.py", line 19, in encode
    return codecs.charmap_encode(input,self.errors,encoding_table)[0]
           ^^^^^^^^^^^^^^^^^^^^^^^^^^^^^^^^^^^^^^^^^^^^^^^^^^^^^^^
UnicodeEncodeError: 'charmap' codec can't encode characters in position 84-85: character maps to <undefined>
2025-10-27 20:17:45,307 - __main__ - INFO - Generating hourly report...
2025-10-27 20:17:46,331 - __main__ - ERROR - Error in report generation loop: 'charmap' codec can't encode characters in position 84-85: character maps to <undefined>
Traceback (most recent call last):
  File "C:\Users\micro\Celsius AI\src\monitoring\celsius_hourly_reporter.py", line 314, in run
    print(report)
  File "C:\Program Files\WindowsApps\PythonSoftwareFoundation.Python.3.11_3.11.2544.0_x64__qbz5n2kfra8p0\Lib\encodings\cp1252.py", line 19, in encode
    return codecs.charmap_encode(input,self.errors,encoding_table)[0]
           ^^^^^^^^^^^^^^^^^^^^^^^^^^^^^^^^^^^^^^^^^^^^^^^^^^^^^^^
UnicodeEncodeError: 'charmap' codec can't encode characters in position 84-85: character maps to <undefined>
2025-10-27 20:18:46,344 - __main__ - INFO - Generating hourly report...
2025-10-27 20:18:47,368 - __main__ - ERROR - Error in report generation loop: 'charmap' codec can't encode characters in position 84-85: character maps to <undefined>
Traceback (most recent call last):
  File "C:\Users\micro\Celsius AI\src\monitoring\celsius_hourly_reporter.py", line 314, in run
    print(report)
  File "C:\Program Files\WindowsApps\PythonSoftwareFoundation.Python.3.11_3.11.2544.0_x64__qbz5n2kfra8p0\Lib\encodings\cp1252.py", line 19, in encode
    return codecs.charmap_encode(input,self.errors,encoding_table)[0]
           ^^^^^^^^^^^^^^^^^^^^^^^^^^^^^^^^^^^^^^^^^^^^^^^^^^^^^^^
UnicodeEncodeError: 'charmap' codec can't encode characters in position 84-85: character maps to <undefined>
2025-10-27 20:19:47,381 - __main__ - INFO - Generating hourly report...
2025-10-27 20:19:48,406 - __main__ - ERROR - Error in report generation loop: 'charmap' codec can't encode characters in position 84-85: character maps to <undefined>
Traceback (most recent call last):
  File "C:\Users\micro\Celsius AI\src\monitoring\celsius_hourly_reporter.py", line 314, in run
    print(report)
  File "C:\Program Files\WindowsApps\PythonSoftwareFoundation.Python.3.11_3.11.2544.0_x64__qbz5n2kfra8p0\Lib\encodings\cp1252.py", line 19, in encode
    return codecs.charmap_encode(input,self.errors,encoding_table)[0]
           ^^^^^^^^^^^^^^^^^^^^^^^^^^^^^^^^^^^^^^^^^^^^^^^^^^^^^^^
UnicodeEncodeError: 'charmap' codec can't encode characters in position 84-85: character maps to <undefined>
2025-10-27 20:20:48,412 - __main__ - INFO - Generating hourly report...
2025-10-27 20:20:49,436 - __main__ - ERROR - Error in report generation loop: 'charmap' codec can't encode characters in position 84-85: character maps to <undefined>
Traceback (most recent call last):
  File "C:\Users\micro\Celsius AI\src\monitoring\celsius_hourly_reporter.py", line 314, in run
    print(report)
  File "C:\Program Files\WindowsApps\PythonSoftwareFoundation.Python.3.11_3.11.2544.0_x64__qbz5n2kfra8p0\Lib\encodings\cp1252.py", line 19, in encode
    return codecs.charmap_encode(input,self.errors,encoding_table)[0]
           ^^^^^^^^^^^^^^^^^^^^^^^^^^^^^^^^^^^^^^^^^^^^^^^^^^^^^^^
UnicodeEncodeError: 'charmap' codec can't encode characters in position 84-85: character maps to <undefined>
2025-10-27 20:21:49,439 - __main__ - INFO - Generating hourly report...
2025-10-27 20:21:50,459 - __main__ - ERROR - Error in report generation loop: 'charmap' codec can't encode characters in position 84-85: character maps to <undefined>
Traceback (most recent call last):
  File "C:\Users\micro\Celsius AI\src\monitoring\celsius_hourly_reporter.py", line 314, in run
    print(report)
  File "C:\Program Files\WindowsApps\PythonSoftwareFoundation.Python.3.11_3.11.2544.0_x64__qbz5n2kfra8p0\Lib\encodings\cp1252.py", line 19, in encode
    return codecs.charmap_encode(input,self.errors,encoding_table)[0]
           ^^^^^^^^^^^^^^^^^^^^^^^^^^^^^^^^^^^^^^^^^^^^^^^^^^^^^^^
UnicodeEncodeError: 'charmap' codec can't encode characters in position 84-85: character maps to <undefined>
2025-10-27 20:22:50,463 - __main__ - INFO - Generating hourly report...
2025-10-27 20:22:51,487 - __main__ - ERROR - Error in report generation loop: 'charmap' codec can't encode characters in position 84-85: character maps to <undefined>
Traceback (most recent call last):
  File "C:\Users\micro\Celsius AI\src\monitoring\celsius_hourly_reporter.py", line 314, in run
    print(report)
  File "C:\Program Files\WindowsApps\PythonSoftwareFoundation.Python.3.11_3.11.2544.0_x64__qbz5n2kfra8p0\Lib\encodings\cp1252.py", line 19, in encode
    return codecs.charmap_encode(input,self.errors,encoding_table)[0]
           ^^^^^^^^^^^^^^^^^^^^^^^^^^^^^^^^^^^^^^^^^^^^^^^^^^^^^^^
UnicodeEncodeError: 'charmap' codec can't encode characters in position 84-85: character maps to <undefined>
2025-10-27 20:23:51,493 - __main__ - INFO - Generating hourly report...
2025-10-27 20:23:52,527 - __main__ - ERROR - Error in report generation loop: 'charmap' codec can't encode characters in position 84-85: character maps to <undefined>
Traceback (most recent call last):
  File "C:\Users\micro\Celsius AI\src\monitoring\celsius_hourly_reporter.py", line 314, in run
    print(report)
  File "C:\Program Files\WindowsApps\PythonSoftwareFoundation.Python.3.11_3.11.2544.0_x64__qbz5n2kfra8p0\Lib\encodings\cp1252.py", line 19, in encode
    return codecs.charmap_encode(input,self.errors,encoding_table)[0]
           ^^^^^^^^^^^^^^^^^^^^^^^^^^^^^^^^^^^^^^^^^^^^^^^^^^^^^^^
UnicodeEncodeError: 'charmap' codec can't encode characters in position 84-85: character maps to <undefined>
2025-10-27 20:24:52,534 - __main__ - INFO - Generating hourly report...
2025-10-27 20:24:53,558 - __main__ - ERROR - Error in report generation loop: 'charmap' codec can't encode characters in position 84-85: character maps to <undefined>
Traceback (most recent call last):
  File "C:\Users\micro\Celsius AI\src\monitoring\celsius_hourly_reporter.py", line 314, in run
    print(report)
  File "C:\Program Files\WindowsApps\PythonSoftwareFoundation.Python.3.11_3.11.2544.0_x64__qbz5n2kfra8p0\Lib\encodings\cp1252.py", line 19, in encode
    return codecs.charmap_encode(input,self.errors,encoding_table)[0]
           ^^^^^^^^^^^^^^^^^^^^^^^^^^^^^^^^^^^^^^^^^^^^^^^^^^^^^^^
UnicodeEncodeError: 'charmap' codec can't encode characters in position 84-85: character maps to <undefined>
2025-10-27 20:25:53,561 - __main__ - INFO - Generating hourly report...
2025-10-27 20:25:54,585 - __main__ - ERROR - Error in report generation loop: 'charmap' codec can't encode characters in position 84-85: character maps to <undefined>
Traceback (most recent call last):
  File "C:\Users\micro\Celsius AI\src\monitoring\celsius_hourly_reporter.py", line 314, in run
    print(report)
  File "C:\Program Files\WindowsApps\PythonSoftwareFoundation.Python.3.11_3.11.2544.0_x64__qbz5n2kfra8p0\Lib\encodings\cp1252.py", line 19, in encode
    return codecs.charmap_encode(input,self.errors,encoding_table)[0]
           ^^^^^^^^^^^^^^^^^^^^^^^^^^^^^^^^^^^^^^^^^^^^^^^^^^^^^^^
UnicodeEncodeError: 'charmap' codec can't encode characters in position 84-85: character maps to <undefined>
2025-10-27 20:26:54,599 - __main__ - INFO - Generating hourly report...
2025-10-27 20:26:55,622 - __main__ - ERROR - Error in report generation loop: 'charmap' codec can't encode characters in position 84-85: character maps to <undefined>
Traceback (most recent call last):
  File "C:\Users\micro\Celsius AI\src\monitoring\celsius_hourly_reporter.py", line 314, in run
    print(report)
  File "C:\Program Files\WindowsApps\PythonSoftwareFoundation.Python.3.11_3.11.2544.0_x64__qbz5n2kfra8p0\Lib\encodings\cp1252.py", line 19, in encode
    return codecs.charmap_encode(input,self.errors,encoding_table)[0]
           ^^^^^^^^^^^^^^^^^^^^^^^^^^^^^^^^^^^^^^^^^^^^^^^^^^^^^^^
UnicodeEncodeError: 'charmap' codec can't encode characters in position 84-85: character maps to <undefined>
2025-10-27 20:27:55,627 - __main__ - INFO - Generating hourly report...
2025-10-27 20:27:56,648 - __main__ - ERROR - Error in report generation loop: 'charmap' codec can't encode characters in position 84-85: character maps to <undefined>
Traceback (most recent call last):
  File "C:\Users\micro\Celsius AI\src\monitoring\celsius_hourly_reporter.py", line 314, in run
    print(report)
  File "C:\Program Files\WindowsApps\PythonSoftwareFoundation.Python.3.11_3.11.2544.0_x64__qbz5n2kfra8p0\Lib\encodings\cp1252.py", line 19, in encode
    return codecs.charmap_encode(input,self.errors,encoding_table)[0]
           ^^^^^^^^^^^^^^^^^^^^^^^^^^^^^^^^^^^^^^^^^^^^^^^^^^^^^^^
UnicodeEncodeError: 'charmap' codec can't encode characters in position 84-85: character maps to <undefined>
2025-10-27 20:28:56,656 - __main__ - INFO - Generating hourly report...
2025-10-27 20:28:57,685 - __main__ - ERROR - Error in report generation loop: 'charmap' codec can't encode characters in position 84-85: character maps to <undefined>
Traceback (most recent call last):
  File "C:\Users\micro\Celsius AI\src\monitoring\celsius_hourly_reporter.py", line 314, in run
    print(report)
  File "C:\Program Files\WindowsApps\PythonSoftwareFoundation.Python.3.11_3.11.2544.0_x64__qbz5n2kfra8p0\Lib\encodings\cp1252.py", line 19, in encode
    return codecs.charmap_encode(input,self.errors,encoding_table)[0]
           ^^^^^^^^^^^^^^^^^^^^^^^^^^^^^^^^^^^^^^^^^^^^^^^^^^^^^^^
UnicodeEncodeError: 'charmap' codec can't encode characters in position 84-85: character maps to <undefined>
2025-10-27 20:29:57,686 - __main__ - INFO - Generating hourly report...
2025-10-27 20:29:58,707 - __main__ - ERROR - Error in report generation loop: 'charmap' codec can't encode characters in position 84-85: character maps to <undefined>
Traceback (most recent call last):
  File "C:\Users\micro\Celsius AI\src\monitoring\celsius_hourly_reporter.py", line 314, in run
    print(report)
  File "C:\Program Files\WindowsApps\PythonSoftwareFoundation.Python.3.11_3.11.2544.0_x64__qbz5n2kfra8p0\Lib\encodings\cp1252.py", line 19, in encode
    return codecs.charmap_encode(input,self.errors,encoding_table)[0]
           ^^^^^^^^^^^^^^^^^^^^^^^^^^^^^^^^^^^^^^^^^^^^^^^^^^^^^^^
UnicodeEncodeError: 'charmap' codec can't encode characters in position 84-85: character maps to <undefined>
2025-10-27 20:30:58,715 - __main__ - INFO - Generating hourly report...
2025-10-27 20:30:59,739 - __main__ - ERROR - Error in report generation loop: 'charmap' codec can't encode characters in position 84-85: character maps to <undefined>
Traceback (most recent call last):
  File "C:\Users\micro\Celsius AI\src\monitoring\celsius_hourly_reporter.py", line 314, in run
    print(report)
  File "C:\Program Files\WindowsApps\PythonSoftwareFoundation.Python.3.11_3.11.2544.0_x64__qbz5n2kfra8p0\Lib\encodings\cp1252.py", line 19, in encode
    return codecs.charmap_encode(input,self.errors,encoding_table)[0]
           ^^^^^^^^^^^^^^^^^^^^^^^^^^^^^^^^^^^^^^^^^^^^^^^^^^^^^^^
UnicodeEncodeError: 'charmap' codec can't encode characters in position 84-85: character maps to <undefined>
2025-10-27 20:31:59,751 - __main__ - INFO - Generating hourly report...
2025-10-27 20:32:00,775 - __main__ - ERROR - Error in report generation loop: 'charmap' codec can't encode characters in position 84-85: character maps to <undefined>
Traceback (most recent call last):
  File "C:\Users\micro\Celsius AI\src\monitoring\celsius_hourly_reporter.py", line 314, in run
    print(report)
  File "C:\Program Files\WindowsApps\PythonSoftwareFoundation.Python.3.11_3.11.2544.0_x64__qbz5n2kfra8p0\Lib\encodings\cp1252.py", line 19, in encode
    return codecs.charmap_encode(input,self.errors,encoding_table)[0]
           ^^^^^^^^^^^^^^^^^^^^^^^^^^^^^^^^^^^^^^^^^^^^^^^^^^^^^^^
UnicodeEncodeError: 'charmap' codec can't encode characters in position 84-85: character maps to <undefined>
2025-10-27 20:33:00,791 - __main__ - INFO - Generating hourly report...
2025-10-27 20:33:01,812 - __main__ - ERROR - Error in report generation loop: 'charmap' codec can't encode characters in position 84-85: character maps to <undefined>
Traceback (most recent call last):
  File "C:\Users\micro\Celsius AI\src\monitoring\celsius_hourly_reporter.py", line 314, in run
    print(report)
  File "C:\Program Files\WindowsApps\PythonSoftwareFoundation.Python.3.11_3.11.2544.0_x64__qbz5n2kfra8p0\Lib\encodings\cp1252.py", line 19, in encode
    return codecs.charmap_encode(input,self.errors,encoding_table)[0]
           ^^^^^^^^^^^^^^^^^^^^^^^^^^^^^^^^^^^^^^^^^^^^^^^^^^^^^^^
UnicodeEncodeError: 'charmap' codec can't encode characters in position 84-85: character maps to <undefined>
2025-10-27 20:34:01,825 - __main__ - INFO - Generating hourly report...
2025-10-27 20:34:02,849 - __main__ - ERROR - Error in report generation loop: 'charmap' codec can't encode characters in position 84-85: character maps to <undefined>
Traceback (most recent call last):
  File "C:\Users\micro\Celsius AI\src\monitoring\celsius_hourly_reporter.py", line 314, in run
    print(report)
  File "C:\Program Files\WindowsApps\PythonSoftwareFoundation.Python.3.11_3.11.2544.0_x64__qbz5n2kfra8p0\Lib\encodings\cp1252.py", line 19, in encode
    return codecs.charmap_encode(input,self.errors,encoding_table)[0]
           ^^^^^^^^^^^^^^^^^^^^^^^^^^^^^^^^^^^^^^^^^^^^^^^^^^^^^^^
UnicodeEncodeError: 'charmap' codec can't encode characters in position 84-85: character maps to <undefined>
2025-10-27 20:35:02,849 - __main__ - INFO - Generating hourly report...
2025-10-27 20:35:03,875 - __main__ - ERROR - Error in report generation loop: 'charmap' codec can't encode characters in position 84-85: character maps to <undefined>
Traceback (most recent call last):
  File "C:\Users\micro\Celsius AI\src\monitoring\celsius_hourly_reporter.py", line 314, in run
    print(report)
  File "C:\Program Files\WindowsApps\PythonSoftwareFoundation.Python.3.11_3.11.2544.0_x64__qbz5n2kfra8p0\Lib\encodings\cp1252.py", line 19, in encode
    return codecs.charmap_encode(input,self.errors,encoding_table)[0]
           ^^^^^^^^^^^^^^^^^^^^^^^^^^^^^^^^^^^^^^^^^^^^^^^^^^^^^^^
UnicodeEncodeError: 'charmap' codec can't encode characters in position 84-85: character maps to <undefined>
2025-10-27 20:36:03,889 - __main__ - INFO - Generating hourly report...
2025-10-27 20:36:04,913 - __main__ - ERROR - Error in report generation loop: 'charmap' codec can't encode characters in position 84-85: character maps to <undefined>
Traceback (most recent call last):
  File "C:\Users\micro\Celsius AI\src\monitoring\celsius_hourly_reporter.py", line 314, in run
    print(report)
  File "C:\Program Files\WindowsApps\PythonSoftwareFoundation.Python.3.11_3.11.2544.0_x64__qbz5n2kfra8p0\Lib\encodings\cp1252.py", line 19, in encode
    return codecs.charmap_encode(input,self.errors,encoding_table)[0]
           ^^^^^^^^^^^^^^^^^^^^^^^^^^^^^^^^^^^^^^^^^^^^^^^^^^^^^^^
UnicodeEncodeError: 'charmap' codec can't encode characters in position 84-85: character maps to <undefined>
2025-10-27 20:37:04,929 - __main__ - INFO - Generating hourly report...
2025-10-27 20:37:05,956 - __main__ - ERROR - Error in report generation loop: 'charmap' codec can't encode characters in position 84-85: character maps to <undefined>
Traceback (most recent call last):
  File "C:\Users\micro\Celsius AI\src\monitoring\celsius_hourly_reporter.py", line 314, in run
    print(report)
  File "C:\Program Files\WindowsApps\PythonSoftwareFoundation.Python.3.11_3.11.2544.0_x64__qbz5n2kfra8p0\Lib\encodings\cp1252.py", line 19, in encode
    return codecs.charmap_encode(input,self.errors,encoding_table)[0]
           ^^^^^^^^^^^^^^^^^^^^^^^^^^^^^^^^^^^^^^^^^^^^^^^^^^^^^^^
UnicodeEncodeError: 'charmap' codec can't encode characters in position 84-85: character maps to <undefined>
2025-10-27 20:38:05,963 - __main__ - INFO - Generating hourly report...
2025-10-27 20:38:06,993 - __main__ - ERROR - Error in report generation loop: 'charmap' codec can't encode characters in position 84-85: character maps to <undefined>
Traceback (most recent call last):
  File "C:\Users\micro\Celsius AI\src\monitoring\celsius_hourly_reporter.py", line 314, in run
    print(report)
  File "C:\Program Files\WindowsApps\PythonSoftwareFoundation.Python.3.11_3.11.2544.0_x64__qbz5n2kfra8p0\Lib\encodings\cp1252.py", line 19, in encode
    return codecs.charmap_encode(input,self.errors,encoding_table)[0]
           ^^^^^^^^^^^^^^^^^^^^^^^^^^^^^^^^^^^^^^^^^^^^^^^^^^^^^^^
UnicodeEncodeError: 'charmap' codec can't encode characters in position 84-85: character maps to <undefined>
2025-10-27 20:39:07,002 - __main__ - INFO - Generating hourly report...
2025-10-27 20:39:08,026 - __main__ - ERROR - Error in report generation loop: 'charmap' codec can't encode characters in position 84-85: character maps to <undefined>
Traceback (most recent call last):
  File "C:\Users\micro\Celsius AI\src\monitoring\celsius_hourly_reporter.py", line 314, in run
    print(report)
  File "C:\Program Files\WindowsApps\PythonSoftwareFoundation.Python.3.11_3.11.2544.0_x64__qbz5n2kfra8p0\Lib\encodings\cp1252.py", line 19, in encode
    return codecs.charmap_encode(input,self.errors,encoding_table)[0]
           ^^^^^^^^^^^^^^^^^^^^^^^^^^^^^^^^^^^^^^^^^^^^^^^^^^^^^^^
UnicodeEncodeError: 'charmap' codec can't encode characters in position 84-85: character maps to <undefined>
2025-10-27 20:40:08,031 - __main__ - INFO - Generating hourly report...
2025-10-27 20:40:09,055 - __main__ - ERROR - Error in report generation loop: 'charmap' codec can't encode characters in position 84-85: character maps to <undefined>
Traceback (most recent call last):
  File "C:\Users\micro\Celsius AI\src\monitoring\celsius_hourly_reporter.py", line 314, in run
    print(report)
  File "C:\Program Files\WindowsApps\PythonSoftwareFoundation.Python.3.11_3.11.2544.0_x64__qbz5n2kfra8p0\Lib\encodings\cp1252.py", line 19, in encode
    return codecs.charmap_encode(input,self.errors,encoding_table)[0]
           ^^^^^^^^^^^^^^^^^^^^^^^^^^^^^^^^^^^^^^^^^^^^^^^^^^^^^^^
UnicodeEncodeError: 'charmap' codec can't encode characters in position 84-85: character maps to <undefined>
2025-10-27 20:41:09,062 - __main__ - INFO - Generating hourly report...
2025-10-27 20:41:10,084 - __main__ - ERROR - Error in report generation loop: 'charmap' codec can't encode characters in position 84-85: character maps to <undefined>
Traceback (most recent call last):
  File "C:\Users\micro\Celsius AI\src\monitoring\celsius_hourly_reporter.py", line 314, in run
    print(report)
  File "C:\Program Files\WindowsApps\PythonSoftwareFoundation.Python.3.11_3.11.2544.0_x64__qbz5n2kfra8p0\Lib\encodings\cp1252.py", line 19, in encode
    return codecs.charmap_encode(input,self.errors,encoding_table)[0]
           ^^^^^^^^^^^^^^^^^^^^^^^^^^^^^^^^^^^^^^^^^^^^^^^^^^^^^^^
UnicodeEncodeError: 'charmap' codec can't encode characters in position 84-85: character maps to <undefined>
2025-10-27 20:42:10,090 - __main__ - INFO - Generating hourly report...
2025-10-27 20:42:11,117 - __main__ - ERROR - Error in report generation loop: 'charmap' codec can't encode characters in position 84-85: character maps to <undefined>
Traceback (most recent call last):
  File "C:\Users\micro\Celsius AI\src\monitoring\celsius_hourly_reporter.py", line 314, in run
    print(report)
  File "C:\Program Files\WindowsApps\PythonSoftwareFoundation.Python.3.11_3.11.2544.0_x64__qbz5n2kfra8p0\Lib\encodings\cp1252.py", line 19, in encode
    return codecs.charmap_encode(input,self.errors,encoding_table)[0]
           ^^^^^^^^^^^^^^^^^^^^^^^^^^^^^^^^^^^^^^^^^^^^^^^^^^^^^^^
UnicodeEncodeError: 'charmap' codec can't encode characters in position 84-85: character maps to <undefined>
2025-10-27 20:43:11,121 - __main__ - INFO - Generating hourly report...
2025-10-27 20:43:12,145 - __main__ - ERROR - Error in report generation loop: 'charmap' codec can't encode characters in position 84-85: character maps to <undefined>
Traceback (most recent call last):
  File "C:\Users\micro\Celsius AI\src\monitoring\celsius_hourly_reporter.py", line 314, in run
    print(report)
  File "C:\Program Files\WindowsApps\PythonSoftwareFoundation.Python.3.11_3.11.2544.0_x64__qbz5n2kfra8p0\Lib\encodings\cp1252.py", line 19, in encode
    return codecs.charmap_encode(input,self.errors,encoding_table)[0]
           ^^^^^^^^^^^^^^^^^^^^^^^^^^^^^^^^^^^^^^^^^^^^^^^^^^^^^^^
UnicodeEncodeError: 'charmap' codec can't encode characters in position 84-85: character maps to <undefined>
2025-10-27 20:44:12,153 - __main__ - INFO - Generating hourly report...
2025-10-27 20:44:13,173 - __main__ - ERROR - Error in report generation loop: 'charmap' codec can't encode characters in position 84-85: character maps to <undefined>
Traceback (most recent call last):
  File "C:\Users\micro\Celsius AI\src\monitoring\celsius_hourly_reporter.py", line 314, in run
    print(report)
  File "C:\Program Files\WindowsApps\PythonSoftwareFoundation.Python.3.11_3.11.2544.0_x64__qbz5n2kfra8p0\Lib\encodings\cp1252.py", line 19, in encode
    return codecs.charmap_encode(input,self.errors,encoding_table)[0]
           ^^^^^^^^^^^^^^^^^^^^^^^^^^^^^^^^^^^^^^^^^^^^^^^^^^^^^^^
UnicodeEncodeError: 'charmap' codec can't encode characters in position 84-85: character maps to <undefined>
2025-10-27 20:45:13,186 - __main__ - INFO - Generating hourly report...
2025-10-27 20:45:14,209 - __main__ - ERROR - Error in report generation loop: 'charmap' codec can't encode characters in position 84-85: character maps to <undefined>
Traceback (most recent call last):
  File "C:\Users\micro\Celsius AI\src\monitoring\celsius_hourly_reporter.py", line 314, in run
    print(report)
  File "C:\Program Files\WindowsApps\PythonSoftwareFoundation.Python.3.11_3.11.2544.0_x64__qbz5n2kfra8p0\Lib\encodings\cp1252.py", line 19, in encode
    return codecs.charmap_encode(input,self.errors,encoding_table)[0]
           ^^^^^^^^^^^^^^^^^^^^^^^^^^^^^^^^^^^^^^^^^^^^^^^^^^^^^^^
UnicodeEncodeError: 'charmap' codec can't encode characters in position 84-85: character maps to <undefined>
2025-10-27 20:46:14,213 - __main__ - INFO - Generating hourly report...
2025-10-27 20:46:15,246 - __main__ - ERROR - Error in report generation loop: 'charmap' codec can't encode characters in position 84-85: character maps to <undefined>
Traceback (most recent call last):
  File "C:\Users\micro\Celsius AI\src\monitoring\celsius_hourly_reporter.py", line 314, in run
    print(report)
  File "C:\Program Files\WindowsApps\PythonSoftwareFoundation.Python.3.11_3.11.2544.0_x64__qbz5n2kfra8p0\Lib\encodings\cp1252.py", line 19, in encode
    return codecs.charmap_encode(input,self.errors,encoding_table)[0]
           ^^^^^^^^^^^^^^^^^^^^^^^^^^^^^^^^^^^^^^^^^^^^^^^^^^^^^^^
UnicodeEncodeError: 'charmap' codec can't encode characters in position 84-85: character maps to <undefined>
2025-10-27 20:47:15,253 - __main__ - INFO - Generating hourly report...
2025-10-27 20:47:16,281 - __main__ - ERROR - Error in report generation loop: 'charmap' codec can't encode characters in position 84-85: character maps to <undefined>
Traceback (most recent call last):
  File "C:\Users\micro\Celsius AI\src\monitoring\celsius_hourly_reporter.py", line 314, in run
    print(report)
  File "C:\Program Files\WindowsApps\PythonSoftwareFoundation.Python.3.11_3.11.2544.0_x64__qbz5n2kfra8p0\Lib\encodings\cp1252.py", line 19, in encode
    return codecs.charmap_encode(input,self.errors,encoding_table)[0]
           ^^^^^^^^^^^^^^^^^^^^^^^^^^^^^^^^^^^^^^^^^^^^^^^^^^^^^^^
UnicodeEncodeError: 'charmap' codec can't encode characters in position 84-85: character maps to <undefined>
2025-10-27 20:48:16,295 - __main__ - INFO - Generating hourly report...
2025-10-27 20:48:17,319 - __main__ - ERROR - Error in report generation loop: 'charmap' codec can't encode characters in position 84-85: character maps to <undefined>
Traceback (most recent call last):
  File "C:\Users\micro\Celsius AI\src\monitoring\celsius_hourly_reporter.py", line 314, in run
    print(report)
  File "C:\Program Files\WindowsApps\PythonSoftwareFoundation.Python.3.11_3.11.2544.0_x64__qbz5n2kfra8p0\Lib\encodings\cp1252.py", line 19, in encode
    return codecs.charmap_encode(input,self.errors,encoding_table)[0]
           ^^^^^^^^^^^^^^^^^^^^^^^^^^^^^^^^^^^^^^^^^^^^^^^^^^^^^^^
UnicodeEncodeError: 'charmap' codec can't encode characters in position 84-85: character maps to <undefined>
2025-10-27 20:49:17,321 - __main__ - INFO - Generating hourly report...
2025-10-27 20:49:18,347 - __main__ - ERROR - Error in report generation loop: 'charmap' codec can't encode characters in position 84-85: character maps to <undefined>
Traceback (most recent call last):
  File "C:\Users\micro\Celsius AI\src\monitoring\celsius_hourly_reporter.py", line 314, in run
    print(report)
  File "C:\Program Files\WindowsApps\PythonSoftwareFoundation.Python.3.11_3.11.2544.0_x64__qbz5n2kfra8p0\Lib\encodings\cp1252.py", line 19, in encode
    return codecs.charmap_encode(input,self.errors,encoding_table)[0]
           ^^^^^^^^^^^^^^^^^^^^^^^^^^^^^^^^^^^^^^^^^^^^^^^^^^^^^^^
UnicodeEncodeError: 'charmap' codec can't encode characters in position 84-85: character maps to <undefined>
2025-10-27 20:50:18,353 - __main__ - INFO - Generating hourly report...
2025-10-27 20:50:19,379 - __main__ - ERROR - Error in report generation loop: 'charmap' codec can't encode characters in position 84-85: character maps to <undefined>
Traceback (most recent call last):
  File "C:\Users\micro\Celsius AI\src\monitoring\celsius_hourly_reporter.py", line 314, in run
    print(report)
  File "C:\Program Files\WindowsApps\PythonSoftwareFoundation.Python.3.11_3.11.2544.0_x64__qbz5n2kfra8p0\Lib\encodings\cp1252.py", line 19, in encode
    return codecs.charmap_encode(input,self.errors,encoding_table)[0]
           ^^^^^^^^^^^^^^^^^^^^^^^^^^^^^^^^^^^^^^^^^^^^^^^^^^^^^^^
UnicodeEncodeError: 'charmap' codec can't encode characters in position 84-85: character maps to <undefined>
2025-10-27 20:51:19,384 - __main__ - INFO - Generating hourly report...
2025-10-27 20:51:20,431 - __main__ - ERROR - Error in report generation loop: 'charmap' codec can't encode characters in position 84-85: character maps to <undefined>
Traceback (most recent call last):
  File "C:\Users\micro\Celsius AI\src\monitoring\celsius_hourly_reporter.py", line 314, in run
    print(report)
  File "C:\Program Files\WindowsApps\PythonSoftwareFoundation.Python.3.11_3.11.2544.0_x64__qbz5n2kfra8p0\Lib\encodings\cp1252.py", line 19, in encode
    return codecs.charmap_encode(input,self.errors,encoding_table)[0]
           ^^^^^^^^^^^^^^^^^^^^^^^^^^^^^^^^^^^^^^^^^^^^^^^^^^^^^^^
UnicodeEncodeError: 'charmap' codec can't encode characters in position 84-85: character maps to <undefined>
2025-10-27 20:52:20,442 - __main__ - INFO - Generating hourly report...
2025-10-27 20:52:21,464 - __main__ - ERROR - Error in report generation loop: 'charmap' codec can't encode characters in position 84-85: character maps to <undefined>
Traceback (most recent call last):
  File "C:\Users\micro\Celsius AI\src\monitoring\celsius_hourly_reporter.py", line 314, in run
    print(report)
  File "C:\Program Files\WindowsApps\PythonSoftwareFoundation.Python.3.11_3.11.2544.0_x64__qbz5n2kfra8p0\Lib\encodings\cp1252.py", line 19, in encode
    return codecs.charmap_encode(input,self.errors,encoding_table)[0]
           ^^^^^^^^^^^^^^^^^^^^^^^^^^^^^^^^^^^^^^^^^^^^^^^^^^^^^^^
UnicodeEncodeError: 'charmap' codec can't encode characters in position 84-85: character maps to <undefined>
2025-10-27 20:53:21,468 - __main__ - INFO - Generating hourly report...
2025-10-27 20:53:22,494 - __main__ - ERROR - Error in report generation loop: 'charmap' codec can't encode characters in position 84-85: character maps to <undefined>
Traceback (most recent call last):
  File "C:\Users\micro\Celsius AI\src\monitoring\celsius_hourly_reporter.py", line 314, in run
    print(report)
  File "C:\Program Files\WindowsApps\PythonSoftwareFoundation.Python.3.11_3.11.2544.0_x64__qbz5n2kfra8p0\Lib\encodings\cp1252.py", line 19, in encode
    return codecs.charmap_encode(input,self.errors,encoding_table)[0]
           ^^^^^^^^^^^^^^^^^^^^^^^^^^^^^^^^^^^^^^^^^^^^^^^^^^^^^^^
UnicodeEncodeError: 'charmap' codec can't encode characters in position 84-85: character maps to <undefined>
2025-10-27 20:54:22,498 - __main__ - INFO - Generating hourly report...
2025-10-27 20:54:23,524 - __main__ - ERROR - Error in report generation loop: 'charmap' codec can't encode characters in position 84-85: character maps to <undefined>
Traceback (most recent call last):
  File "C:\Users\micro\Celsius AI\src\monitoring\celsius_hourly_reporter.py", line 314, in run
    print(report)
  File "C:\Program Files\WindowsApps\PythonSoftwareFoundation.Python.3.11_3.11.2544.0_x64__qbz5n2kfra8p0\Lib\encodings\cp1252.py", line 19, in encode
    return codecs.charmap_encode(input,self.errors,encoding_table)[0]
           ^^^^^^^^^^^^^^^^^^^^^^^^^^^^^^^^^^^^^^^^^^^^^^^^^^^^^^^
UnicodeEncodeError: 'charmap' codec can't encode characters in position 84-85: character maps to <undefined>
2025-10-27 20:55:23,526 - __main__ - INFO - Generating hourly report...
2025-10-27 20:55:24,549 - __main__ - ERROR - Error in report generation loop: 'charmap' codec can't encode characters in position 84-85: character maps to <undefined>
Traceback (most recent call last):
  File "C:\Users\micro\Celsius AI\src\monitoring\celsius_hourly_reporter.py", line 314, in run
    print(report)
  File "C:\Program Files\WindowsApps\PythonSoftwareFoundation.Python.3.11_3.11.2544.0_x64__qbz5n2kfra8p0\Lib\encodings\cp1252.py", line 19, in encode
    return codecs.charmap_encode(input,self.errors,encoding_table)[0]
           ^^^^^^^^^^^^^^^^^^^^^^^^^^^^^^^^^^^^^^^^^^^^^^^^^^^^^^^
UnicodeEncodeError: 'charmap' codec can't encode characters in position 84-85: character maps to <undefined>
2025-10-27 20:56:24,563 - __main__ - INFO - Generating hourly report...
2025-10-27 20:56:25,586 - __main__ - ERROR - Error in report generation loop: 'charmap' codec can't encode characters in position 84-85: character maps to <undefined>
Traceback (most recent call last):
  File "C:\Users\micro\Celsius AI\src\monitoring\celsius_hourly_reporter.py", line 314, in run
    print(report)
  File "C:\Program Files\WindowsApps\PythonSoftwareFoundation.Python.3.11_3.11.2544.0_x64__qbz5n2kfra8p0\Lib\encodings\cp1252.py", line 19, in encode
    return codecs.charmap_encode(input,self.errors,encoding_table)[0]
           ^^^^^^^^^^^^^^^^^^^^^^^^^^^^^^^^^^^^^^^^^^^^^^^^^^^^^^^
UnicodeEncodeError: 'charmap' codec can't encode characters in position 84-85: character maps to <undefined>
2025-10-27 20:57:25,601 - __main__ - INFO - Generating hourly report...
2025-10-27 20:57:26,657 - __main__ - ERROR - Error in report generation loop: 'charmap' codec can't encode characters in position 84-85: character maps to <undefined>
Traceback (most recent call last):
  File "C:\Users\micro\Celsius AI\src\monitoring\celsius_hourly_reporter.py", line 314, in run
    print(report)
  File "C:\Program Files\WindowsApps\PythonSoftwareFoundation.Python.3.11_3.11.2544.0_x64__qbz5n2kfra8p0\Lib\encodings\cp1252.py", line 19, in encode
    return codecs.charmap_encode(input,self.errors,encoding_table)[0]
           ^^^^^^^^^^^^^^^^^^^^^^^^^^^^^^^^^^^^^^^^^^^^^^^^^^^^^^^
UnicodeEncodeError: 'charmap' codec can't encode characters in position 84-85: character maps to <undefined>
2025-10-27 20:58:26,659 - __main__ - INFO - Generating hourly report...
2025-10-27 20:58:27,696 - __main__ - ERROR - Error in report generation loop: 'charmap' codec can't encode characters in position 84-85: character maps to <undefined>
Traceback (most recent call last):
  File "C:\Users\micro\Celsius AI\src\monitoring\celsius_hourly_reporter.py", line 314, in run
    print(report)
  File "C:\Program Files\WindowsApps\PythonSoftwareFoundation.Python.3.11_3.11.2544.0_x64__qbz5n2kfra8p0\Lib\encodings\cp1252.py", line 19, in encode
    return codecs.charmap_encode(input,self.errors,encoding_table)[0]
           ^^^^^^^^^^^^^^^^^^^^^^^^^^^^^^^^^^^^^^^^^^^^^^^^^^^^^^^
UnicodeEncodeError: 'charmap' codec can't encode characters in position 84-85: character maps to <undefined>
2025-10-27 20:59:27,705 - __main__ - INFO - Generating hourly report...
2025-10-27 20:59:28,729 - __main__ - ERROR - Error in report generation loop: 'charmap' codec can't encode characters in position 84-85: character maps to <undefined>
Traceback (most recent call last):
  File "C:\Users\micro\Celsius AI\src\monitoring\celsius_hourly_reporter.py", line 314, in run
    print(report)
  File "C:\Program Files\WindowsApps\PythonSoftwareFoundation.Python.3.11_3.11.2544.0_x64__qbz5n2kfra8p0\Lib\encodings\cp1252.py", line 19, in encode
    return codecs.charmap_encode(input,self.errors,encoding_table)[0]
           ^^^^^^^^^^^^^^^^^^^^^^^^^^^^^^^^^^^^^^^^^^^^^^^^^^^^^^^
UnicodeEncodeError: 'charmap' codec can't encode characters in position 84-85: character maps to <undefined>
2025-10-27 21:00:28,743 - __main__ - INFO - Generating hourly report...
2025-10-27 21:00:29,765 - __main__ - ERROR - Error in report generation loop: 'charmap' codec can't encode characters in position 84-85: character maps to <undefined>
Traceback (most recent call last):
  File "C:\Users\micro\Celsius AI\src\monitoring\celsius_hourly_reporter.py", line 314, in run
    print(report)
  File "C:\Program Files\WindowsApps\PythonSoftwareFoundation.Python.3.11_3.11.2544.0_x64__qbz5n2kfra8p0\Lib\encodings\cp1252.py", line 19, in encode
    return codecs.charmap_encode(input,self.errors,encoding_table)[0]
           ^^^^^^^^^^^^^^^^^^^^^^^^^^^^^^^^^^^^^^^^^^^^^^^^^^^^^^^
UnicodeEncodeError: 'charmap' codec can't encode characters in position 84-85: character maps to <undefined>
2025-10-27 21:01:29,770 - __main__ - INFO - Generating hourly report...
2025-10-27 21:01:30,792 - __main__ - ERROR - Error in report generation loop: 'charmap' codec can't encode characters in position 84-85: character maps to <undefined>
Traceback (most recent call last):
  File "C:\Users\micro\Celsius AI\src\monitoring\celsius_hourly_reporter.py", line 314, in run
    print(report)
  File "C:\Program Files\WindowsApps\PythonSoftwareFoundation.Python.3.11_3.11.2544.0_x64__qbz5n2kfra8p0\Lib\encodings\cp1252.py", line 19, in encode
    return codecs.charmap_encode(input,self.errors,encoding_table)[0]
           ^^^^^^^^^^^^^^^^^^^^^^^^^^^^^^^^^^^^^^^^^^^^^^^^^^^^^^^
UnicodeEncodeError: 'charmap' codec can't encode characters in position 84-85: character maps to <undefined>
2025-10-27 21:02:30,801 - __main__ - INFO - Generating hourly report...
2025-10-27 21:02:31,825 - __main__ - ERROR - Error in report generation loop: 'charmap' codec can't encode characters in position 84-85: character maps to <undefined>
Traceback (most recent call last):
  File "C:\Users\micro\Celsius AI\src\monitoring\celsius_hourly_reporter.py", line 314, in run
    print(report)
  File "C:\Program Files\WindowsApps\PythonSoftwareFoundation.Python.3.11_3.11.2544.0_x64__qbz5n2kfra8p0\Lib\encodings\cp1252.py", line 19, in encode
    return codecs.charmap_encode(input,self.errors,encoding_table)[0]
           ^^^^^^^^^^^^^^^^^^^^^^^^^^^^^^^^^^^^^^^^^^^^^^^^^^^^^^^
UnicodeEncodeError: 'charmap' codec can't encode characters in position 84-85: character maps to <undefined>
2025-10-27 21:03:31,826 - __main__ - INFO - Generating hourly report...
2025-10-27 21:03:32,853 - __main__ - ERROR - Error in report generation loop: 'charmap' codec can't encode characters in position 84-85: character maps to <undefined>
Traceback (most recent call last):
  File "C:\Users\micro\Celsius AI\src\monitoring\celsius_hourly_reporter.py", line 314, in run
    print(report)
  File "C:\Program Files\WindowsApps\PythonSoftwareFoundation.Python.3.11_3.11.2544.0_x64__qbz5n2kfra8p0\Lib\encodings\cp1252.py", line 19, in encode
    return codecs.charmap_encode(input,self.errors,encoding_table)[0]
           ^^^^^^^^^^^^^^^^^^^^^^^^^^^^^^^^^^^^^^^^^^^^^^^^^^^^^^^
UnicodeEncodeError: 'charmap' codec can't encode characters in position 84-85: character maps to <undefined>
2025-10-27 21:04:32,860 - __main__ - INFO - Generating hourly report...
2025-10-27 21:04:33,890 - __main__ - ERROR - Error in report generation loop: 'charmap' codec can't encode characters in position 84-85: character maps to <undefined>
Traceback (most recent call last):
  File "C:\Users\micro\Celsius AI\src\monitoring\celsius_hourly_reporter.py", line 314, in run
    print(report)
  File "C:\Program Files\WindowsApps\PythonSoftwareFoundation.Python.3.11_3.11.2544.0_x64__qbz5n2kfra8p0\Lib\encodings\cp1252.py", line 19, in encode
    return codecs.charmap_encode(input,self.errors,encoding_table)[0]
           ^^^^^^^^^^^^^^^^^^^^^^^^^^^^^^^^^^^^^^^^^^^^^^^^^^^^^^^
UnicodeEncodeError: 'charmap' codec can't encode characters in position 84-85: character maps to <undefined>
2025-10-27 21:05:33,905 - __main__ - INFO - Generating hourly report...
2025-10-27 21:05:34,934 - __main__ - ERROR - Error in report generation loop: 'charmap' codec can't encode characters in position 84-85: character maps to <undefined>
Traceback (most recent call last):
  File "C:\Users\micro\Celsius AI\src\monitoring\celsius_hourly_reporter.py", line 314, in run
    print(report)
  File "C:\Program Files\WindowsApps\PythonSoftwareFoundation.Python.3.11_3.11.2544.0_x64__qbz5n2kfra8p0\Lib\encodings\cp1252.py", line 19, in encode
    return codecs.charmap_encode(input,self.errors,encoding_table)[0]
           ^^^^^^^^^^^^^^^^^^^^^^^^^^^^^^^^^^^^^^^^^^^^^^^^^^^^^^^
UnicodeEncodeError: 'charmap' codec can't encode characters in position 84-85: character maps to <undefined>
2025-10-27 21:06:34,950 - __main__ - INFO - Generating hourly report...
2025-10-27 21:06:35,974 - __main__ - ERROR - Error in report generation loop: 'charmap' codec can't encode characters in position 84-85: character maps to <undefined>
Traceback (most recent call last):
  File "C:\Users\micro\Celsius AI\src\monitoring\celsius_hourly_reporter.py", line 314, in run
    print(report)
  File "C:\Program Files\WindowsApps\PythonSoftwareFoundation.Python.3.11_3.11.2544.0_x64__qbz5n2kfra8p0\Lib\encodings\cp1252.py", line 19, in encode
    return codecs.charmap_encode(input,self.errors,encoding_table)[0]
           ^^^^^^^^^^^^^^^^^^^^^^^^^^^^^^^^^^^^^^^^^^^^^^^^^^^^^^^
UnicodeEncodeError: 'charmap' codec can't encode characters in position 84-85: character maps to <undefined>
2025-10-27 21:07:35,976 - __main__ - INFO - Generating hourly report...
2025-10-27 21:07:37,000 - __main__ - ERROR - Error in report generation loop: 'charmap' codec can't encode characters in position 84-85: character maps to <undefined>
Traceback (most recent call last):
  File "C:\Users\micro\Celsius AI\src\monitoring\celsius_hourly_reporter.py", line 314, in run
    print(report)
  File "C:\Program Files\WindowsApps\PythonSoftwareFoundation.Python.3.11_3.11.2544.0_x64__qbz5n2kfra8p0\Lib\encodings\cp1252.py", line 19, in encode
    return codecs.charmap_encode(input,self.errors,encoding_table)[0]
           ^^^^^^^^^^^^^^^^^^^^^^^^^^^^^^^^^^^^^^^^^^^^^^^^^^^^^^^
UnicodeEncodeError: 'charmap' codec can't encode characters in position 84-85: character maps to <undefined>
2025-10-27 21:08:37,011 - __main__ - INFO - Generating hourly report...
2025-10-27 21:08:38,035 - __main__ - ERROR - Error in report generation loop: 'charmap' codec can't encode characters in position 84-85: character maps to <undefined>
Traceback (most recent call last):
  File "C:\Users\micro\Celsius AI\src\monitoring\celsius_hourly_reporter.py", line 314, in run
    print(report)
  File "C:\Program Files\WindowsApps\PythonSoftwareFoundation.Python.3.11_3.11.2544.0_x64__qbz5n2kfra8p0\Lib\encodings\cp1252.py", line 19, in encode
    return codecs.charmap_encode(input,self.errors,encoding_table)[0]
           ^^^^^^^^^^^^^^^^^^^^^^^^^^^^^^^^^^^^^^^^^^^^^^^^^^^^^^^
UnicodeEncodeError: 'charmap' codec can't encode characters in position 84-85: character maps to <undefined>
2025-10-27 21:09:38,038 - __main__ - INFO - Generating hourly report...
2025-10-27 21:09:39,066 - __main__ - ERROR - Error in report generation loop: 'charmap' codec can't encode characters in position 84-85: character maps to <undefined>
Traceback (most recent call last):
  File "C:\Users\micro\Celsius AI\src\monitoring\celsius_hourly_reporter.py", line 314, in run
    print(report)
  File "C:\Program Files\WindowsApps\PythonSoftwareFoundation.Python.3.11_3.11.2544.0_x64__qbz5n2kfra8p0\Lib\encodings\cp1252.py", line 19, in encode
    return codecs.charmap_encode(input,self.errors,encoding_table)[0]
           ^^^^^^^^^^^^^^^^^^^^^^^^^^^^^^^^^^^^^^^^^^^^^^^^^^^^^^^
UnicodeEncodeError: 'charmap' codec can't encode characters in position 84-85: character maps to <undefined>
2025-10-27 21:10:39,071 - __main__ - INFO - Generating hourly report...
2025-10-27 21:10:40,092 - __main__ - ERROR - Error in report generation loop: 'charmap' codec can't encode characters in position 84-85: character maps to <undefined>
Traceback (most recent call last):
  File "C:\Users\micro\Celsius AI\src\monitoring\celsius_hourly_reporter.py", line 314, in run
    print(report)
  File "C:\Program Files\WindowsApps\PythonSoftwareFoundation.Python.3.11_3.11.2544.0_x64__qbz5n2kfra8p0\Lib\encodings\cp1252.py", line 19, in encode
    return codecs.charmap_encode(input,self.errors,encoding_table)[0]
           ^^^^^^^^^^^^^^^^^^^^^^^^^^^^^^^^^^^^^^^^^^^^^^^^^^^^^^^
UnicodeEncodeError: 'charmap' codec can't encode characters in position 84-85: character maps to <undefined>
2025-10-27 21:11:40,100 - __main__ - INFO - Generating hourly report...
2025-10-27 21:11:41,136 - __main__ - ERROR - Error in report generation loop: 'charmap' codec can't encode characters in position 84-85: character maps to <undefined>
Traceback (most recent call last):
  File "C:\Users\micro\Celsius AI\src\monitoring\celsius_hourly_reporter.py", line 314, in run
    print(report)
  File "C:\Program Files\WindowsApps\PythonSoftwareFoundation.Python.3.11_3.11.2544.0_x64__qbz5n2kfra8p0\Lib\encodings\cp1252.py", line 19, in encode
    return codecs.charmap_encode(input,self.errors,encoding_table)[0]
           ^^^^^^^^^^^^^^^^^^^^^^^^^^^^^^^^^^^^^^^^^^^^^^^^^^^^^^^
UnicodeEncodeError: 'charmap' codec can't encode characters in position 84-85: character maps to <undefined>
2025-10-27 21:12:41,145 - __main__ - INFO - Generating hourly report...
2025-10-27 21:12:42,168 - __main__ - ERROR - Error in report generation loop: 'charmap' codec can't encode characters in position 84-85: character maps to <undefined>
Traceback (most recent call last):
  File "C:\Users\micro\Celsius AI\src\monitoring\celsius_hourly_reporter.py", line 314, in run
    print(report)
  File "C:\Program Files\WindowsApps\PythonSoftwareFoundation.Python.3.11_3.11.2544.0_x64__qbz5n2kfra8p0\Lib\encodings\cp1252.py", line 19, in encode
    return codecs.charmap_encode(input,self.errors,encoding_table)[0]
           ^^^^^^^^^^^^^^^^^^^^^^^^^^^^^^^^^^^^^^^^^^^^^^^^^^^^^^^
UnicodeEncodeError: 'charmap' codec can't encode characters in position 84-85: character maps to <undefined>
2025-10-27 21:13:42,172 - __main__ - INFO - Generating hourly report...
2025-10-27 21:13:43,195 - __main__ - ERROR - Error in report generation loop: 'charmap' codec can't encode characters in position 84-85: character maps to <undefined>
Traceback (most recent call last):
  File "C:\Users\micro\Celsius AI\src\monitoring\celsius_hourly_reporter.py", line 314, in run
    print(report)
  File "C:\Program Files\WindowsApps\PythonSoftwareFoundation.Python.3.11_3.11.2544.0_x64__qbz5n2kfra8p0\Lib\encodings\cp1252.py", line 19, in encode
    return codecs.charmap_encode(input,self.errors,encoding_table)[0]
           ^^^^^^^^^^^^^^^^^^^^^^^^^^^^^^^^^^^^^^^^^^^^^^^^^^^^^^^
UnicodeEncodeError: 'charmap' codec can't encode characters in position 84-85: character maps to <undefined>
2025-10-27 21:14:43,198 - __main__ - INFO - Generating hourly report...
2025-10-27 21:14:44,222 - __main__ - ERROR - Error in report generation loop: 'charmap' codec can't encode characters in position 84-85: character maps to <undefined>
Traceback (most recent call last):
  File "C:\Users\micro\Celsius AI\src\monitoring\celsius_hourly_reporter.py", line 314, in run
    print(report)
  File "C:\Program Files\WindowsApps\PythonSoftwareFoundation.Python.3.11_3.11.2544.0_x64__qbz5n2kfra8p0\Lib\encodings\cp1252.py", line 19, in encode
    return codecs.charmap_encode(input,self.errors,encoding_table)[0]
           ^^^^^^^^^^^^^^^^^^^^^^^^^^^^^^^^^^^^^^^^^^^^^^^^^^^^^^^
UnicodeEncodeError: 'charmap' codec can't encode characters in position 84-85: character maps to <undefined>
2025-10-27 21:15:44,229 - __main__ - INFO - Generating hourly report...
2025-10-27 21:15:45,249 - __main__ - ERROR - Error in report generation loop: 'charmap' codec can't encode characters in position 84-85: character maps to <undefined>
Traceback (most recent call last):
  File "C:\Users\micro\Celsius AI\src\monitoring\celsius_hourly_reporter.py", line 314, in run
    print(report)
  File "C:\Program Files\WindowsApps\PythonSoftwareFoundation.Python.3.11_3.11.2544.0_x64__qbz5n2kfra8p0\Lib\encodings\cp1252.py", line 19, in encode
    return codecs.charmap_encode(input,self.errors,encoding_table)[0]
           ^^^^^^^^^^^^^^^^^^^^^^^^^^^^^^^^^^^^^^^^^^^^^^^^^^^^^^^
UnicodeEncodeError: 'charmap' codec can't encode characters in position 84-85: character maps to <undefined>
2025-10-27 21:16:45,261 - __main__ - INFO - Generating hourly report...
2025-10-27 21:16:46,284 - __main__ - ERROR - Error in report generation loop: 'charmap' codec can't encode characters in position 84-85: character maps to <undefined>
Traceback (most recent call last):
  File "C:\Users\micro\Celsius AI\src\monitoring\celsius_hourly_reporter.py", line 314, in run
    print(report)
  File "C:\Program Files\WindowsApps\PythonSoftwareFoundation.Python.3.11_3.11.2544.0_x64__qbz5n2kfra8p0\Lib\encodings\cp1252.py", line 19, in encode
    return codecs.charmap_encode(input,self.errors,encoding_table)[0]
           ^^^^^^^^^^^^^^^^^^^^^^^^^^^^^^^^^^^^^^^^^^^^^^^^^^^^^^^
UnicodeEncodeError: 'charmap' codec can't encode characters in position 84-85: character maps to <undefined>
2025-10-27 21:17:46,289 - __main__ - INFO - Generating hourly report...
2025-10-27 21:17:47,312 - __main__ - ERROR - Error in report generation loop: 'charmap' codec can't encode characters in position 84-85: character maps to <undefined>
Traceback (most recent call last):
  File "C:\Users\micro\Celsius AI\src\monitoring\celsius_hourly_reporter.py", line 314, in run
    print(report)
  File "C:\Program Files\WindowsApps\PythonSoftwareFoundation.Python.3.11_3.11.2544.0_x64__qbz5n2kfra8p0\Lib\encodings\cp1252.py", line 19, in encode
    return codecs.charmap_encode(input,self.errors,encoding_table)[0]
           ^^^^^^^^^^^^^^^^^^^^^^^^^^^^^^^^^^^^^^^^^^^^^^^^^^^^^^^
UnicodeEncodeError: 'charmap' codec can't encode characters in position 84-85: character maps to <undefined>
2025-10-27 21:18:47,319 - __main__ - INFO - Generating hourly report...
2025-10-27 21:18:48,342 - __main__ - ERROR - Error in report generation loop: 'charmap' codec can't encode characters in position 84-85: character maps to <undefined>
Traceback (most recent call last):
  File "C:\Users\micro\Celsius AI\src\monitoring\celsius_hourly_reporter.py", line 314, in run
    print(report)
  File "C:\Program Files\WindowsApps\PythonSoftwareFoundation.Python.3.11_3.11.2544.0_x64__qbz5n2kfra8p0\Lib\encodings\cp1252.py", line 19, in encode
    return codecs.charmap_encode(input,self.errors,encoding_table)[0]
           ^^^^^^^^^^^^^^^^^^^^^^^^^^^^^^^^^^^^^^^^^^^^^^^^^^^^^^^
UnicodeEncodeError: 'charmap' codec can't encode characters in position 84-85: character maps to <undefined>
2025-10-27 21:19:48,351 - __main__ - INFO - Generating hourly report...
2025-10-27 21:19:49,374 - __main__ - ERROR - Error in report generation loop: 'charmap' codec can't encode characters in position 84-85: character maps to <undefined>
Traceback (most recent call last):
  File "C:\Users\micro\Celsius AI\src\monitoring\celsius_hourly_reporter.py", line 314, in run
    print(report)
  File "C:\Program Files\WindowsApps\PythonSoftwareFoundation.Python.3.11_3.11.2544.0_x64__qbz5n2kfra8p0\Lib\encodings\cp1252.py", line 19, in encode
    return codecs.charmap_encode(input,self.errors,encoding_table)[0]
           ^^^^^^^^^^^^^^^^^^^^^^^^^^^^^^^^^^^^^^^^^^^^^^^^^^^^^^^
UnicodeEncodeError: 'charmap' codec can't encode characters in position 84-85: character maps to <undefined>
2025-10-27 21:20:49,379 - __main__ - INFO - Generating hourly report...
2025-10-27 21:20:50,404 - __main__ - ERROR - Error in report generation loop: 'charmap' codec can't encode characters in position 84-85: character maps to <undefined>
Traceback (most recent call last):
  File "C:\Users\micro\Celsius AI\src\monitoring\celsius_hourly_reporter.py", line 314, in run
    print(report)
  File "C:\Program Files\WindowsApps\PythonSoftwareFoundation.Python.3.11_3.11.2544.0_x64__qbz5n2kfra8p0\Lib\encodings\cp1252.py", line 19, in encode
    return codecs.charmap_encode(input,self.errors,encoding_table)[0]
           ^^^^^^^^^^^^^^^^^^^^^^^^^^^^^^^^^^^^^^^^^^^^^^^^^^^^^^^
UnicodeEncodeError: 'charmap' codec can't encode characters in position 84-85: character maps to <undefined>
2025-10-27 21:21:50,408 - __main__ - INFO - Generating hourly report...
2025-10-27 21:21:51,429 - __main__ - ERROR - Error in report generation loop: 'charmap' codec can't encode characters in position 84-85: character maps to <undefined>
Traceback (most recent call last):
  File "C:\Users\micro\Celsius AI\src\monitoring\celsius_hourly_reporter.py", line 314, in run
    print(report)
  File "C:\Program Files\WindowsApps\PythonSoftwareFoundation.Python.3.11_3.11.2544.0_x64__qbz5n2kfra8p0\Lib\encodings\cp1252.py", line 19, in encode
    return codecs.charmap_encode(input,self.errors,encoding_table)[0]
           ^^^^^^^^^^^^^^^^^^^^^^^^^^^^^^^^^^^^^^^^^^^^^^^^^^^^^^^
UnicodeEncodeError: 'charmap' codec can't encode characters in position 84-85: character maps to <undefined>
2025-10-27 21:22:51,442 - __main__ - INFO - Generating hourly report...
2025-10-27 21:22:52,468 - __main__ - ERROR - Error in report generation loop: 'charmap' codec can't encode characters in position 84-85: character maps to <undefined>
Traceback (most recent call last):
  File "C:\Users\micro\Celsius AI\src\monitoring\celsius_hourly_reporter.py", line 314, in run
    print(report)
  File "C:\Program Files\WindowsApps\PythonSoftwareFoundation.Python.3.11_3.11.2544.0_x64__qbz5n2kfra8p0\Lib\encodings\cp1252.py", line 19, in encode
    return codecs.charmap_encode(input,self.errors,encoding_table)[0]
           ^^^^^^^^^^^^^^^^^^^^^^^^^^^^^^^^^^^^^^^^^^^^^^^^^^^^^^^
UnicodeEncodeError: 'charmap' codec can't encode characters in position 84-85: character maps to <undefined>
2025-10-27 21:23:52,475 - __main__ - INFO - Generating hourly report...
2025-10-27 21:23:53,500 - __main__ - ERROR - Error in report generation loop: 'charmap' codec can't encode characters in position 84-85: character maps to <undefined>
Traceback (most recent call last):
  File "C:\Users\micro\Celsius AI\src\monitoring\celsius_hourly_reporter.py", line 314, in run
    print(report)
  File "C:\Program Files\WindowsApps\PythonSoftwareFoundation.Python.3.11_3.11.2544.0_x64__qbz5n2kfra8p0\Lib\encodings\cp1252.py", line 19, in encode
    return codecs.charmap_encode(input,self.errors,encoding_table)[0]
           ^^^^^^^^^^^^^^^^^^^^^^^^^^^^^^^^^^^^^^^^^^^^^^^^^^^^^^^
UnicodeEncodeError: 'charmap' codec can't encode characters in position 84-85: character maps to <undefined>
2025-10-27 21:24:53,508 - __main__ - INFO - Generating hourly report...
2025-10-27 21:24:54,531 - __main__ - ERROR - Error in report generation loop: 'charmap' codec can't encode characters in position 84-85: character maps to <undefined>
Traceback (most recent call last):
  File "C:\Users\micro\Celsius AI\src\monitoring\celsius_hourly_reporter.py", line 314, in run
    print(report)
  File "C:\Program Files\WindowsApps\PythonSoftwareFoundation.Python.3.11_3.11.2544.0_x64__qbz5n2kfra8p0\Lib\encodings\cp1252.py", line 19, in encode
    return codecs.charmap_encode(input,self.errors,encoding_table)[0]
           ^^^^^^^^^^^^^^^^^^^^^^^^^^^^^^^^^^^^^^^^^^^^^^^^^^^^^^^
UnicodeEncodeError: 'charmap' codec can't encode characters in position 84-85: character maps to <undefined>
2025-10-27 21:25:54,534 - __main__ - INFO - Generating hourly report...
2025-10-27 21:25:55,558 - __main__ - ERROR - Error in report generation loop: 'charmap' codec can't encode characters in position 84-85: character maps to <undefined>
Traceback (most recent call last):
  File "C:\Users\micro\Celsius AI\src\monitoring\celsius_hourly_reporter.py", line 314, in run
    print(report)
  File "C:\Program Files\WindowsApps\PythonSoftwareFoundation.Python.3.11_3.11.2544.0_x64__qbz5n2kfra8p0\Lib\encodings\cp1252.py", line 19, in encode
    return codecs.charmap_encode(input,self.errors,encoding_table)[0]
           ^^^^^^^^^^^^^^^^^^^^^^^^^^^^^^^^^^^^^^^^^^^^^^^^^^^^^^^
UnicodeEncodeError: 'charmap' codec can't encode characters in position 84-85: character maps to <undefined>
2025-10-27 21:26:55,565 - __main__ - INFO - Generating hourly report...
2025-10-27 21:26:56,590 - __main__ - ERROR - Error in report generation loop: 'charmap' codec can't encode characters in position 84-85: character maps to <undefined>
Traceback (most recent call last):
  File "C:\Users\micro\Celsius AI\src\monitoring\celsius_hourly_reporter.py", line 314, in run
    print(report)
  File "C:\Program Files\WindowsApps\PythonSoftwareFoundation.Python.3.11_3.11.2544.0_x64__qbz5n2kfra8p0\Lib\encodings\cp1252.py", line 19, in encode
    return codecs.charmap_encode(input,self.errors,encoding_table)[0]
           ^^^^^^^^^^^^^^^^^^^^^^^^^^^^^^^^^^^^^^^^^^^^^^^^^^^^^^^
UnicodeEncodeError: 'charmap' codec can't encode characters in position 84-85: character maps to <undefined>
2025-10-27 21:27:56,593 - __main__ - INFO - Generating hourly report...
2025-10-27 21:27:57,618 - __main__ - ERROR - Error in report generation loop: 'charmap' codec can't encode characters in position 84-85: character maps to <undefined>
Traceback (most recent call last):
  File "C:\Users\micro\Celsius AI\src\monitoring\celsius_hourly_reporter.py", line 314, in run
    print(report)
  File "C:\Program Files\WindowsApps\PythonSoftwareFoundation.Python.3.11_3.11.2544.0_x64__qbz5n2kfra8p0\Lib\encodings\cp1252.py", line 19, in encode
    return codecs.charmap_encode(input,self.errors,encoding_table)[0]
           ^^^^^^^^^^^^^^^^^^^^^^^^^^^^^^^^^^^^^^^^^^^^^^^^^^^^^^^
UnicodeEncodeError: 'charmap' codec can't encode characters in position 84-85: character maps to <undefined>
2025-10-27 21:28:57,620 - __main__ - INFO - Generating hourly report...
2025-10-27 21:28:58,648 - __main__ - ERROR - Error in report generation loop: 'charmap' codec can't encode characters in position 84-85: character maps to <undefined>
Traceback (most recent call last):
  File "C:\Users\micro\Celsius AI\src\monitoring\celsius_hourly_reporter.py", line 314, in run
    print(report)
  File "C:\Program Files\WindowsApps\PythonSoftwareFoundation.Python.3.11_3.11.2544.0_x64__qbz5n2kfra8p0\Lib\encodings\cp1252.py", line 19, in encode
    return codecs.charmap_encode(input,self.errors,encoding_table)[0]
           ^^^^^^^^^^^^^^^^^^^^^^^^^^^^^^^^^^^^^^^^^^^^^^^^^^^^^^^
UnicodeEncodeError: 'charmap' codec can't encode characters in position 84-85: character maps to <undefined>
2025-10-27 21:29:58,662 - __main__ - INFO - Generating hourly report...
2025-10-27 21:29:59,687 - __main__ - ERROR - Error in report generation loop: 'charmap' codec can't encode characters in position 84-85: character maps to <undefined>
Traceback (most recent call last):
  File "C:\Users\micro\Celsius AI\src\monitoring\celsius_hourly_reporter.py", line 314, in run
    print(report)
  File "C:\Program Files\WindowsApps\PythonSoftwareFoundation.Python.3.11_3.11.2544.0_x64__qbz5n2kfra8p0\Lib\encodings\cp1252.py", line 19, in encode
    return codecs.charmap_encode(input,self.errors,encoding_table)[0]
           ^^^^^^^^^^^^^^^^^^^^^^^^^^^^^^^^^^^^^^^^^^^^^^^^^^^^^^^
UnicodeEncodeError: 'charmap' codec can't encode characters in position 84-85: character maps to <undefined>
2025-10-27 21:30:59,692 - __main__ - INFO - Generating hourly report...
2025-10-27 21:31:00,723 - __main__ - ERROR - Error in report generation loop: 'charmap' codec can't encode characters in position 84-85: character maps to <undefined>
Traceback (most recent call last):
  File "C:\Users\micro\Celsius AI\src\monitoring\celsius_hourly_reporter.py", line 314, in run
    print(report)
  File "C:\Program Files\WindowsApps\PythonSoftwareFoundation.Python.3.11_3.11.2544.0_x64__qbz5n2kfra8p0\Lib\encodings\cp1252.py", line 19, in encode
    return codecs.charmap_encode(input,self.errors,encoding_table)[0]
           ^^^^^^^^^^^^^^^^^^^^^^^^^^^^^^^^^^^^^^^^^^^^^^^^^^^^^^^
UnicodeEncodeError: 'charmap' codec can't encode characters in position 84-85: character maps to <undefined>
2025-10-27 21:32:00,735 - __main__ - INFO - Generating hourly report...
2025-10-27 21:32:01,759 - __main__ - ERROR - Error in report generation loop: 'charmap' codec can't encode characters in position 84-85: character maps to <undefined>
Traceback (most recent call last):
  File "C:\Users\micro\Celsius AI\src\monitoring\celsius_hourly_reporter.py", line 314, in run
    print(report)
  File "C:\Program Files\WindowsApps\PythonSoftwareFoundation.Python.3.11_3.11.2544.0_x64__qbz5n2kfra8p0\Lib\encodings\cp1252.py", line 19, in encode
    return codecs.charmap_encode(input,self.errors,encoding_table)[0]
           ^^^^^^^^^^^^^^^^^^^^^^^^^^^^^^^^^^^^^^^^^^^^^^^^^^^^^^^
UnicodeEncodeError: 'charmap' codec can't encode characters in position 84-85: character maps to <undefined>
2025-10-27 21:33:01,764 - __main__ - INFO - Generating hourly report...
2025-10-27 21:33:02,787 - __main__ - ERROR - Error in report generation loop: 'charmap' codec can't encode characters in position 84-85: character maps to <undefined>
Traceback (most recent call last):
  File "C:\Users\micro\Celsius AI\src\monitoring\celsius_hourly_reporter.py", line 314, in run
    print(report)
  File "C:\Program Files\WindowsApps\PythonSoftwareFoundation.Python.3.11_3.11.2544.0_x64__qbz5n2kfra8p0\Lib\encodings\cp1252.py", line 19, in encode
    return codecs.charmap_encode(input,self.errors,encoding_table)[0]
           ^^^^^^^^^^^^^^^^^^^^^^^^^^^^^^^^^^^^^^^^^^^^^^^^^^^^^^^
UnicodeEncodeError: 'charmap' codec can't encode characters in position 84-85: character maps to <undefined>
2025-10-27 21:34:02,791 - __main__ - INFO - Generating hourly report...
2025-10-27 21:34:03,834 - __main__ - ERROR - Error in report generation loop: 'charmap' codec can't encode characters in position 84-85: character maps to <undefined>
Traceback (most recent call last):
  File "C:\Users\micro\Celsius AI\src\monitoring\celsius_hourly_reporter.py", line 314, in run
    print(report)
  File "C:\Program Files\WindowsApps\PythonSoftwareFoundation.Python.3.11_3.11.2544.0_x64__qbz5n2kfra8p0\Lib\encodings\cp1252.py", line 19, in encode
    return codecs.charmap_encode(input,self.errors,encoding_table)[0]
           ^^^^^^^^^^^^^^^^^^^^^^^^^^^^^^^^^^^^^^^^^^^^^^^^^^^^^^^
UnicodeEncodeError: 'charmap' codec can't encode characters in position 84-85: character maps to <undefined>
2025-10-27 21:35:03,835 - __main__ - INFO - Generating hourly report...
2025-10-27 21:35:04,865 - __main__ - ERROR - Error in report generation loop: 'charmap' codec can't encode characters in position 84-85: character maps to <undefined>
Traceback (most recent call last):
  File "C:\Users\micro\Celsius AI\src\monitoring\celsius_hourly_reporter.py", line 314, in run
    print(report)
  File "C:\Program Files\WindowsApps\PythonSoftwareFoundation.Python.3.11_3.11.2544.0_x64__qbz5n2kfra8p0\Lib\encodings\cp1252.py", line 19, in encode
    return codecs.charmap_encode(input,self.errors,encoding_table)[0]
           ^^^^^^^^^^^^^^^^^^^^^^^^^^^^^^^^^^^^^^^^^^^^^^^^^^^^^^^
UnicodeEncodeError: 'charmap' codec can't encode characters in position 84-85: character maps to <undefined>
2025-10-27 21:36:04,866 - __main__ - INFO - Generating hourly report...
2025-10-27 21:36:05,887 - __main__ - ERROR - Error in report generation loop: 'charmap' codec can't encode characters in position 84-85: character maps to <undefined>
Traceback (most recent call last):
  File "C:\Users\micro\Celsius AI\src\monitoring\celsius_hourly_reporter.py", line 314, in run
    print(report)
  File "C:\Program Files\WindowsApps\PythonSoftwareFoundation.Python.3.11_3.11.2544.0_x64__qbz5n2kfra8p0\Lib\encodings\cp1252.py", line 19, in encode
    return codecs.charmap_encode(input,self.errors,encoding_table)[0]
           ^^^^^^^^^^^^^^^^^^^^^^^^^^^^^^^^^^^^^^^^^^^^^^^^^^^^^^^
UnicodeEncodeError: 'charmap' codec can't encode characters in position 84-85: character maps to <undefined>
2025-10-27 21:37:05,895 - __main__ - INFO - Generating hourly report...
2025-10-27 21:37:06,928 - __main__ - ERROR - Error in report generation loop: 'charmap' codec can't encode characters in position 84-85: character maps to <undefined>
Traceback (most recent call last):
  File "C:\Users\micro\Celsius AI\src\monitoring\celsius_hourly_reporter.py", line 314, in run
    print(report)
  File "C:\Program Files\WindowsApps\PythonSoftwareFoundation.Python.3.11_3.11.2544.0_x64__qbz5n2kfra8p0\Lib\encodings\cp1252.py", line 19, in encode
    return codecs.charmap_encode(input,self.errors,encoding_table)[0]
           ^^^^^^^^^^^^^^^^^^^^^^^^^^^^^^^^^^^^^^^^^^^^^^^^^^^^^^^
UnicodeEncodeError: 'charmap' codec can't encode characters in position 84-85: character maps to <undefined>
2025-10-27 21:38:06,929 - __main__ - INFO - Generating hourly report...
2025-10-27 21:38:07,952 - __main__ - ERROR - Error in report generation loop: 'charmap' codec can't encode characters in position 84-85: character maps to <undefined>
Traceback (most recent call last):
  File "C:\Users\micro\Celsius AI\src\monitoring\celsius_hourly_reporter.py", line 314, in run
    print(report)
  File "C:\Program Files\WindowsApps\PythonSoftwareFoundation.Python.3.11_3.11.2544.0_x64__qbz5n2kfra8p0\Lib\encodings\cp1252.py", line 19, in encode
    return codecs.charmap_encode(input,self.errors,encoding_table)[0]
           ^^^^^^^^^^^^^^^^^^^^^^^^^^^^^^^^^^^^^^^^^^^^^^^^^^^^^^^
UnicodeEncodeError: 'charmap' codec can't encode characters in position 84-85: character maps to <undefined>
2025-10-27 21:39:07,959 - __main__ - INFO - Generating hourly report...
2025-10-27 21:39:08,983 - __main__ - ERROR - Error in report generation loop: 'charmap' codec can't encode characters in position 84-85: character maps to <undefined>
Traceback (most recent call last):
  File "C:\Users\micro\Celsius AI\src\monitoring\celsius_hourly_reporter.py", line 314, in run
    print(report)
  File "C:\Program Files\WindowsApps\PythonSoftwareFoundation.Python.3.11_3.11.2544.0_x64__qbz5n2kfra8p0\Lib\encodings\cp1252.py", line 19, in encode
    return codecs.charmap_encode(input,self.errors,encoding_table)[0]
           ^^^^^^^^^^^^^^^^^^^^^^^^^^^^^^^^^^^^^^^^^^^^^^^^^^^^^^^
UnicodeEncodeError: 'charmap' codec can't encode characters in position 84-85: character maps to <undefined>
2025-10-27 21:40:08,990 - __main__ - INFO - Generating hourly report...
2025-10-27 21:40:10,015 - __main__ - ERROR - Error in report generation loop: 'charmap' codec can't encode characters in position 84-85: character maps to <undefined>
Traceback (most recent call last):
  File "C:\Users\micro\Celsius AI\src\monitoring\celsius_hourly_reporter.py", line 314, in run
    print(report)
  File "C:\Program Files\WindowsApps\PythonSoftwareFoundation.Python.3.11_3.11.2544.0_x64__qbz5n2kfra8p0\Lib\encodings\cp1252.py", line 19, in encode
    return codecs.charmap_encode(input,self.errors,encoding_table)[0]
           ^^^^^^^^^^^^^^^^^^^^^^^^^^^^^^^^^^^^^^^^^^^^^^^^^^^^^^^
UnicodeEncodeError: 'charmap' codec can't encode characters in position 84-85: character maps to <undefined>
2025-10-27 21:41:10,017 - __main__ - INFO - Generating hourly report...
2025-10-27 21:41:11,040 - __main__ - ERROR - Error in report generation loop: 'charmap' codec can't encode characters in position 84-85: character maps to <undefined>
Traceback (most recent call last):
  File "C:\Users\micro\Celsius AI\src\monitoring\celsius_hourly_reporter.py", line 314, in run
    print(report)
  File "C:\Program Files\WindowsApps\PythonSoftwareFoundation.Python.3.11_3.11.2544.0_x64__qbz5n2kfra8p0\Lib\encodings\cp1252.py", line 19, in encode
    return codecs.charmap_encode(input,self.errors,encoding_table)[0]
           ^^^^^^^^^^^^^^^^^^^^^^^^^^^^^^^^^^^^^^^^^^^^^^^^^^^^^^^
UnicodeEncodeError: 'charmap' codec can't encode characters in position 84-85: character maps to <undefined>
2025-10-27 21:42:11,056 - __main__ - INFO - Generating hourly report...
2025-10-27 21:42:12,081 - __main__ - ERROR - Error in report generation loop: 'charmap' codec can't encode characters in position 84-85: character maps to <undefined>
Traceback (most recent call last):
  File "C:\Users\micro\Celsius AI\src\monitoring\celsius_hourly_reporter.py", line 314, in run
    print(report)
  File "C:\Program Files\WindowsApps\PythonSoftwareFoundation.Python.3.11_3.11.2544.0_x64__qbz5n2kfra8p0\Lib\encodings\cp1252.py", line 19, in encode
    return codecs.charmap_encode(input,self.errors,encoding_table)[0]
           ^^^^^^^^^^^^^^^^^^^^^^^^^^^^^^^^^^^^^^^^^^^^^^^^^^^^^^^
UnicodeEncodeError: 'charmap' codec can't encode characters in position 84-85: character maps to <undefined>
2025-10-27 21:43:12,096 - __main__ - INFO - Generating hourly report...
2025-10-27 21:43:13,119 - __main__ - ERROR - Error in report generation loop: 'charmap' codec can't encode characters in position 84-85: character maps to <undefined>
Traceback (most recent call last):
  File "C:\Users\micro\Celsius AI\src\monitoring\celsius_hourly_reporter.py", line 314, in run
    print(report)
  File "C:\Program Files\WindowsApps\PythonSoftwareFoundation.Python.3.11_3.11.2544.0_x64__qbz5n2kfra8p0\Lib\encodings\cp1252.py", line 19, in encode
    return codecs.charmap_encode(input,self.errors,encoding_table)[0]
           ^^^^^^^^^^^^^^^^^^^^^^^^^^^^^^^^^^^^^^^^^^^^^^^^^^^^^^^
UnicodeEncodeError: 'charmap' codec can't encode characters in position 84-85: character maps to <undefined>
2025-10-27 21:44:13,133 - __main__ - INFO - Generating hourly report...
2025-10-27 21:44:14,161 - __main__ - ERROR - Error in report generation loop: 'charmap' codec can't encode characters in position 84-85: character maps to <undefined>
Traceback (most recent call last):
  File "C:\Users\micro\Celsius AI\src\monitoring\celsius_hourly_reporter.py", line 314, in run
    print(report)
  File "C:\Program Files\WindowsApps\PythonSoftwareFoundation.Python.3.11_3.11.2544.0_x64__qbz5n2kfra8p0\Lib\encodings\cp1252.py", line 19, in encode
    return codecs.charmap_encode(input,self.errors,encoding_table)[0]
           ^^^^^^^^^^^^^^^^^^^^^^^^^^^^^^^^^^^^^^^^^^^^^^^^^^^^^^^
UnicodeEncodeError: 'charmap' codec can't encode characters in position 84-85: character maps to <undefined>
2025-10-27 21:45:14,162 - __main__ - INFO - Generating hourly report...
2025-10-27 21:45:15,186 - __main__ - ERROR - Error in report generation loop: 'charmap' codec can't encode characters in position 84-85: character maps to <undefined>
Traceback (most recent call last):
  File "C:\Users\micro\Celsius AI\src\monitoring\celsius_hourly_reporter.py", line 314, in run
    print(report)
  File "C:\Program Files\WindowsApps\PythonSoftwareFoundation.Python.3.11_3.11.2544.0_x64__qbz5n2kfra8p0\Lib\encodings\cp1252.py", line 19, in encode
    return codecs.charmap_encode(input,self.errors,encoding_table)[0]
           ^^^^^^^^^^^^^^^^^^^^^^^^^^^^^^^^^^^^^^^^^^^^^^^^^^^^^^^
UnicodeEncodeError: 'charmap' codec can't encode characters in position 84-85: character maps to <undefined>
2025-10-27 21:46:15,199 - __main__ - INFO - Generating hourly report...
2025-10-27 21:46:16,222 - __main__ - ERROR - Error in report generation loop: 'charmap' codec can't encode characters in position 84-85: character maps to <undefined>
Traceback (most recent call last):
  File "C:\Users\micro\Celsius AI\src\monitoring\celsius_hourly_reporter.py", line 314, in run
    print(report)
  File "C:\Program Files\WindowsApps\PythonSoftwareFoundation.Python.3.11_3.11.2544.0_x64__qbz5n2kfra8p0\Lib\encodings\cp1252.py", line 19, in encode
    return codecs.charmap_encode(input,self.errors,encoding_table)[0]
           ^^^^^^^^^^^^^^^^^^^^^^^^^^^^^^^^^^^^^^^^^^^^^^^^^^^^^^^
UnicodeEncodeError: 'charmap' codec can't encode characters in position 84-85: character maps to <undefined>
2025-10-27 21:47:16,226 - __main__ - INFO - Generating hourly report...
2025-10-27 21:47:17,248 - __main__ - ERROR - Error in report generation loop: 'charmap' codec can't encode characters in position 84-85: character maps to <undefined>
Traceback (most recent call last):
  File "C:\Users\micro\Celsius AI\src\monitoring\celsius_hourly_reporter.py", line 314, in run
    print(report)
  File "C:\Program Files\WindowsApps\PythonSoftwareFoundation.Python.3.11_3.11.2544.0_x64__qbz5n2kfra8p0\Lib\encodings\cp1252.py", line 19, in encode
    return codecs.charmap_encode(input,self.errors,encoding_table)[0]
           ^^^^^^^^^^^^^^^^^^^^^^^^^^^^^^^^^^^^^^^^^^^^^^^^^^^^^^^
UnicodeEncodeError: 'charmap' codec can't encode characters in position 84-85: character maps to <undefined>
2025-10-27 21:48:17,256 - __main__ - INFO - Generating hourly report...
2025-10-27 21:48:18,278 - __main__ - ERROR - Error in report generation loop: 'charmap' codec can't encode characters in position 84-85: character maps to <undefined>
Traceback (most recent call last):
  File "C:\Users\micro\Celsius AI\src\monitoring\celsius_hourly_reporter.py", line 314, in run
    print(report)
  File "C:\Program Files\WindowsApps\PythonSoftwareFoundation.Python.3.11_3.11.2544.0_x64__qbz5n2kfra8p0\Lib\encodings\cp1252.py", line 19, in encode
    return codecs.charmap_encode(input,self.errors,encoding_table)[0]
           ^^^^^^^^^^^^^^^^^^^^^^^^^^^^^^^^^^^^^^^^^^^^^^^^^^^^^^^
UnicodeEncodeError: 'charmap' codec can't encode characters in position 84-85: character maps to <undefined>
2025-10-27 21:49:18,285 - __main__ - INFO - Generating hourly report...
2025-10-27 21:49:19,308 - __main__ - ERROR - Error in report generation loop: 'charmap' codec can't encode characters in position 84-85: character maps to <undefined>
Traceback (most recent call last):
  File "C:\Users\micro\Celsius AI\src\monitoring\celsius_hourly_reporter.py", line 314, in run
    print(report)
  File "C:\Program Files\WindowsApps\PythonSoftwareFoundation.Python.3.11_3.11.2544.0_x64__qbz5n2kfra8p0\Lib\encodings\cp1252.py", line 19, in encode
    return codecs.charmap_encode(input,self.errors,encoding_table)[0]
           ^^^^^^^^^^^^^^^^^^^^^^^^^^^^^^^^^^^^^^^^^^^^^^^^^^^^^^^
UnicodeEncodeError: 'charmap' codec can't encode characters in position 84-85: character maps to <undefined>
2025-10-27 21:50:19,323 - __main__ - INFO - Generating hourly report...
2025-10-27 21:50:20,347 - __main__ - ERROR - Error in report generation loop: 'charmap' codec can't encode characters in position 84-85: character maps to <undefined>
Traceback (most recent call last):
  File "C:\Users\micro\Celsius AI\src\monitoring\celsius_hourly_reporter.py", line 314, in run
    print(report)
  File "C:\Program Files\WindowsApps\PythonSoftwareFoundation.Python.3.11_3.11.2544.0_x64__qbz5n2kfra8p0\Lib\encodings\cp1252.py", line 19, in encode
    return codecs.charmap_encode(input,self.errors,encoding_table)[0]
           ^^^^^^^^^^^^^^^^^^^^^^^^^^^^^^^^^^^^^^^^^^^^^^^^^^^^^^^
UnicodeEncodeError: 'charmap' codec can't encode characters in position 84-85: character maps to <undefined>
2025-10-27 21:51:20,351 - __main__ - INFO - Generating hourly report...
2025-10-27 21:51:21,374 - __main__ - ERROR - Error in report generation loop: 'charmap' codec can't encode characters in position 84-85: character maps to <undefined>
Traceback (most recent call last):
  File "C:\Users\micro\Celsius AI\src\monitoring\celsius_hourly_reporter.py", line 314, in run
    print(report)
  File "C:\Program Files\WindowsApps\PythonSoftwareFoundation.Python.3.11_3.11.2544.0_x64__qbz5n2kfra8p0\Lib\encodings\cp1252.py", line 19, in encode
    return codecs.charmap_encode(input,self.errors,encoding_table)[0]
           ^^^^^^^^^^^^^^^^^^^^^^^^^^^^^^^^^^^^^^^^^^^^^^^^^^^^^^^
UnicodeEncodeError: 'charmap' codec can't encode characters in position 84-85: character maps to <undefined>
2025-10-27 21:52:21,378 - __main__ - INFO - Generating hourly report...
2025-10-27 21:52:22,404 - __main__ - ERROR - Error in report generation loop: 'charmap' codec can't encode characters in position 84-85: character maps to <undefined>
Traceback (most recent call last):
  File "C:\Users\micro\Celsius AI\src\monitoring\celsius_hourly_reporter.py", line 314, in run
    print(report)
  File "C:\Program Files\WindowsApps\PythonSoftwareFoundation.Python.3.11_3.11.2544.0_x64__qbz5n2kfra8p0\Lib\encodings\cp1252.py", line 19, in encode
    return codecs.charmap_encode(input,self.errors,encoding_table)[0]
           ^^^^^^^^^^^^^^^^^^^^^^^^^^^^^^^^^^^^^^^^^^^^^^^^^^^^^^^
UnicodeEncodeError: 'charmap' codec can't encode characters in position 84-85: character maps to <undefined>
2025-10-27 21:53:22,411 - __main__ - INFO - Generating hourly report...
2025-10-27 21:53:23,448 - __main__ - ERROR - Error in report generation loop: 'charmap' codec can't encode characters in position 84-85: character maps to <undefined>
Traceback (most recent call last):
  File "C:\Users\micro\Celsius AI\src\monitoring\celsius_hourly_reporter.py", line 314, in run
    print(report)
  File "C:\Program Files\WindowsApps\PythonSoftwareFoundation.Python.3.11_3.11.2544.0_x64__qbz5n2kfra8p0\Lib\encodings\cp1252.py", line 19, in encode
    return codecs.charmap_encode(input,self.errors,encoding_table)[0]
           ^^^^^^^^^^^^^^^^^^^^^^^^^^^^^^^^^^^^^^^^^^^^^^^^^^^^^^^
UnicodeEncodeError: 'charmap' codec can't encode characters in position 84-85: character maps to <undefined>
2025-10-27 21:54:23,457 - __main__ - INFO - Generating hourly report...
2025-10-27 21:54:24,482 - __main__ - ERROR - Error in report generation loop: 'charmap' codec can't encode characters in position 84-85: character maps to <undefined>
Traceback (most recent call last):
  File "C:\Users\micro\Celsius AI\src\monitoring\celsius_hourly_reporter.py", line 314, in run
    print(report)
  File "C:\Program Files\WindowsApps\PythonSoftwareFoundation.Python.3.11_3.11.2544.0_x64__qbz5n2kfra8p0\Lib\encodings\cp1252.py", line 19, in encode
    return codecs.charmap_encode(input,self.errors,encoding_table)[0]
           ^^^^^^^^^^^^^^^^^^^^^^^^^^^^^^^^^^^^^^^^^^^^^^^^^^^^^^^
UnicodeEncodeError: 'charmap' codec can't encode characters in position 84-85: character maps to <undefined>
2025-10-27 21:55:24,492 - __main__ - INFO - Generating hourly report...
2025-10-27 21:55:25,516 - __main__ - ERROR - Error in report generation loop: 'charmap' codec can't encode characters in position 84-85: character maps to <undefined>
Traceback (most recent call last):
  File "C:\Users\micro\Celsius AI\src\monitoring\celsius_hourly_reporter.py", line 314, in run
    print(report)
  File "C:\Program Files\WindowsApps\PythonSoftwareFoundation.Python.3.11_3.11.2544.0_x64__qbz5n2kfra8p0\Lib\encodings\cp1252.py", line 19, in encode
    return codecs.charmap_encode(input,self.errors,encoding_table)[0]
           ^^^^^^^^^^^^^^^^^^^^^^^^^^^^^^^^^^^^^^^^^^^^^^^^^^^^^^^
UnicodeEncodeError: 'charmap' codec can't encode characters in position 84-85: character maps to <undefined>
2025-10-27 21:56:25,521 - __main__ - INFO - Generating hourly report...
2025-10-27 21:56:26,555 - __main__ - ERROR - Error in report generation loop: 'charmap' codec can't encode characters in position 84-85: character maps to <undefined>
Traceback (most recent call last):
  File "C:\Users\micro\Celsius AI\src\monitoring\celsius_hourly_reporter.py", line 314, in run
    print(report)
  File "C:\Program Files\WindowsApps\PythonSoftwareFoundation.Python.3.11_3.11.2544.0_x64__qbz5n2kfra8p0\Lib\encodings\cp1252.py", line 19, in encode
    return codecs.charmap_encode(input,self.errors,encoding_table)[0]
           ^^^^^^^^^^^^^^^^^^^^^^^^^^^^^^^^^^^^^^^^^^^^^^^^^^^^^^^
UnicodeEncodeError: 'charmap' codec can't encode characters in position 84-85: character maps to <undefined>
2025-10-27 21:57:26,557 - __main__ - INFO - Generating hourly report...
2025-10-27 21:57:27,578 - __main__ - ERROR - Error in report generation loop: 'charmap' codec can't encode characters in position 84-85: character maps to <undefined>
Traceback (most recent call last):
  File "C:\Users\micro\Celsius AI\src\monitoring\celsius_hourly_reporter.py", line 314, in run
    print(report)
  File "C:\Program Files\WindowsApps\PythonSoftwareFoundation.Python.3.11_3.11.2544.0_x64__qbz5n2kfra8p0\Lib\encodings\cp1252.py", line 19, in encode
    return codecs.charmap_encode(input,self.errors,encoding_table)[0]
           ^^^^^^^^^^^^^^^^^^^^^^^^^^^^^^^^^^^^^^^^^^^^^^^^^^^^^^^
UnicodeEncodeError: 'charmap' codec can't encode characters in position 84-85: character maps to <undefined>
2025-10-27 21:58:27,587 - __main__ - INFO - Generating hourly report...
2025-10-27 21:58:28,610 - __main__ - ERROR - Error in report generation loop: 'charmap' codec can't encode characters in position 84-85: character maps to <undefined>
Traceback (most recent call last):
  File "C:\Users\micro\Celsius AI\src\monitoring\celsius_hourly_reporter.py", line 314, in run
    print(report)
  File "C:\Program Files\WindowsApps\PythonSoftwareFoundation.Python.3.11_3.11.2544.0_x64__qbz5n2kfra8p0\Lib\encodings\cp1252.py", line 19, in encode
    return codecs.charmap_encode(input,self.errors,encoding_table)[0]
           ^^^^^^^^^^^^^^^^^^^^^^^^^^^^^^^^^^^^^^^^^^^^^^^^^^^^^^^
UnicodeEncodeError: 'charmap' codec can't encode characters in position 84-85: character maps to <undefined>
2025-10-27 21:59:28,615 - __main__ - INFO - Generating hourly report...
2025-10-27 21:59:29,636 - __main__ - ERROR - Error in report generation loop: 'charmap' codec can't encode characters in position 84-85: character maps to <undefined>
Traceback (most recent call last):
  File "C:\Users\micro\Celsius AI\src\monitoring\celsius_hourly_reporter.py", line 314, in run
    print(report)
  File "C:\Program Files\WindowsApps\PythonSoftwareFoundation.Python.3.11_3.11.2544.0_x64__qbz5n2kfra8p0\Lib\encodings\cp1252.py", line 19, in encode
    return codecs.charmap_encode(input,self.errors,encoding_table)[0]
           ^^^^^^^^^^^^^^^^^^^^^^^^^^^^^^^^^^^^^^^^^^^^^^^^^^^^^^^
UnicodeEncodeError: 'charmap' codec can't encode characters in position 84-85: character maps to <undefined>
2025-10-27 22:00:29,643 - __main__ - INFO - Generating hourly report...
2025-10-27 22:00:30,676 - __main__ - ERROR - Error in report generation loop: 'charmap' codec can't encode characters in position 84-85: character maps to <undefined>
Traceback (most recent call last):
  File "C:\Users\micro\Celsius AI\src\monitoring\celsius_hourly_reporter.py", line 314, in run
    print(report)
  File "C:\Program Files\WindowsApps\PythonSoftwareFoundation.Python.3.11_3.11.2544.0_x64__qbz5n2kfra8p0\Lib\encodings\cp1252.py", line 19, in encode
    return codecs.charmap_encode(input,self.errors,encoding_table)[0]
           ^^^^^^^^^^^^^^^^^^^^^^^^^^^^^^^^^^^^^^^^^^^^^^^^^^^^^^^
UnicodeEncodeError: 'charmap' codec can't encode characters in position 84-85: character maps to <undefined>
2025-10-27 22:01:30,687 - __main__ - INFO - Generating hourly report...
2025-10-27 22:01:31,710 - __main__ - ERROR - Error in report generation loop: 'charmap' codec can't encode characters in position 84-85: character maps to <undefined>
Traceback (most recent call last):
  File "C:\Users\micro\Celsius AI\src\monitoring\celsius_hourly_reporter.py", line 314, in run
    print(report)
  File "C:\Program Files\WindowsApps\PythonSoftwareFoundation.Python.3.11_3.11.2544.0_x64__qbz5n2kfra8p0\Lib\encodings\cp1252.py", line 19, in encode
    return codecs.charmap_encode(input,self.errors,encoding_table)[0]
           ^^^^^^^^^^^^^^^^^^^^^^^^^^^^^^^^^^^^^^^^^^^^^^^^^^^^^^^
UnicodeEncodeError: 'charmap' codec can't encode characters in position 84-85: character maps to <undefined>
2025-10-27 22:02:31,718 - __main__ - INFO - Generating hourly report...
2025-10-27 22:02:32,743 - __main__ - ERROR - Error in report generation loop: 'charmap' codec can't encode characters in position 84-85: character maps to <undefined>
Traceback (most recent call last):
  File "C:\Users\micro\Celsius AI\src\monitoring\celsius_hourly_reporter.py", line 314, in run
    print(report)
  File "C:\Program Files\WindowsApps\PythonSoftwareFoundation.Python.3.11_3.11.2544.0_x64__qbz5n2kfra8p0\Lib\encodings\cp1252.py", line 19, in encode
    return codecs.charmap_encode(input,self.errors,encoding_table)[0]
           ^^^^^^^^^^^^^^^^^^^^^^^^^^^^^^^^^^^^^^^^^^^^^^^^^^^^^^^
UnicodeEncodeError: 'charmap' codec can't encode characters in position 84-85: character maps to <undefined>
2025-10-27 22:03:32,744 - __main__ - INFO - Generating hourly report...
2025-10-27 22:03:33,770 - __main__ - ERROR - Error in report generation loop: 'charmap' codec can't encode characters in position 84-85: character maps to <undefined>
Traceback (most recent call last):
  File "C:\Users\micro\Celsius AI\src\monitoring\celsius_hourly_reporter.py", line 314, in run
    print(report)
  File "C:\Program Files\WindowsApps\PythonSoftwareFoundation.Python.3.11_3.11.2544.0_x64__qbz5n2kfra8p0\Lib\encodings\cp1252.py", line 19, in encode
    return codecs.charmap_encode(input,self.errors,encoding_table)[0]
           ^^^^^^^^^^^^^^^^^^^^^^^^^^^^^^^^^^^^^^^^^^^^^^^^^^^^^^^
UnicodeEncodeError: 'charmap' codec can't encode characters in position 84-85: character maps to <undefined>
2025-10-27 22:04:33,772 - __main__ - INFO - Generating hourly report...
2025-10-27 22:04:34,798 - __main__ - ERROR - Error in report generation loop: 'charmap' codec can't encode characters in position 84-85: character maps to <undefined>
Traceback (most recent call last):
  File "C:\Users\micro\Celsius AI\src\monitoring\celsius_hourly_reporter.py", line 314, in run
    print(report)
  File "C:\Program Files\WindowsApps\PythonSoftwareFoundation.Python.3.11_3.11.2544.0_x64__qbz5n2kfra8p0\Lib\encodings\cp1252.py", line 19, in encode
    return codecs.charmap_encode(input,self.errors,encoding_table)[0]
           ^^^^^^^^^^^^^^^^^^^^^^^^^^^^^^^^^^^^^^^^^^^^^^^^^^^^^^^
UnicodeEncodeError: 'charmap' codec can't encode characters in position 84-85: character maps to <undefined>
2025-10-27 22:05:28,403 - __main__ - INFO - Reports database initialized
2025-10-27 22:05:28,507 - __main__ - INFO - Email notifications enabled for hourly reports
2025-10-27 22:05:28,507 - __main__ - INFO - Hourly Reporter initialized
2025-10-27 22:05:28,507 - __main__ - INFO - Hourly Reporter started - generating reports every 3600 seconds
2025-10-27 22:21:43,187 - __main__ - INFO - Reports database initialized
2025-10-27 22:21:43,214 - __main__ - INFO - Email notifications enabled for hourly reports
2025-10-27 22:21:43,214 - __main__ - INFO - Hourly Reporter initialized
2025-10-27 22:21:43,214 - __main__ - INFO - Hourly Reporter started - generating reports every 3600 seconds
2025-10-27 23:21:43,613 - __main__ - INFO - Generating hourly report...
2025-10-27 23:21:44,834 - __main__ - ERROR - Error in report generation loop: 'charmap' codec can't encode characters in position 84-85: character maps to <undefined>
Traceback (most recent call last):
  File "C:\Users\micro\Celsius AI\src\monitoring\celsius_hourly_reporter.py", line 314, in run
    print(report)
  File "C:\Program Files\WindowsApps\PythonSoftwareFoundation.Python.3.11_3.11.2544.0_x64__qbz5n2kfra8p0\Lib\encodings\cp1252.py", line 19, in encode
    return codecs.charmap_encode(input,self.errors,encoding_table)[0]
           ^^^^^^^^^^^^^^^^^^^^^^^^^^^^^^^^^^^^^^^^^^^^^^^^^^^^^^^
UnicodeEncodeError: 'charmap' codec can't encode characters in position 84-85: character maps to <undefined>
2025-10-27 23:22:44,845 - __main__ - INFO - Generating hourly report...
2025-10-27 23:22:45,868 - __main__ - ERROR - Error in report generation loop: 'charmap' codec can't encode characters in position 84-85: character maps to <undefined>
Traceback (most recent call last):
  File "C:\Users\micro\Celsius AI\src\monitoring\celsius_hourly_reporter.py", line 314, in run
    print(report)
  File "C:\Program Files\WindowsApps\PythonSoftwareFoundation.Python.3.11_3.11.2544.0_x64__qbz5n2kfra8p0\Lib\encodings\cp1252.py", line 19, in encode
    return codecs.charmap_encode(input,self.errors,encoding_table)[0]
           ^^^^^^^^^^^^^^^^^^^^^^^^^^^^^^^^^^^^^^^^^^^^^^^^^^^^^^^
UnicodeEncodeError: 'charmap' codec can't encode characters in position 84-85: character maps to <undefined>
2025-10-27 23:23:45,869 - __main__ - INFO - Generating hourly report...
2025-10-27 23:23:46,892 - __main__ - ERROR - Error in report generation loop: 'charmap' codec can't encode characters in position 84-85: character maps to <undefined>
Traceback (most recent call last):
  File "C:\Users\micro\Celsius AI\src\monitoring\celsius_hourly_reporter.py", line 314, in run
    print(report)
  File "C:\Program Files\WindowsApps\PythonSoftwareFoundation.Python.3.11_3.11.2544.0_x64__qbz5n2kfra8p0\Lib\encodings\cp1252.py", line 19, in encode
    return codecs.charmap_encode(input,self.errors,encoding_table)[0]
           ^^^^^^^^^^^^^^^^^^^^^^^^^^^^^^^^^^^^^^^^^^^^^^^^^^^^^^^
UnicodeEncodeError: 'charmap' codec can't encode characters in position 84-85: character maps to <undefined>
2025-10-27 23:24:46,900 - __main__ - INFO - Generating hourly report...
2025-10-27 23:24:47,921 - __main__ - ERROR - Error in report generation loop: 'charmap' codec can't encode characters in position 84-85: character maps to <undefined>
Traceback (most recent call last):
  File "C:\Users\micro\Celsius AI\src\monitoring\celsius_hourly_reporter.py", line 314, in run
    print(report)
  File "C:\Program Files\WindowsApps\PythonSoftwareFoundation.Python.3.11_3.11.2544.0_x64__qbz5n2kfra8p0\Lib\encodings\cp1252.py", line 19, in encode
    return codecs.charmap_encode(input,self.errors,encoding_table)[0]
           ^^^^^^^^^^^^^^^^^^^^^^^^^^^^^^^^^^^^^^^^^^^^^^^^^^^^^^^
UnicodeEncodeError: 'charmap' codec can't encode characters in position 84-85: character maps to <undefined>
2025-10-27 23:25:47,937 - __main__ - INFO - Generating hourly report...
2025-10-27 23:25:48,960 - __main__ - ERROR - Error in report generation loop: 'charmap' codec can't encode characters in position 84-85: character maps to <undefined>
Traceback (most recent call last):
  File "C:\Users\micro\Celsius AI\src\monitoring\celsius_hourly_reporter.py", line 314, in run
    print(report)
  File "C:\Program Files\WindowsApps\PythonSoftwareFoundation.Python.3.11_3.11.2544.0_x64__qbz5n2kfra8p0\Lib\encodings\cp1252.py", line 19, in encode
    return codecs.charmap_encode(input,self.errors,encoding_table)[0]
           ^^^^^^^^^^^^^^^^^^^^^^^^^^^^^^^^^^^^^^^^^^^^^^^^^^^^^^^
UnicodeEncodeError: 'charmap' codec can't encode characters in position 84-85: character maps to <undefined>
2025-10-27 23:26:48,970 - __main__ - INFO - Generating hourly report...
2025-10-27 23:26:49,993 - __main__ - ERROR - Error in report generation loop: 'charmap' codec can't encode characters in position 84-85: character maps to <undefined>
Traceback (most recent call last):
  File "C:\Users\micro\Celsius AI\src\monitoring\celsius_hourly_reporter.py", line 314, in run
    print(report)
  File "C:\Program Files\WindowsApps\PythonSoftwareFoundation.Python.3.11_3.11.2544.0_x64__qbz5n2kfra8p0\Lib\encodings\cp1252.py", line 19, in encode
    return codecs.charmap_encode(input,self.errors,encoding_table)[0]
           ^^^^^^^^^^^^^^^^^^^^^^^^^^^^^^^^^^^^^^^^^^^^^^^^^^^^^^^
UnicodeEncodeError: 'charmap' codec can't encode characters in position 84-85: character maps to <undefined>
2025-10-27 23:27:50,000 - __main__ - INFO - Generating hourly report...
2025-10-27 23:27:51,023 - __main__ - ERROR - Error in report generation loop: 'charmap' codec can't encode characters in position 84-85: character maps to <undefined>
Traceback (most recent call last):
  File "C:\Users\micro\Celsius AI\src\monitoring\celsius_hourly_reporter.py", line 314, in run
    print(report)
  File "C:\Program Files\WindowsApps\PythonSoftwareFoundation.Python.3.11_3.11.2544.0_x64__qbz5n2kfra8p0\Lib\encodings\cp1252.py", line 19, in encode
    return codecs.charmap_encode(input,self.errors,encoding_table)[0]
           ^^^^^^^^^^^^^^^^^^^^^^^^^^^^^^^^^^^^^^^^^^^^^^^^^^^^^^^
UnicodeEncodeError: 'charmap' codec can't encode characters in position 84-85: character maps to <undefined>
2025-10-27 23:28:51,031 - __main__ - INFO - Generating hourly report...
2025-10-27 23:28:52,054 - __main__ - ERROR - Error in report generation loop: 'charmap' codec can't encode characters in position 84-85: character maps to <undefined>
Traceback (most recent call last):
  File "C:\Users\micro\Celsius AI\src\monitoring\celsius_hourly_reporter.py", line 314, in run
    print(report)
  File "C:\Program Files\WindowsApps\PythonSoftwareFoundation.Python.3.11_3.11.2544.0_x64__qbz5n2kfra8p0\Lib\encodings\cp1252.py", line 19, in encode
    return codecs.charmap_encode(input,self.errors,encoding_table)[0]
           ^^^^^^^^^^^^^^^^^^^^^^^^^^^^^^^^^^^^^^^^^^^^^^^^^^^^^^^
UnicodeEncodeError: 'charmap' codec can't encode characters in position 84-85: character maps to <undefined>
2025-10-27 23:29:52,061 - __main__ - INFO - Generating hourly report...
2025-10-27 23:29:53,085 - __main__ - ERROR - Error in report generation loop: 'charmap' codec can't encode characters in position 84-85: character maps to <undefined>
Traceback (most recent call last):
  File "C:\Users\micro\Celsius AI\src\monitoring\celsius_hourly_reporter.py", line 314, in run
    print(report)
  File "C:\Program Files\WindowsApps\PythonSoftwareFoundation.Python.3.11_3.11.2544.0_x64__qbz5n2kfra8p0\Lib\encodings\cp1252.py", line 19, in encode
    return codecs.charmap_encode(input,self.errors,encoding_table)[0]
           ^^^^^^^^^^^^^^^^^^^^^^^^^^^^^^^^^^^^^^^^^^^^^^^^^^^^^^^
UnicodeEncodeError: 'charmap' codec can't encode characters in position 84-85: character maps to <undefined>
2025-10-27 23:30:53,093 - __main__ - INFO - Generating hourly report...
2025-10-27 23:30:54,115 - __main__ - ERROR - Error in report generation loop: 'charmap' codec can't encode characters in position 84-85: character maps to <undefined>
Traceback (most recent call last):
  File "C:\Users\micro\Celsius AI\src\monitoring\celsius_hourly_reporter.py", line 314, in run
    print(report)
  File "C:\Program Files\WindowsApps\PythonSoftwareFoundation.Python.3.11_3.11.2544.0_x64__qbz5n2kfra8p0\Lib\encodings\cp1252.py", line 19, in encode
    return codecs.charmap_encode(input,self.errors,encoding_table)[0]
           ^^^^^^^^^^^^^^^^^^^^^^^^^^^^^^^^^^^^^^^^^^^^^^^^^^^^^^^
UnicodeEncodeError: 'charmap' codec can't encode characters in position 84-85: character maps to <undefined>
2025-10-27 23:31:54,124 - __main__ - INFO - Generating hourly report...
2025-10-27 23:31:55,147 - __main__ - ERROR - Error in report generation loop: 'charmap' codec can't encode characters in position 84-85: character maps to <undefined>
Traceback (most recent call last):
  File "C:\Users\micro\Celsius AI\src\monitoring\celsius_hourly_reporter.py", line 314, in run
    print(report)
  File "C:\Program Files\WindowsApps\PythonSoftwareFoundation.Python.3.11_3.11.2544.0_x64__qbz5n2kfra8p0\Lib\encodings\cp1252.py", line 19, in encode
    return codecs.charmap_encode(input,self.errors,encoding_table)[0]
           ^^^^^^^^^^^^^^^^^^^^^^^^^^^^^^^^^^^^^^^^^^^^^^^^^^^^^^^
UnicodeEncodeError: 'charmap' codec can't encode characters in position 84-85: character maps to <undefined>
2025-10-27 23:32:55,151 - __main__ - INFO - Generating hourly report...
2025-10-27 23:32:56,175 - __main__ - ERROR - Error in report generation loop: 'charmap' codec can't encode characters in position 84-85: character maps to <undefined>
Traceback (most recent call last):
  File "C:\Users\micro\Celsius AI\src\monitoring\celsius_hourly_reporter.py", line 314, in run
    print(report)
  File "C:\Program Files\WindowsApps\PythonSoftwareFoundation.Python.3.11_3.11.2544.0_x64__qbz5n2kfra8p0\Lib\encodings\cp1252.py", line 19, in encode
    return codecs.charmap_encode(input,self.errors,encoding_table)[0]
           ^^^^^^^^^^^^^^^^^^^^^^^^^^^^^^^^^^^^^^^^^^^^^^^^^^^^^^^
UnicodeEncodeError: 'charmap' codec can't encode characters in position 84-85: character maps to <undefined>
2025-10-27 23:33:56,182 - __main__ - INFO - Generating hourly report...
2025-10-27 23:33:57,206 - __main__ - ERROR - Error in report generation loop: 'charmap' codec can't encode characters in position 84-85: character maps to <undefined>
Traceback (most recent call last):
  File "C:\Users\micro\Celsius AI\src\monitoring\celsius_hourly_reporter.py", line 314, in run
    print(report)
  File "C:\Program Files\WindowsApps\PythonSoftwareFoundation.Python.3.11_3.11.2544.0_x64__qbz5n2kfra8p0\Lib\encodings\cp1252.py", line 19, in encode
    return codecs.charmap_encode(input,self.errors,encoding_table)[0]
           ^^^^^^^^^^^^^^^^^^^^^^^^^^^^^^^^^^^^^^^^^^^^^^^^^^^^^^^
UnicodeEncodeError: 'charmap' codec can't encode characters in position 84-85: character maps to <undefined>
2025-10-27 23:34:57,216 - __main__ - INFO - Generating hourly report...
2025-10-27 23:34:58,243 - __main__ - ERROR - Error in report generation loop: 'charmap' codec can't encode characters in position 84-85: character maps to <undefined>
Traceback (most recent call last):
  File "C:\Users\micro\Celsius AI\src\monitoring\celsius_hourly_reporter.py", line 314, in run
    print(report)
  File "C:\Program Files\WindowsApps\PythonSoftwareFoundation.Python.3.11_3.11.2544.0_x64__qbz5n2kfra8p0\Lib\encodings\cp1252.py", line 19, in encode
    return codecs.charmap_encode(input,self.errors,encoding_table)[0]
           ^^^^^^^^^^^^^^^^^^^^^^^^^^^^^^^^^^^^^^^^^^^^^^^^^^^^^^^
UnicodeEncodeError: 'charmap' codec can't encode characters in position 84-85: character maps to <undefined>
2025-10-27 23:35:58,244 - __main__ - INFO - Generating hourly report...
2025-10-27 23:35:59,264 - __main__ - ERROR - Error in report generation loop: 'charmap' codec can't encode characters in position 84-85: character maps to <undefined>
Traceback (most recent call last):
  File "C:\Users\micro\Celsius AI\src\monitoring\celsius_hourly_reporter.py", line 314, in run
    print(report)
  File "C:\Program Files\WindowsApps\PythonSoftwareFoundation.Python.3.11_3.11.2544.0_x64__qbz5n2kfra8p0\Lib\encodings\cp1252.py", line 19, in encode
    return codecs.charmap_encode(input,self.errors,encoding_table)[0]
           ^^^^^^^^^^^^^^^^^^^^^^^^^^^^^^^^^^^^^^^^^^^^^^^^^^^^^^^
UnicodeEncodeError: 'charmap' codec can't encode characters in position 84-85: character maps to <undefined>
2025-10-27 23:36:59,272 - __main__ - INFO - Generating hourly report...
2025-10-27 23:37:00,293 - __main__ - ERROR - Error in report generation loop: 'charmap' codec can't encode characters in position 84-85: character maps to <undefined>
Traceback (most recent call last):
  File "C:\Users\micro\Celsius AI\src\monitoring\celsius_hourly_reporter.py", line 314, in run
    print(report)
  File "C:\Program Files\WindowsApps\PythonSoftwareFoundation.Python.3.11_3.11.2544.0_x64__qbz5n2kfra8p0\Lib\encodings\cp1252.py", line 19, in encode
    return codecs.charmap_encode(input,self.errors,encoding_table)[0]
           ^^^^^^^^^^^^^^^^^^^^^^^^^^^^^^^^^^^^^^^^^^^^^^^^^^^^^^^
UnicodeEncodeError: 'charmap' codec can't encode characters in position 84-85: character maps to <undefined>
2025-10-27 23:38:00,300 - __main__ - INFO - Generating hourly report...
2025-10-27 23:38:01,320 - __main__ - ERROR - Error in report generation loop: 'charmap' codec can't encode characters in position 84-85: character maps to <undefined>
Traceback (most recent call last):
  File "C:\Users\micro\Celsius AI\src\monitoring\celsius_hourly_reporter.py", line 314, in run
    print(report)
  File "C:\Program Files\WindowsApps\PythonSoftwareFoundation.Python.3.11_3.11.2544.0_x64__qbz5n2kfra8p0\Lib\encodings\cp1252.py", line 19, in encode
    return codecs.charmap_encode(input,self.errors,encoding_table)[0]
           ^^^^^^^^^^^^^^^^^^^^^^^^^^^^^^^^^^^^^^^^^^^^^^^^^^^^^^^
UnicodeEncodeError: 'charmap' codec can't encode characters in position 84-85: character maps to <undefined>
2025-10-27 23:39:01,330 - __main__ - INFO - Generating hourly report...
2025-10-27 23:39:02,353 - __main__ - ERROR - Error in report generation loop: 'charmap' codec can't encode characters in position 84-85: character maps to <undefined>
Traceback (most recent call last):
  File "C:\Users\micro\Celsius AI\src\monitoring\celsius_hourly_reporter.py", line 314, in run
    print(report)
  File "C:\Program Files\WindowsApps\PythonSoftwareFoundation.Python.3.11_3.11.2544.0_x64__qbz5n2kfra8p0\Lib\encodings\cp1252.py", line 19, in encode
    return codecs.charmap_encode(input,self.errors,encoding_table)[0]
           ^^^^^^^^^^^^^^^^^^^^^^^^^^^^^^^^^^^^^^^^^^^^^^^^^^^^^^^
UnicodeEncodeError: 'charmap' codec can't encode characters in position 84-85: character maps to <undefined>
2025-10-27 23:40:02,361 - __main__ - INFO - Generating hourly report...
2025-10-27 23:40:03,383 - __main__ - ERROR - Error in report generation loop: 'charmap' codec can't encode characters in position 84-85: character maps to <undefined>
Traceback (most recent call last):
  File "C:\Users\micro\Celsius AI\src\monitoring\celsius_hourly_reporter.py", line 314, in run
    print(report)
  File "C:\Program Files\WindowsApps\PythonSoftwareFoundation.Python.3.11_3.11.2544.0_x64__qbz5n2kfra8p0\Lib\encodings\cp1252.py", line 19, in encode
    return codecs.charmap_encode(input,self.errors,encoding_table)[0]
           ^^^^^^^^^^^^^^^^^^^^^^^^^^^^^^^^^^^^^^^^^^^^^^^^^^^^^^^
UnicodeEncodeError: 'charmap' codec can't encode characters in position 84-85: character maps to <undefined>
2025-10-27 23:41:03,390 - __main__ - INFO - Generating hourly report...
2025-10-27 23:41:04,412 - __main__ - ERROR - Error in report generation loop: 'charmap' codec can't encode characters in position 84-85: character maps to <undefined>
Traceback (most recent call last):
  File "C:\Users\micro\Celsius AI\src\monitoring\celsius_hourly_reporter.py", line 314, in run
    print(report)
  File "C:\Program Files\WindowsApps\PythonSoftwareFoundation.Python.3.11_3.11.2544.0_x64__qbz5n2kfra8p0\Lib\encodings\cp1252.py", line 19, in encode
    return codecs.charmap_encode(input,self.errors,encoding_table)[0]
           ^^^^^^^^^^^^^^^^^^^^^^^^^^^^^^^^^^^^^^^^^^^^^^^^^^^^^^^
UnicodeEncodeError: 'charmap' codec can't encode characters in position 84-85: character maps to <undefined>
2025-10-27 23:42:04,415 - __main__ - INFO - Generating hourly report...
2025-10-27 23:42:05,439 - __main__ - ERROR - Error in report generation loop: 'charmap' codec can't encode characters in position 84-85: character maps to <undefined>
Traceback (most recent call last):
  File "C:\Users\micro\Celsius AI\src\monitoring\celsius_hourly_reporter.py", line 314, in run
    print(report)
  File "C:\Program Files\WindowsApps\PythonSoftwareFoundation.Python.3.11_3.11.2544.0_x64__qbz5n2kfra8p0\Lib\encodings\cp1252.py", line 19, in encode
    return codecs.charmap_encode(input,self.errors,encoding_table)[0]
           ^^^^^^^^^^^^^^^^^^^^^^^^^^^^^^^^^^^^^^^^^^^^^^^^^^^^^^^
UnicodeEncodeError: 'charmap' codec can't encode characters in position 84-85: character maps to <undefined>
2025-10-27 23:43:05,447 - __main__ - INFO - Generating hourly report...
2025-10-27 23:43:06,470 - __main__ - ERROR - Error in report generation loop: 'charmap' codec can't encode characters in position 84-85: character maps to <undefined>
Traceback (most recent call last):
  File "C:\Users\micro\Celsius AI\src\monitoring\celsius_hourly_reporter.py", line 314, in run
    print(report)
  File "C:\Program Files\WindowsApps\PythonSoftwareFoundation.Python.3.11_3.11.2544.0_x64__qbz5n2kfra8p0\Lib\encodings\cp1252.py", line 19, in encode
    return codecs.charmap_encode(input,self.errors,encoding_table)[0]
           ^^^^^^^^^^^^^^^^^^^^^^^^^^^^^^^^^^^^^^^^^^^^^^^^^^^^^^^
UnicodeEncodeError: 'charmap' codec can't encode characters in position 84-85: character maps to <undefined>
2025-10-27 23:44:06,481 - __main__ - INFO - Generating hourly report...
2025-10-27 23:44:07,505 - __main__ - ERROR - Error in report generation loop: 'charmap' codec can't encode characters in position 84-85: character maps to <undefined>
Traceback (most recent call last):
  File "C:\Users\micro\Celsius AI\src\monitoring\celsius_hourly_reporter.py", line 314, in run
    print(report)
  File "C:\Program Files\WindowsApps\PythonSoftwareFoundation.Python.3.11_3.11.2544.0_x64__qbz5n2kfra8p0\Lib\encodings\cp1252.py", line 19, in encode
    return codecs.charmap_encode(input,self.errors,encoding_table)[0]
           ^^^^^^^^^^^^^^^^^^^^^^^^^^^^^^^^^^^^^^^^^^^^^^^^^^^^^^^
UnicodeEncodeError: 'charmap' codec can't encode characters in position 84-85: character maps to <undefined>
2025-10-27 23:45:07,520 - __main__ - INFO - Generating hourly report...
2025-10-27 23:45:08,544 - __main__ - ERROR - Error in report generation loop: 'charmap' codec can't encode characters in position 84-85: character maps to <undefined>
Traceback (most recent call last):
  File "C:\Users\micro\Celsius AI\src\monitoring\celsius_hourly_reporter.py", line 314, in run
    print(report)
  File "C:\Program Files\WindowsApps\PythonSoftwareFoundation.Python.3.11_3.11.2544.0_x64__qbz5n2kfra8p0\Lib\encodings\cp1252.py", line 19, in encode
    return codecs.charmap_encode(input,self.errors,encoding_table)[0]
           ^^^^^^^^^^^^^^^^^^^^^^^^^^^^^^^^^^^^^^^^^^^^^^^^^^^^^^^
UnicodeEncodeError: 'charmap' codec can't encode characters in position 84-85: character maps to <undefined>
2025-10-27 23:46:08,551 - __main__ - INFO - Generating hourly report...
2025-10-27 23:46:09,574 - __main__ - ERROR - Error in report generation loop: 'charmap' codec can't encode characters in position 84-85: character maps to <undefined>
Traceback (most recent call last):
  File "C:\Users\micro\Celsius AI\src\monitoring\celsius_hourly_reporter.py", line 314, in run
    print(report)
  File "C:\Program Files\WindowsApps\PythonSoftwareFoundation.Python.3.11_3.11.2544.0_x64__qbz5n2kfra8p0\Lib\encodings\cp1252.py", line 19, in encode
    return codecs.charmap_encode(input,self.errors,encoding_table)[0]
           ^^^^^^^^^^^^^^^^^^^^^^^^^^^^^^^^^^^^^^^^^^^^^^^^^^^^^^^
UnicodeEncodeError: 'charmap' codec can't encode characters in position 84-85: character maps to <undefined>
2025-10-27 23:47:09,583 - __main__ - INFO - Generating hourly report...
2025-10-27 23:47:10,606 - __main__ - ERROR - Error in report generation loop: 'charmap' codec can't encode characters in position 84-85: character maps to <undefined>
Traceback (most recent call last):
  File "C:\Users\micro\Celsius AI\src\monitoring\celsius_hourly_reporter.py", line 314, in run
    print(report)
  File "C:\Program Files\WindowsApps\PythonSoftwareFoundation.Python.3.11_3.11.2544.0_x64__qbz5n2kfra8p0\Lib\encodings\cp1252.py", line 19, in encode
    return codecs.charmap_encode(input,self.errors,encoding_table)[0]
           ^^^^^^^^^^^^^^^^^^^^^^^^^^^^^^^^^^^^^^^^^^^^^^^^^^^^^^^
UnicodeEncodeError: 'charmap' codec can't encode characters in position 84-85: character maps to <undefined>
2025-10-27 23:48:10,615 - __main__ - INFO - Generating hourly report...
2025-10-27 23:48:11,639 - __main__ - ERROR - Error in report generation loop: 'charmap' codec can't encode characters in position 84-85: character maps to <undefined>
Traceback (most recent call last):
  File "C:\Users\micro\Celsius AI\src\monitoring\celsius_hourly_reporter.py", line 314, in run
    print(report)
  File "C:\Program Files\WindowsApps\PythonSoftwareFoundation.Python.3.11_3.11.2544.0_x64__qbz5n2kfra8p0\Lib\encodings\cp1252.py", line 19, in encode
    return codecs.charmap_encode(input,self.errors,encoding_table)[0]
           ^^^^^^^^^^^^^^^^^^^^^^^^^^^^^^^^^^^^^^^^^^^^^^^^^^^^^^^
UnicodeEncodeError: 'charmap' codec can't encode characters in position 84-85: character maps to <undefined>
2025-10-27 23:49:11,645 - __main__ - INFO - Generating hourly report...
2025-10-27 23:49:12,666 - __main__ - ERROR - Error in report generation loop: 'charmap' codec can't encode characters in position 84-85: character maps to <undefined>
Traceback (most recent call last):
  File "C:\Users\micro\Celsius AI\src\monitoring\celsius_hourly_reporter.py", line 314, in run
    print(report)
  File "C:\Program Files\WindowsApps\PythonSoftwareFoundation.Python.3.11_3.11.2544.0_x64__qbz5n2kfra8p0\Lib\encodings\cp1252.py", line 19, in encode
    return codecs.charmap_encode(input,self.errors,encoding_table)[0]
           ^^^^^^^^^^^^^^^^^^^^^^^^^^^^^^^^^^^^^^^^^^^^^^^^^^^^^^^
UnicodeEncodeError: 'charmap' codec can't encode characters in position 84-85: character maps to <undefined>
2025-10-27 23:50:12,672 - __main__ - INFO - Generating hourly report...
2025-10-27 23:50:13,695 - __main__ - ERROR - Error in report generation loop: 'charmap' codec can't encode characters in position 84-85: character maps to <undefined>
Traceback (most recent call last):
  File "C:\Users\micro\Celsius AI\src\monitoring\celsius_hourly_reporter.py", line 314, in run
    print(report)
  File "C:\Program Files\WindowsApps\PythonSoftwareFoundation.Python.3.11_3.11.2544.0_x64__qbz5n2kfra8p0\Lib\encodings\cp1252.py", line 19, in encode
    return codecs.charmap_encode(input,self.errors,encoding_table)[0]
           ^^^^^^^^^^^^^^^^^^^^^^^^^^^^^^^^^^^^^^^^^^^^^^^^^^^^^^^
UnicodeEncodeError: 'charmap' codec can't encode characters in position 84-85: character maps to <undefined>
2025-10-27 23:51:13,703 - __main__ - INFO - Generating hourly report...
2025-10-27 23:51:14,726 - __main__ - ERROR - Error in report generation loop: 'charmap' codec can't encode characters in position 84-85: character maps to <undefined>
Traceback (most recent call last):
  File "C:\Users\micro\Celsius AI\src\monitoring\celsius_hourly_reporter.py", line 314, in run
    print(report)
  File "C:\Program Files\WindowsApps\PythonSoftwareFoundation.Python.3.11_3.11.2544.0_x64__qbz5n2kfra8p0\Lib\encodings\cp1252.py", line 19, in encode
    return codecs.charmap_encode(input,self.errors,encoding_table)[0]
           ^^^^^^^^^^^^^^^^^^^^^^^^^^^^^^^^^^^^^^^^^^^^^^^^^^^^^^^
UnicodeEncodeError: 'charmap' codec can't encode characters in position 84-85: character maps to <undefined>
2025-10-27 23:52:14,734 - __main__ - INFO - Generating hourly report...
2025-10-27 23:52:15,757 - __main__ - ERROR - Error in report generation loop: 'charmap' codec can't encode characters in position 84-85: character maps to <undefined>
Traceback (most recent call last):
  File "C:\Users\micro\Celsius AI\src\monitoring\celsius_hourly_reporter.py", line 314, in run
    print(report)
  File "C:\Program Files\WindowsApps\PythonSoftwareFoundation.Python.3.11_3.11.2544.0_x64__qbz5n2kfra8p0\Lib\encodings\cp1252.py", line 19, in encode
    return codecs.charmap_encode(input,self.errors,encoding_table)[0]
           ^^^^^^^^^^^^^^^^^^^^^^^^^^^^^^^^^^^^^^^^^^^^^^^^^^^^^^^
UnicodeEncodeError: 'charmap' codec can't encode characters in position 84-85: character maps to <undefined>
2025-10-27 23:53:15,767 - __main__ - INFO - Generating hourly report...
2025-10-27 23:53:16,790 - __main__ - ERROR - Error in report generation loop: 'charmap' codec can't encode characters in position 84-85: character maps to <undefined>
Traceback (most recent call last):
  File "C:\Users\micro\Celsius AI\src\monitoring\celsius_hourly_reporter.py", line 314, in run
    print(report)
  File "C:\Program Files\WindowsApps\PythonSoftwareFoundation.Python.3.11_3.11.2544.0_x64__qbz5n2kfra8p0\Lib\encodings\cp1252.py", line 19, in encode
    return codecs.charmap_encode(input,self.errors,encoding_table)[0]
           ^^^^^^^^^^^^^^^^^^^^^^^^^^^^^^^^^^^^^^^^^^^^^^^^^^^^^^^
UnicodeEncodeError: 'charmap' codec can't encode characters in position 84-85: character maps to <undefined>
2025-10-27 23:54:16,799 - __main__ - INFO - Generating hourly report...
2025-10-27 23:54:17,822 - __main__ - ERROR - Error in report generation loop: 'charmap' codec can't encode characters in position 84-85: character maps to <undefined>
Traceback (most recent call last):
  File "C:\Users\micro\Celsius AI\src\monitoring\celsius_hourly_reporter.py", line 314, in run
    print(report)
  File "C:\Program Files\WindowsApps\PythonSoftwareFoundation.Python.3.11_3.11.2544.0_x64__qbz5n2kfra8p0\Lib\encodings\cp1252.py", line 19, in encode
    return codecs.charmap_encode(input,self.errors,encoding_table)[0]
           ^^^^^^^^^^^^^^^^^^^^^^^^^^^^^^^^^^^^^^^^^^^^^^^^^^^^^^^
UnicodeEncodeError: 'charmap' codec can't encode characters in position 84-85: character maps to <undefined>
2025-10-27 23:55:17,829 - __main__ - INFO - Generating hourly report...
2025-10-27 23:55:18,850 - __main__ - ERROR - Error in report generation loop: 'charmap' codec can't encode characters in position 84-85: character maps to <undefined>
Traceback (most recent call last):
  File "C:\Users\micro\Celsius AI\src\monitoring\celsius_hourly_reporter.py", line 314, in run
    print(report)
  File "C:\Program Files\WindowsApps\PythonSoftwareFoundation.Python.3.11_3.11.2544.0_x64__qbz5n2kfra8p0\Lib\encodings\cp1252.py", line 19, in encode
    return codecs.charmap_encode(input,self.errors,encoding_table)[0]
           ^^^^^^^^^^^^^^^^^^^^^^^^^^^^^^^^^^^^^^^^^^^^^^^^^^^^^^^
UnicodeEncodeError: 'charmap' codec can't encode characters in position 84-85: character maps to <undefined>
2025-10-27 23:56:18,862 - __main__ - INFO - Generating hourly report...
2025-10-27 23:56:19,895 - __main__ - ERROR - Error in report generation loop: 'charmap' codec can't encode characters in position 84-85: character maps to <undefined>
Traceback (most recent call last):
  File "C:\Users\micro\Celsius AI\src\monitoring\celsius_hourly_reporter.py", line 314, in run
    print(report)
  File "C:\Program Files\WindowsApps\PythonSoftwareFoundation.Python.3.11_3.11.2544.0_x64__qbz5n2kfra8p0\Lib\encodings\cp1252.py", line 19, in encode
    return codecs.charmap_encode(input,self.errors,encoding_table)[0]
           ^^^^^^^^^^^^^^^^^^^^^^^^^^^^^^^^^^^^^^^^^^^^^^^^^^^^^^^
UnicodeEncodeError: 'charmap' codec can't encode characters in position 84-85: character maps to <undefined>
2025-10-27 23:57:19,906 - __main__ - INFO - Generating hourly report...
2025-10-27 23:57:20,963 - __main__ - ERROR - Error in report generation loop: 'charmap' codec can't encode characters in position 84-85: character maps to <undefined>
Traceback (most recent call last):
  File "C:\Users\micro\Celsius AI\src\monitoring\celsius_hourly_reporter.py", line 314, in run
    print(report)
  File "C:\Program Files\WindowsApps\PythonSoftwareFoundation.Python.3.11_3.11.2544.0_x64__qbz5n2kfra8p0\Lib\encodings\cp1252.py", line 19, in encode
    return codecs.charmap_encode(input,self.errors,encoding_table)[0]
           ^^^^^^^^^^^^^^^^^^^^^^^^^^^^^^^^^^^^^^^^^^^^^^^^^^^^^^^
UnicodeEncodeError: 'charmap' codec can't encode characters in position 84-85: character maps to <undefined>
2025-10-27 23:58:20,964 - __main__ - INFO - Generating hourly report...
2025-10-27 23:58:21,988 - __main__ - ERROR - Error in report generation loop: 'charmap' codec can't encode characters in position 84-85: character maps to <undefined>
Traceback (most recent call last):
  File "C:\Users\micro\Celsius AI\src\monitoring\celsius_hourly_reporter.py", line 314, in run
    print(report)
  File "C:\Program Files\WindowsApps\PythonSoftwareFoundation.Python.3.11_3.11.2544.0_x64__qbz5n2kfra8p0\Lib\encodings\cp1252.py", line 19, in encode
    return codecs.charmap_encode(input,self.errors,encoding_table)[0]
           ^^^^^^^^^^^^^^^^^^^^^^^^^^^^^^^^^^^^^^^^^^^^^^^^^^^^^^^
UnicodeEncodeError: 'charmap' codec can't encode characters in position 84-85: character maps to <undefined>
2025-10-27 23:59:21,991 - __main__ - INFO - Generating hourly report...
2025-10-27 23:59:23,015 - __main__ - ERROR - Error in report generation loop: 'charmap' codec can't encode characters in position 84-85: character maps to <undefined>
Traceback (most recent call last):
  File "C:\Users\micro\Celsius AI\src\monitoring\celsius_hourly_reporter.py", line 314, in run
    print(report)
  File "C:\Program Files\WindowsApps\PythonSoftwareFoundation.Python.3.11_3.11.2544.0_x64__qbz5n2kfra8p0\Lib\encodings\cp1252.py", line 19, in encode
    return codecs.charmap_encode(input,self.errors,encoding_table)[0]
           ^^^^^^^^^^^^^^^^^^^^^^^^^^^^^^^^^^^^^^^^^^^^^^^^^^^^^^^
UnicodeEncodeError: 'charmap' codec can't encode characters in position 84-85: character maps to <undefined>
2025-10-28 00:00:23,018 - __main__ - INFO - Generating hourly report...
2025-10-28 00:00:24,042 - __main__ - ERROR - Error in report generation loop: 'charmap' codec can't encode characters in position 84-85: character maps to <undefined>
Traceback (most recent call last):
  File "C:\Users\micro\Celsius AI\src\monitoring\celsius_hourly_reporter.py", line 314, in run
    print(report)
  File "C:\Program Files\WindowsApps\PythonSoftwareFoundation.Python.3.11_3.11.2544.0_x64__qbz5n2kfra8p0\Lib\encodings\cp1252.py", line 19, in encode
    return codecs.charmap_encode(input,self.errors,encoding_table)[0]
           ^^^^^^^^^^^^^^^^^^^^^^^^^^^^^^^^^^^^^^^^^^^^^^^^^^^^^^^
UnicodeEncodeError: 'charmap' codec can't encode characters in position 84-85: character maps to <undefined>
2025-10-28 00:01:24,050 - __main__ - INFO - Generating hourly report...
2025-10-28 00:01:25,076 - __main__ - ERROR - Error in report generation loop: 'charmap' codec can't encode characters in position 84-85: character maps to <undefined>
Traceback (most recent call last):
  File "C:\Users\micro\Celsius AI\src\monitoring\celsius_hourly_reporter.py", line 314, in run
    print(report)
  File "C:\Program Files\WindowsApps\PythonSoftwareFoundation.Python.3.11_3.11.2544.0_x64__qbz5n2kfra8p0\Lib\encodings\cp1252.py", line 19, in encode
    return codecs.charmap_encode(input,self.errors,encoding_table)[0]
           ^^^^^^^^^^^^^^^^^^^^^^^^^^^^^^^^^^^^^^^^^^^^^^^^^^^^^^^
UnicodeEncodeError: 'charmap' codec can't encode characters in position 84-85: character maps to <undefined>
2025-10-28 00:02:25,080 - __main__ - INFO - Generating hourly report...
2025-10-28 00:02:26,102 - __main__ - ERROR - Error in report generation loop: 'charmap' codec can't encode characters in position 84-85: character maps to <undefined>
Traceback (most recent call last):
  File "C:\Users\micro\Celsius AI\src\monitoring\celsius_hourly_reporter.py", line 314, in run
    print(report)
  File "C:\Program Files\WindowsApps\PythonSoftwareFoundation.Python.3.11_3.11.2544.0_x64__qbz5n2kfra8p0\Lib\encodings\cp1252.py", line 19, in encode
    return codecs.charmap_encode(input,self.errors,encoding_table)[0]
           ^^^^^^^^^^^^^^^^^^^^^^^^^^^^^^^^^^^^^^^^^^^^^^^^^^^^^^^
UnicodeEncodeError: 'charmap' codec can't encode characters in position 84-85: character maps to <undefined>
2025-10-28 00:03:26,110 - __main__ - INFO - Generating hourly report...
2025-10-28 00:03:27,177 - __main__ - ERROR - Error in report generation loop: 'charmap' codec can't encode characters in position 84-85: character maps to <undefined>
Traceback (most recent call last):
  File "C:\Users\micro\Celsius AI\src\monitoring\celsius_hourly_reporter.py", line 314, in run
    print(report)
  File "C:\Program Files\WindowsApps\PythonSoftwareFoundation.Python.3.11_3.11.2544.0_x64__qbz5n2kfra8p0\Lib\encodings\cp1252.py", line 19, in encode
    return codecs.charmap_encode(input,self.errors,encoding_table)[0]
           ^^^^^^^^^^^^^^^^^^^^^^^^^^^^^^^^^^^^^^^^^^^^^^^^^^^^^^^
UnicodeEncodeError: 'charmap' codec can't encode characters in position 84-85: character maps to <undefined>
2025-10-28 00:04:27,183 - __main__ - INFO - Generating hourly report...
2025-10-28 00:04:28,207 - __main__ - ERROR - Error in report generation loop: 'charmap' codec can't encode characters in position 84-85: character maps to <undefined>
Traceback (most recent call last):
  File "C:\Users\micro\Celsius AI\src\monitoring\celsius_hourly_reporter.py", line 314, in run
    print(report)
  File "C:\Program Files\WindowsApps\PythonSoftwareFoundation.Python.3.11_3.11.2544.0_x64__qbz5n2kfra8p0\Lib\encodings\cp1252.py", line 19, in encode
    return codecs.charmap_encode(input,self.errors,encoding_table)[0]
           ^^^^^^^^^^^^^^^^^^^^^^^^^^^^^^^^^^^^^^^^^^^^^^^^^^^^^^^
UnicodeEncodeError: 'charmap' codec can't encode characters in position 84-85: character maps to <undefined>
2025-10-28 00:05:28,214 - __main__ - INFO - Generating hourly report...
2025-10-28 00:05:29,237 - __main__ - ERROR - Error in report generation loop: 'charmap' codec can't encode characters in position 84-85: character maps to <undefined>
Traceback (most recent call last):
  File "C:\Users\micro\Celsius AI\src\monitoring\celsius_hourly_reporter.py", line 314, in run
    print(report)
  File "C:\Program Files\WindowsApps\PythonSoftwareFoundation.Python.3.11_3.11.2544.0_x64__qbz5n2kfra8p0\Lib\encodings\cp1252.py", line 19, in encode
    return codecs.charmap_encode(input,self.errors,encoding_table)[0]
           ^^^^^^^^^^^^^^^^^^^^^^^^^^^^^^^^^^^^^^^^^^^^^^^^^^^^^^^
UnicodeEncodeError: 'charmap' codec can't encode characters in position 84-85: character maps to <undefined>
2025-10-28 00:06:29,249 - __main__ - INFO - Generating hourly report...
2025-10-28 00:06:30,270 - __main__ - ERROR - Error in report generation loop: 'charmap' codec can't encode characters in position 84-85: character maps to <undefined>
Traceback (most recent call last):
  File "C:\Users\micro\Celsius AI\src\monitoring\celsius_hourly_reporter.py", line 314, in run
    print(report)
  File "C:\Program Files\WindowsApps\PythonSoftwareFoundation.Python.3.11_3.11.2544.0_x64__qbz5n2kfra8p0\Lib\encodings\cp1252.py", line 19, in encode
    return codecs.charmap_encode(input,self.errors,encoding_table)[0]
           ^^^^^^^^^^^^^^^^^^^^^^^^^^^^^^^^^^^^^^^^^^^^^^^^^^^^^^^
UnicodeEncodeError: 'charmap' codec can't encode characters in position 84-85: character maps to <undefined>
2025-10-28 00:07:30,275 - __main__ - INFO - Generating hourly report...
2025-10-28 00:07:31,330 - __main__ - ERROR - Error in report generation loop: 'charmap' codec can't encode characters in position 84-85: character maps to <undefined>
Traceback (most recent call last):
  File "C:\Users\micro\Celsius AI\src\monitoring\celsius_hourly_reporter.py", line 314, in run
    print(report)
  File "C:\Program Files\WindowsApps\PythonSoftwareFoundation.Python.3.11_3.11.2544.0_x64__qbz5n2kfra8p0\Lib\encodings\cp1252.py", line 19, in encode
    return codecs.charmap_encode(input,self.errors,encoding_table)[0]
           ^^^^^^^^^^^^^^^^^^^^^^^^^^^^^^^^^^^^^^^^^^^^^^^^^^^^^^^
UnicodeEncodeError: 'charmap' codec can't encode characters in position 84-85: character maps to <undefined>
2025-10-28 00:08:31,334 - __main__ - INFO - Generating hourly report...
2025-10-28 00:08:32,365 - __main__ - ERROR - Error in report generation loop: 'charmap' codec can't encode characters in position 84-85: character maps to <undefined>
Traceback (most recent call last):
  File "C:\Users\micro\Celsius AI\src\monitoring\celsius_hourly_reporter.py", line 314, in run
    print(report)
  File "C:\Program Files\WindowsApps\PythonSoftwareFoundation.Python.3.11_3.11.2544.0_x64__qbz5n2kfra8p0\Lib\encodings\cp1252.py", line 19, in encode
    return codecs.charmap_encode(input,self.errors,encoding_table)[0]
           ^^^^^^^^^^^^^^^^^^^^^^^^^^^^^^^^^^^^^^^^^^^^^^^^^^^^^^^
UnicodeEncodeError: 'charmap' codec can't encode characters in position 84-85: character maps to <undefined>
2025-10-28 00:09:32,371 - __main__ - INFO - Generating hourly report...
2025-10-28 00:09:33,395 - __main__ - ERROR - Error in report generation loop: 'charmap' codec can't encode characters in position 84-85: character maps to <undefined>
Traceback (most recent call last):
  File "C:\Users\micro\Celsius AI\src\monitoring\celsius_hourly_reporter.py", line 314, in run
    print(report)
  File "C:\Program Files\WindowsApps\PythonSoftwareFoundation.Python.3.11_3.11.2544.0_x64__qbz5n2kfra8p0\Lib\encodings\cp1252.py", line 19, in encode
    return codecs.charmap_encode(input,self.errors,encoding_table)[0]
           ^^^^^^^^^^^^^^^^^^^^^^^^^^^^^^^^^^^^^^^^^^^^^^^^^^^^^^^
UnicodeEncodeError: 'charmap' codec can't encode characters in position 84-85: character maps to <undefined>
2025-10-28 00:10:33,403 - __main__ - INFO - Generating hourly report...
2025-10-28 00:10:34,427 - __main__ - ERROR - Error in report generation loop: 'charmap' codec can't encode characters in position 84-85: character maps to <undefined>
Traceback (most recent call last):
  File "C:\Users\micro\Celsius AI\src\monitoring\celsius_hourly_reporter.py", line 314, in run
    print(report)
  File "C:\Program Files\WindowsApps\PythonSoftwareFoundation.Python.3.11_3.11.2544.0_x64__qbz5n2kfra8p0\Lib\encodings\cp1252.py", line 19, in encode
    return codecs.charmap_encode(input,self.errors,encoding_table)[0]
           ^^^^^^^^^^^^^^^^^^^^^^^^^^^^^^^^^^^^^^^^^^^^^^^^^^^^^^^
UnicodeEncodeError: 'charmap' codec can't encode characters in position 84-85: character maps to <undefined>
2025-10-28 00:11:34,437 - __main__ - INFO - Generating hourly report...
2025-10-28 00:11:35,468 - __main__ - ERROR - Error in report generation loop: 'charmap' codec can't encode characters in position 84-85: character maps to <undefined>
Traceback (most recent call last):
  File "C:\Users\micro\Celsius AI\src\monitoring\celsius_hourly_reporter.py", line 314, in run
    print(report)
  File "C:\Program Files\WindowsApps\PythonSoftwareFoundation.Python.3.11_3.11.2544.0_x64__qbz5n2kfra8p0\Lib\encodings\cp1252.py", line 19, in encode
    return codecs.charmap_encode(input,self.errors,encoding_table)[0]
           ^^^^^^^^^^^^^^^^^^^^^^^^^^^^^^^^^^^^^^^^^^^^^^^^^^^^^^^
UnicodeEncodeError: 'charmap' codec can't encode characters in position 84-85: character maps to <undefined>
2025-10-28 00:12:35,482 - __main__ - INFO - Generating hourly report...
2025-10-28 00:12:36,538 - __main__ - ERROR - Error in report generation loop: 'charmap' codec can't encode characters in position 84-85: character maps to <undefined>
Traceback (most recent call last):
  File "C:\Users\micro\Celsius AI\src\monitoring\celsius_hourly_reporter.py", line 314, in run
    print(report)
  File "C:\Program Files\WindowsApps\PythonSoftwareFoundation.Python.3.11_3.11.2544.0_x64__qbz5n2kfra8p0\Lib\encodings\cp1252.py", line 19, in encode
    return codecs.charmap_encode(input,self.errors,encoding_table)[0]
           ^^^^^^^^^^^^^^^^^^^^^^^^^^^^^^^^^^^^^^^^^^^^^^^^^^^^^^^
UnicodeEncodeError: 'charmap' codec can't encode characters in position 84-85: character maps to <undefined>
2025-10-28 00:13:36,545 - __main__ - INFO - Generating hourly report...
2025-10-28 00:13:37,611 - __main__ - ERROR - Error in report generation loop: 'charmap' codec can't encode characters in position 84-85: character maps to <undefined>
Traceback (most recent call last):
  File "C:\Users\micro\Celsius AI\src\monitoring\celsius_hourly_reporter.py", line 314, in run
    print(report)
  File "C:\Program Files\WindowsApps\PythonSoftwareFoundation.Python.3.11_3.11.2544.0_x64__qbz5n2kfra8p0\Lib\encodings\cp1252.py", line 19, in encode
    return codecs.charmap_encode(input,self.errors,encoding_table)[0]
           ^^^^^^^^^^^^^^^^^^^^^^^^^^^^^^^^^^^^^^^^^^^^^^^^^^^^^^^
UnicodeEncodeError: 'charmap' codec can't encode characters in position 84-85: character maps to <undefined>
2025-10-28 00:14:37,617 - __main__ - INFO - Generating hourly report...
2025-10-28 00:14:38,638 - __main__ - ERROR - Error in report generation loop: 'charmap' codec can't encode characters in position 84-85: character maps to <undefined>
Traceback (most recent call last):
  File "C:\Users\micro\Celsius AI\src\monitoring\celsius_hourly_reporter.py", line 314, in run
    print(report)
  File "C:\Program Files\WindowsApps\PythonSoftwareFoundation.Python.3.11_3.11.2544.0_x64__qbz5n2kfra8p0\Lib\encodings\cp1252.py", line 19, in encode
    return codecs.charmap_encode(input,self.errors,encoding_table)[0]
           ^^^^^^^^^^^^^^^^^^^^^^^^^^^^^^^^^^^^^^^^^^^^^^^^^^^^^^^
UnicodeEncodeError: 'charmap' codec can't encode characters in position 84-85: character maps to <undefined>
2025-10-28 00:15:38,644 - __main__ - INFO - Generating hourly report...
2025-10-28 00:15:39,700 - __main__ - ERROR - Error in report generation loop: 'charmap' codec can't encode characters in position 84-85: character maps to <undefined>
Traceback (most recent call last):
  File "C:\Users\micro\Celsius AI\src\monitoring\celsius_hourly_reporter.py", line 314, in run
    print(report)
  File "C:\Program Files\WindowsApps\PythonSoftwareFoundation.Python.3.11_3.11.2544.0_x64__qbz5n2kfra8p0\Lib\encodings\cp1252.py", line 19, in encode
    return codecs.charmap_encode(input,self.errors,encoding_table)[0]
           ^^^^^^^^^^^^^^^^^^^^^^^^^^^^^^^^^^^^^^^^^^^^^^^^^^^^^^^
UnicodeEncodeError: 'charmap' codec can't encode characters in position 84-85: character maps to <undefined>
2025-10-28 00:16:39,708 - __main__ - INFO - Generating hourly report...
2025-10-28 00:16:40,733 - __main__ - ERROR - Error in report generation loop: 'charmap' codec can't encode characters in position 84-85: character maps to <undefined>
Traceback (most recent call last):
  File "C:\Users\micro\Celsius AI\src\monitoring\celsius_hourly_reporter.py", line 314, in run
    print(report)
  File "C:\Program Files\WindowsApps\PythonSoftwareFoundation.Python.3.11_3.11.2544.0_x64__qbz5n2kfra8p0\Lib\encodings\cp1252.py", line 19, in encode
    return codecs.charmap_encode(input,self.errors,encoding_table)[0]
           ^^^^^^^^^^^^^^^^^^^^^^^^^^^^^^^^^^^^^^^^^^^^^^^^^^^^^^^
UnicodeEncodeError: 'charmap' codec can't encode characters in position 84-85: character maps to <undefined>
2025-10-28 00:17:40,742 - __main__ - INFO - Generating hourly report...
2025-10-28 00:17:41,767 - __main__ - ERROR - Error in report generation loop: 'charmap' codec can't encode characters in position 84-85: character maps to <undefined>
Traceback (most recent call last):
  File "C:\Users\micro\Celsius AI\src\monitoring\celsius_hourly_reporter.py", line 314, in run
    print(report)
  File "C:\Program Files\WindowsApps\PythonSoftwareFoundation.Python.3.11_3.11.2544.0_x64__qbz5n2kfra8p0\Lib\encodings\cp1252.py", line 19, in encode
    return codecs.charmap_encode(input,self.errors,encoding_table)[0]
           ^^^^^^^^^^^^^^^^^^^^^^^^^^^^^^^^^^^^^^^^^^^^^^^^^^^^^^^
UnicodeEncodeError: 'charmap' codec can't encode characters in position 84-85: character maps to <undefined>
2025-10-28 00:18:41,772 - __main__ - INFO - Generating hourly report...
2025-10-28 00:18:42,795 - __main__ - ERROR - Error in report generation loop: 'charmap' codec can't encode characters in position 84-85: character maps to <undefined>
Traceback (most recent call last):
  File "C:\Users\micro\Celsius AI\src\monitoring\celsius_hourly_reporter.py", line 314, in run
    print(report)
  File "C:\Program Files\WindowsApps\PythonSoftwareFoundation.Python.3.11_3.11.2544.0_x64__qbz5n2kfra8p0\Lib\encodings\cp1252.py", line 19, in encode
    return codecs.charmap_encode(input,self.errors,encoding_table)[0]
           ^^^^^^^^^^^^^^^^^^^^^^^^^^^^^^^^^^^^^^^^^^^^^^^^^^^^^^^
UnicodeEncodeError: 'charmap' codec can't encode characters in position 84-85: character maps to <undefined>
2025-10-28 00:19:42,799 - __main__ - INFO - Generating hourly report...
2025-10-28 00:19:43,822 - __main__ - ERROR - Error in report generation loop: 'charmap' codec can't encode characters in position 84-85: character maps to <undefined>
Traceback (most recent call last):
  File "C:\Users\micro\Celsius AI\src\monitoring\celsius_hourly_reporter.py", line 314, in run
    print(report)
  File "C:\Program Files\WindowsApps\PythonSoftwareFoundation.Python.3.11_3.11.2544.0_x64__qbz5n2kfra8p0\Lib\encodings\cp1252.py", line 19, in encode
    return codecs.charmap_encode(input,self.errors,encoding_table)[0]
           ^^^^^^^^^^^^^^^^^^^^^^^^^^^^^^^^^^^^^^^^^^^^^^^^^^^^^^^
UnicodeEncodeError: 'charmap' codec can't encode characters in position 84-85: character maps to <undefined>
2025-10-28 00:20:43,830 - __main__ - INFO - Generating hourly report...
2025-10-28 00:20:44,854 - __main__ - ERROR - Error in report generation loop: 'charmap' codec can't encode characters in position 84-85: character maps to <undefined>
Traceback (most recent call last):
  File "C:\Users\micro\Celsius AI\src\monitoring\celsius_hourly_reporter.py", line 314, in run
    print(report)
  File "C:\Program Files\WindowsApps\PythonSoftwareFoundation.Python.3.11_3.11.2544.0_x64__qbz5n2kfra8p0\Lib\encodings\cp1252.py", line 19, in encode
    return codecs.charmap_encode(input,self.errors,encoding_table)[0]
           ^^^^^^^^^^^^^^^^^^^^^^^^^^^^^^^^^^^^^^^^^^^^^^^^^^^^^^^
UnicodeEncodeError: 'charmap' codec can't encode characters in position 84-85: character maps to <undefined>
2025-10-28 00:21:44,861 - __main__ - INFO - Generating hourly report...
2025-10-28 00:21:45,886 - __main__ - ERROR - Error in report generation loop: 'charmap' codec can't encode characters in position 84-85: character maps to <undefined>
Traceback (most recent call last):
  File "C:\Users\micro\Celsius AI\src\monitoring\celsius_hourly_reporter.py", line 314, in run
    print(report)
  File "C:\Program Files\WindowsApps\PythonSoftwareFoundation.Python.3.11_3.11.2544.0_x64__qbz5n2kfra8p0\Lib\encodings\cp1252.py", line 19, in encode
    return codecs.charmap_encode(input,self.errors,encoding_table)[0]
           ^^^^^^^^^^^^^^^^^^^^^^^^^^^^^^^^^^^^^^^^^^^^^^^^^^^^^^^
UnicodeEncodeError: 'charmap' codec can't encode characters in position 84-85: character maps to <undefined>
2025-10-28 00:22:45,889 - __main__ - INFO - Generating hourly report...
2025-10-28 00:22:46,913 - __main__ - ERROR - Error in report generation loop: 'charmap' codec can't encode characters in position 84-85: character maps to <undefined>
Traceback (most recent call last):
  File "C:\Users\micro\Celsius AI\src\monitoring\celsius_hourly_reporter.py", line 314, in run
    print(report)
  File "C:\Program Files\WindowsApps\PythonSoftwareFoundation.Python.3.11_3.11.2544.0_x64__qbz5n2kfra8p0\Lib\encodings\cp1252.py", line 19, in encode
    return codecs.charmap_encode(input,self.errors,encoding_table)[0]
           ^^^^^^^^^^^^^^^^^^^^^^^^^^^^^^^^^^^^^^^^^^^^^^^^^^^^^^^
UnicodeEncodeError: 'charmap' codec can't encode characters in position 84-85: character maps to <undefined>
2025-10-28 00:23:46,920 - __main__ - INFO - Generating hourly report...
2025-10-28 00:23:47,944 - __main__ - ERROR - Error in report generation loop: 'charmap' codec can't encode characters in position 84-85: character maps to <undefined>
Traceback (most recent call last):
  File "C:\Users\micro\Celsius AI\src\monitoring\celsius_hourly_reporter.py", line 314, in run
    print(report)
  File "C:\Program Files\WindowsApps\PythonSoftwareFoundation.Python.3.11_3.11.2544.0_x64__qbz5n2kfra8p0\Lib\encodings\cp1252.py", line 19, in encode
    return codecs.charmap_encode(input,self.errors,encoding_table)[0]
           ^^^^^^^^^^^^^^^^^^^^^^^^^^^^^^^^^^^^^^^^^^^^^^^^^^^^^^^
UnicodeEncodeError: 'charmap' codec can't encode characters in position 84-85: character maps to <undefined>
2025-10-28 00:24:47,952 - __main__ - INFO - Generating hourly report...
2025-10-28 00:24:48,977 - __main__ - ERROR - Error in report generation loop: 'charmap' codec can't encode characters in position 84-85: character maps to <undefined>
Traceback (most recent call last):
  File "C:\Users\micro\Celsius AI\src\monitoring\celsius_hourly_reporter.py", line 314, in run
    print(report)
  File "C:\Program Files\WindowsApps\PythonSoftwareFoundation.Python.3.11_3.11.2544.0_x64__qbz5n2kfra8p0\Lib\encodings\cp1252.py", line 19, in encode
    return codecs.charmap_encode(input,self.errors,encoding_table)[0]
           ^^^^^^^^^^^^^^^^^^^^^^^^^^^^^^^^^^^^^^^^^^^^^^^^^^^^^^^
UnicodeEncodeError: 'charmap' codec can't encode characters in position 84-85: character maps to <undefined>
2025-10-28 00:25:48,982 - __main__ - INFO - Generating hourly report...
2025-10-28 00:25:50,008 - __main__ - ERROR - Error in report generation loop: 'charmap' codec can't encode characters in position 84-85: character maps to <undefined>
Traceback (most recent call last):
  File "C:\Users\micro\Celsius AI\src\monitoring\celsius_hourly_reporter.py", line 314, in run
    print(report)
  File "C:\Program Files\WindowsApps\PythonSoftwareFoundation.Python.3.11_3.11.2544.0_x64__qbz5n2kfra8p0\Lib\encodings\cp1252.py", line 19, in encode
    return codecs.charmap_encode(input,self.errors,encoding_table)[0]
           ^^^^^^^^^^^^^^^^^^^^^^^^^^^^^^^^^^^^^^^^^^^^^^^^^^^^^^^
UnicodeEncodeError: 'charmap' codec can't encode characters in position 84-85: character maps to <undefined>
2025-10-28 00:26:50,014 - __main__ - INFO - Generating hourly report...
2025-10-28 00:26:51,035 - __main__ - ERROR - Error in report generation loop: 'charmap' codec can't encode characters in position 84-85: character maps to <undefined>
Traceback (most recent call last):
  File "C:\Users\micro\Celsius AI\src\monitoring\celsius_hourly_reporter.py", line 314, in run
    print(report)
  File "C:\Program Files\WindowsApps\PythonSoftwareFoundation.Python.3.11_3.11.2544.0_x64__qbz5n2kfra8p0\Lib\encodings\cp1252.py", line 19, in encode
    return codecs.charmap_encode(input,self.errors,encoding_table)[0]
           ^^^^^^^^^^^^^^^^^^^^^^^^^^^^^^^^^^^^^^^^^^^^^^^^^^^^^^^
UnicodeEncodeError: 'charmap' codec can't encode characters in position 84-85: character maps to <undefined>
2025-10-28 00:27:51,044 - __main__ - INFO - Generating hourly report...
2025-10-28 00:27:52,068 - __main__ - ERROR - Error in report generation loop: 'charmap' codec can't encode characters in position 84-85: character maps to <undefined>
Traceback (most recent call last):
  File "C:\Users\micro\Celsius AI\src\monitoring\celsius_hourly_reporter.py", line 314, in run
    print(report)
  File "C:\Program Files\WindowsApps\PythonSoftwareFoundation.Python.3.11_3.11.2544.0_x64__qbz5n2kfra8p0\Lib\encodings\cp1252.py", line 19, in encode
    return codecs.charmap_encode(input,self.errors,encoding_table)[0]
           ^^^^^^^^^^^^^^^^^^^^^^^^^^^^^^^^^^^^^^^^^^^^^^^^^^^^^^^
UnicodeEncodeError: 'charmap' codec can't encode characters in position 84-85: character maps to <undefined>
2025-10-28 00:28:52,069 - __main__ - INFO - Generating hourly report...
2025-10-28 00:28:53,095 - __main__ - ERROR - Error in report generation loop: 'charmap' codec can't encode characters in position 84-85: character maps to <undefined>
Traceback (most recent call last):
  File "C:\Users\micro\Celsius AI\src\monitoring\celsius_hourly_reporter.py", line 314, in run
    print(report)
  File "C:\Program Files\WindowsApps\PythonSoftwareFoundation.Python.3.11_3.11.2544.0_x64__qbz5n2kfra8p0\Lib\encodings\cp1252.py", line 19, in encode
    return codecs.charmap_encode(input,self.errors,encoding_table)[0]
           ^^^^^^^^^^^^^^^^^^^^^^^^^^^^^^^^^^^^^^^^^^^^^^^^^^^^^^^
UnicodeEncodeError: 'charmap' codec can't encode characters in position 84-85: character maps to <undefined>
2025-10-28 00:29:53,098 - __main__ - INFO - Generating hourly report...
2025-10-28 00:29:54,124 - __main__ - ERROR - Error in report generation loop: 'charmap' codec can't encode characters in position 84-85: character maps to <undefined>
Traceback (most recent call last):
  File "C:\Users\micro\Celsius AI\src\monitoring\celsius_hourly_reporter.py", line 314, in run
    print(report)
  File "C:\Program Files\WindowsApps\PythonSoftwareFoundation.Python.3.11_3.11.2544.0_x64__qbz5n2kfra8p0\Lib\encodings\cp1252.py", line 19, in encode
    return codecs.charmap_encode(input,self.errors,encoding_table)[0]
           ^^^^^^^^^^^^^^^^^^^^^^^^^^^^^^^^^^^^^^^^^^^^^^^^^^^^^^^
UnicodeEncodeError: 'charmap' codec can't encode characters in position 84-85: character maps to <undefined>
2025-10-28 00:30:54,129 - __main__ - INFO - Generating hourly report...
2025-10-28 00:30:55,151 - __main__ - ERROR - Error in report generation loop: 'charmap' codec can't encode characters in position 84-85: character maps to <undefined>
Traceback (most recent call last):
  File "C:\Users\micro\Celsius AI\src\monitoring\celsius_hourly_reporter.py", line 314, in run
    print(report)
  File "C:\Program Files\WindowsApps\PythonSoftwareFoundation.Python.3.11_3.11.2544.0_x64__qbz5n2kfra8p0\Lib\encodings\cp1252.py", line 19, in encode
    return codecs.charmap_encode(input,self.errors,encoding_table)[0]
           ^^^^^^^^^^^^^^^^^^^^^^^^^^^^^^^^^^^^^^^^^^^^^^^^^^^^^^^
UnicodeEncodeError: 'charmap' codec can't encode characters in position 84-85: character maps to <undefined>
2025-10-28 00:31:55,158 - __main__ - INFO - Generating hourly report...
2025-10-28 00:31:56,181 - __main__ - ERROR - Error in report generation loop: 'charmap' codec can't encode characters in position 84-85: character maps to <undefined>
Traceback (most recent call last):
  File "C:\Users\micro\Celsius AI\src\monitoring\celsius_hourly_reporter.py", line 314, in run
    print(report)
  File "C:\Program Files\WindowsApps\PythonSoftwareFoundation.Python.3.11_3.11.2544.0_x64__qbz5n2kfra8p0\Lib\encodings\cp1252.py", line 19, in encode
    return codecs.charmap_encode(input,self.errors,encoding_table)[0]
           ^^^^^^^^^^^^^^^^^^^^^^^^^^^^^^^^^^^^^^^^^^^^^^^^^^^^^^^
UnicodeEncodeError: 'charmap' codec can't encode characters in position 84-85: character maps to <undefined>
2025-10-28 00:32:56,186 - __main__ - INFO - Generating hourly report...
2025-10-28 00:32:57,211 - __main__ - ERROR - Error in report generation loop: 'charmap' codec can't encode characters in position 84-85: character maps to <undefined>
Traceback (most recent call last):
  File "C:\Users\micro\Celsius AI\src\monitoring\celsius_hourly_reporter.py", line 314, in run
    print(report)
  File "C:\Program Files\WindowsApps\PythonSoftwareFoundation.Python.3.11_3.11.2544.0_x64__qbz5n2kfra8p0\Lib\encodings\cp1252.py", line 19, in encode
    return codecs.charmap_encode(input,self.errors,encoding_table)[0]
           ^^^^^^^^^^^^^^^^^^^^^^^^^^^^^^^^^^^^^^^^^^^^^^^^^^^^^^^
UnicodeEncodeError: 'charmap' codec can't encode characters in position 84-85: character maps to <undefined>
2025-10-28 00:33:57,213 - __main__ - INFO - Generating hourly report...
2025-10-28 00:33:58,236 - __main__ - ERROR - Error in report generation loop: 'charmap' codec can't encode characters in position 84-85: character maps to <undefined>
Traceback (most recent call last):
  File "C:\Users\micro\Celsius AI\src\monitoring\celsius_hourly_reporter.py", line 314, in run
    print(report)
  File "C:\Program Files\WindowsApps\PythonSoftwareFoundation.Python.3.11_3.11.2544.0_x64__qbz5n2kfra8p0\Lib\encodings\cp1252.py", line 19, in encode
    return codecs.charmap_encode(input,self.errors,encoding_table)[0]
           ^^^^^^^^^^^^^^^^^^^^^^^^^^^^^^^^^^^^^^^^^^^^^^^^^^^^^^^
UnicodeEncodeError: 'charmap' codec can't encode characters in position 84-85: character maps to <undefined>
2025-10-28 00:34:58,245 - __main__ - INFO - Generating hourly report...
2025-10-28 00:34:59,270 - __main__ - ERROR - Error in report generation loop: 'charmap' codec can't encode characters in position 84-85: character maps to <undefined>
Traceback (most recent call last):
  File "C:\Users\micro\Celsius AI\src\monitoring\celsius_hourly_reporter.py", line 314, in run
    print(report)
  File "C:\Program Files\WindowsApps\PythonSoftwareFoundation.Python.3.11_3.11.2544.0_x64__qbz5n2kfra8p0\Lib\encodings\cp1252.py", line 19, in encode
    return codecs.charmap_encode(input,self.errors,encoding_table)[0]
           ^^^^^^^^^^^^^^^^^^^^^^^^^^^^^^^^^^^^^^^^^^^^^^^^^^^^^^^
UnicodeEncodeError: 'charmap' codec can't encode characters in position 84-85: character maps to <undefined>
2025-10-28 00:35:59,275 - __main__ - INFO - Generating hourly report...
2025-10-28 00:36:00,299 - __main__ - ERROR - Error in report generation loop: 'charmap' codec can't encode characters in position 84-85: character maps to <undefined>
Traceback (most recent call last):
  File "C:\Users\micro\Celsius AI\src\monitoring\celsius_hourly_reporter.py", line 314, in run
    print(report)
  File "C:\Program Files\WindowsApps\PythonSoftwareFoundation.Python.3.11_3.11.2544.0_x64__qbz5n2kfra8p0\Lib\encodings\cp1252.py", line 19, in encode
    return codecs.charmap_encode(input,self.errors,encoding_table)[0]
           ^^^^^^^^^^^^^^^^^^^^^^^^^^^^^^^^^^^^^^^^^^^^^^^^^^^^^^^
UnicodeEncodeError: 'charmap' codec can't encode characters in position 84-85: character maps to <undefined>
2025-10-28 00:37:00,308 - __main__ - INFO - Generating hourly report...
2025-10-28 00:37:01,331 - __main__ - ERROR - Error in report generation loop: 'charmap' codec can't encode characters in position 84-85: character maps to <undefined>
Traceback (most recent call last):
  File "C:\Users\micro\Celsius AI\src\monitoring\celsius_hourly_reporter.py", line 314, in run
    print(report)
  File "C:\Program Files\WindowsApps\PythonSoftwareFoundation.Python.3.11_3.11.2544.0_x64__qbz5n2kfra8p0\Lib\encodings\cp1252.py", line 19, in encode
    return codecs.charmap_encode(input,self.errors,encoding_table)[0]
           ^^^^^^^^^^^^^^^^^^^^^^^^^^^^^^^^^^^^^^^^^^^^^^^^^^^^^^^
UnicodeEncodeError: 'charmap' codec can't encode characters in position 84-85: character maps to <undefined>
2025-10-28 00:38:01,339 - __main__ - INFO - Generating hourly report...
2025-10-28 00:38:02,363 - __main__ - ERROR - Error in report generation loop: 'charmap' codec can't encode characters in position 84-85: character maps to <undefined>
Traceback (most recent call last):
  File "C:\Users\micro\Celsius AI\src\monitoring\celsius_hourly_reporter.py", line 314, in run
    print(report)
  File "C:\Program Files\WindowsApps\PythonSoftwareFoundation.Python.3.11_3.11.2544.0_x64__qbz5n2kfra8p0\Lib\encodings\cp1252.py", line 19, in encode
    return codecs.charmap_encode(input,self.errors,encoding_table)[0]
           ^^^^^^^^^^^^^^^^^^^^^^^^^^^^^^^^^^^^^^^^^^^^^^^^^^^^^^^
UnicodeEncodeError: 'charmap' codec can't encode characters in position 84-85: character maps to <undefined>
2025-10-28 00:39:02,370 - __main__ - INFO - Generating hourly report...
2025-10-28 00:39:03,393 - __main__ - ERROR - Error in report generation loop: 'charmap' codec can't encode characters in position 84-85: character maps to <undefined>
Traceback (most recent call last):
  File "C:\Users\micro\Celsius AI\src\monitoring\celsius_hourly_reporter.py", line 314, in run
    print(report)
  File "C:\Program Files\WindowsApps\PythonSoftwareFoundation.Python.3.11_3.11.2544.0_x64__qbz5n2kfra8p0\Lib\encodings\cp1252.py", line 19, in encode
    return codecs.charmap_encode(input,self.errors,encoding_table)[0]
           ^^^^^^^^^^^^^^^^^^^^^^^^^^^^^^^^^^^^^^^^^^^^^^^^^^^^^^^
UnicodeEncodeError: 'charmap' codec can't encode characters in position 84-85: character maps to <undefined>
2025-10-28 00:40:03,397 - __main__ - INFO - Generating hourly report...
2025-10-28 00:40:04,420 - __main__ - ERROR - Error in report generation loop: 'charmap' codec can't encode characters in position 84-85: character maps to <undefined>
Traceback (most recent call last):
  File "C:\Users\micro\Celsius AI\src\monitoring\celsius_hourly_reporter.py", line 314, in run
    print(report)
  File "C:\Program Files\WindowsApps\PythonSoftwareFoundation.Python.3.11_3.11.2544.0_x64__qbz5n2kfra8p0\Lib\encodings\cp1252.py", line 19, in encode
    return codecs.charmap_encode(input,self.errors,encoding_table)[0]
           ^^^^^^^^^^^^^^^^^^^^^^^^^^^^^^^^^^^^^^^^^^^^^^^^^^^^^^^
UnicodeEncodeError: 'charmap' codec can't encode characters in position 84-85: character maps to <undefined>
2025-10-28 00:41:04,428 - __main__ - INFO - Generating hourly report...
2025-10-28 00:41:05,451 - __main__ - ERROR - Error in report generation loop: 'charmap' codec can't encode characters in position 84-85: character maps to <undefined>
Traceback (most recent call last):
  File "C:\Users\micro\Celsius AI\src\monitoring\celsius_hourly_reporter.py", line 314, in run
    print(report)
  File "C:\Program Files\WindowsApps\PythonSoftwareFoundation.Python.3.11_3.11.2544.0_x64__qbz5n2kfra8p0\Lib\encodings\cp1252.py", line 19, in encode
    return codecs.charmap_encode(input,self.errors,encoding_table)[0]
           ^^^^^^^^^^^^^^^^^^^^^^^^^^^^^^^^^^^^^^^^^^^^^^^^^^^^^^^
UnicodeEncodeError: 'charmap' codec can't encode characters in position 84-85: character maps to <undefined>
2025-10-28 00:42:05,457 - __main__ - INFO - Generating hourly report...
2025-10-28 00:42:06,487 - __main__ - ERROR - Error in report generation loop: 'charmap' codec can't encode characters in position 84-85: character maps to <undefined>
Traceback (most recent call last):
  File "C:\Users\micro\Celsius AI\src\monitoring\celsius_hourly_reporter.py", line 314, in run
    print(report)
  File "C:\Program Files\WindowsApps\PythonSoftwareFoundation.Python.3.11_3.11.2544.0_x64__qbz5n2kfra8p0\Lib\encodings\cp1252.py", line 19, in encode
    return codecs.charmap_encode(input,self.errors,encoding_table)[0]
           ^^^^^^^^^^^^^^^^^^^^^^^^^^^^^^^^^^^^^^^^^^^^^^^^^^^^^^^
UnicodeEncodeError: 'charmap' codec can't encode characters in position 84-85: character maps to <undefined>
2025-10-28 00:43:06,501 - __main__ - INFO - Generating hourly report...
2025-10-28 00:43:07,531 - __main__ - ERROR - Error in report generation loop: 'charmap' codec can't encode characters in position 84-85: character maps to <undefined>
Traceback (most recent call last):
  File "C:\Users\micro\Celsius AI\src\monitoring\celsius_hourly_reporter.py", line 314, in run
    print(report)
  File "C:\Program Files\WindowsApps\PythonSoftwareFoundation.Python.3.11_3.11.2544.0_x64__qbz5n2kfra8p0\Lib\encodings\cp1252.py", line 19, in encode
    return codecs.charmap_encode(input,self.errors,encoding_table)[0]
           ^^^^^^^^^^^^^^^^^^^^^^^^^^^^^^^^^^^^^^^^^^^^^^^^^^^^^^^
UnicodeEncodeError: 'charmap' codec can't encode characters in position 84-85: character maps to <undefined>
2025-10-28 00:44:07,534 - __main__ - INFO - Generating hourly report...
2025-10-28 00:44:08,559 - __main__ - ERROR - Error in report generation loop: 'charmap' codec can't encode characters in position 84-85: character maps to <undefined>
Traceback (most recent call last):
  File "C:\Users\micro\Celsius AI\src\monitoring\celsius_hourly_reporter.py", line 314, in run
    print(report)
  File "C:\Program Files\WindowsApps\PythonSoftwareFoundation.Python.3.11_3.11.2544.0_x64__qbz5n2kfra8p0\Lib\encodings\cp1252.py", line 19, in encode
    return codecs.charmap_encode(input,self.errors,encoding_table)[0]
           ^^^^^^^^^^^^^^^^^^^^^^^^^^^^^^^^^^^^^^^^^^^^^^^^^^^^^^^
UnicodeEncodeError: 'charmap' codec can't encode characters in position 84-85: character maps to <undefined>
2025-10-28 00:45:08,569 - __main__ - INFO - Generating hourly report...
2025-10-28 00:45:09,593 - __main__ - ERROR - Error in report generation loop: 'charmap' codec can't encode characters in position 84-85: character maps to <undefined>
Traceback (most recent call last):
  File "C:\Users\micro\Celsius AI\src\monitoring\celsius_hourly_reporter.py", line 314, in run
    print(report)
  File "C:\Program Files\WindowsApps\PythonSoftwareFoundation.Python.3.11_3.11.2544.0_x64__qbz5n2kfra8p0\Lib\encodings\cp1252.py", line 19, in encode
    return codecs.charmap_encode(input,self.errors,encoding_table)[0]
           ^^^^^^^^^^^^^^^^^^^^^^^^^^^^^^^^^^^^^^^^^^^^^^^^^^^^^^^
UnicodeEncodeError: 'charmap' codec can't encode characters in position 84-85: character maps to <undefined>
2025-10-28 00:46:09,597 - __main__ - INFO - Generating hourly report...
2025-10-28 00:46:10,653 - __main__ - ERROR - Error in report generation loop: 'charmap' codec can't encode characters in position 84-85: character maps to <undefined>
Traceback (most recent call last):
  File "C:\Users\micro\Celsius AI\src\monitoring\celsius_hourly_reporter.py", line 314, in run
    print(report)
  File "C:\Program Files\WindowsApps\PythonSoftwareFoundation.Python.3.11_3.11.2544.0_x64__qbz5n2kfra8p0\Lib\encodings\cp1252.py", line 19, in encode
    return codecs.charmap_encode(input,self.errors,encoding_table)[0]
           ^^^^^^^^^^^^^^^^^^^^^^^^^^^^^^^^^^^^^^^^^^^^^^^^^^^^^^^
UnicodeEncodeError: 'charmap' codec can't encode characters in position 84-85: character maps to <undefined>
2025-10-28 00:47:10,657 - __main__ - INFO - Generating hourly report...
2025-10-28 00:47:11,680 - __main__ - ERROR - Error in report generation loop: 'charmap' codec can't encode characters in position 84-85: character maps to <undefined>
Traceback (most recent call last):
  File "C:\Users\micro\Celsius AI\src\monitoring\celsius_hourly_reporter.py", line 314, in run
    print(report)
  File "C:\Program Files\WindowsApps\PythonSoftwareFoundation.Python.3.11_3.11.2544.0_x64__qbz5n2kfra8p0\Lib\encodings\cp1252.py", line 19, in encode
    return codecs.charmap_encode(input,self.errors,encoding_table)[0]
           ^^^^^^^^^^^^^^^^^^^^^^^^^^^^^^^^^^^^^^^^^^^^^^^^^^^^^^^
UnicodeEncodeError: 'charmap' codec can't encode characters in position 84-85: character maps to <undefined>
2025-10-28 00:48:11,689 - __main__ - INFO - Generating hourly report...
2025-10-28 00:48:12,710 - __main__ - ERROR - Error in report generation loop: 'charmap' codec can't encode characters in position 84-85: character maps to <undefined>
Traceback (most recent call last):
  File "C:\Users\micro\Celsius AI\src\monitoring\celsius_hourly_reporter.py", line 314, in run
    print(report)
  File "C:\Program Files\WindowsApps\PythonSoftwareFoundation.Python.3.11_3.11.2544.0_x64__qbz5n2kfra8p0\Lib\encodings\cp1252.py", line 19, in encode
    return codecs.charmap_encode(input,self.errors,encoding_table)[0]
           ^^^^^^^^^^^^^^^^^^^^^^^^^^^^^^^^^^^^^^^^^^^^^^^^^^^^^^^
UnicodeEncodeError: 'charmap' codec can't encode characters in position 84-85: character maps to <undefined>
2025-10-28 00:49:12,722 - __main__ - INFO - Generating hourly report...
2025-10-28 00:49:13,745 - __main__ - ERROR - Error in report generation loop: 'charmap' codec can't encode characters in position 84-85: character maps to <undefined>
Traceback (most recent call last):
  File "C:\Users\micro\Celsius AI\src\monitoring\celsius_hourly_reporter.py", line 314, in run
    print(report)
  File "C:\Program Files\WindowsApps\PythonSoftwareFoundation.Python.3.11_3.11.2544.0_x64__qbz5n2kfra8p0\Lib\encodings\cp1252.py", line 19, in encode
    return codecs.charmap_encode(input,self.errors,encoding_table)[0]
           ^^^^^^^^^^^^^^^^^^^^^^^^^^^^^^^^^^^^^^^^^^^^^^^^^^^^^^^
UnicodeEncodeError: 'charmap' codec can't encode characters in position 84-85: character maps to <undefined>
2025-10-28 00:50:13,750 - __main__ - INFO - Generating hourly report...
2025-10-28 00:50:14,773 - __main__ - ERROR - Error in report generation loop: 'charmap' codec can't encode characters in position 84-85: character maps to <undefined>
Traceback (most recent call last):
  File "C:\Users\micro\Celsius AI\src\monitoring\celsius_hourly_reporter.py", line 314, in run
    print(report)
  File "C:\Program Files\WindowsApps\PythonSoftwareFoundation.Python.3.11_3.11.2544.0_x64__qbz5n2kfra8p0\Lib\encodings\cp1252.py", line 19, in encode
    return codecs.charmap_encode(input,self.errors,encoding_table)[0]
           ^^^^^^^^^^^^^^^^^^^^^^^^^^^^^^^^^^^^^^^^^^^^^^^^^^^^^^^
UnicodeEncodeError: 'charmap' codec can't encode characters in position 84-85: character maps to <undefined>
2025-10-28 00:51:14,783 - __main__ - INFO - Generating hourly report...
2025-10-28 00:51:15,807 - __main__ - ERROR - Error in report generation loop: 'charmap' codec can't encode characters in position 84-85: character maps to <undefined>
Traceback (most recent call last):
  File "C:\Users\micro\Celsius AI\src\monitoring\celsius_hourly_reporter.py", line 314, in run
    print(report)
  File "C:\Program Files\WindowsApps\PythonSoftwareFoundation.Python.3.11_3.11.2544.0_x64__qbz5n2kfra8p0\Lib\encodings\cp1252.py", line 19, in encode
    return codecs.charmap_encode(input,self.errors,encoding_table)[0]
           ^^^^^^^^^^^^^^^^^^^^^^^^^^^^^^^^^^^^^^^^^^^^^^^^^^^^^^^
UnicodeEncodeError: 'charmap' codec can't encode characters in position 84-85: character maps to <undefined>
2025-10-28 00:52:15,812 - __main__ - INFO - Generating hourly report...
2025-10-28 00:52:16,837 - __main__ - ERROR - Error in report generation loop: 'charmap' codec can't encode characters in position 84-85: character maps to <undefined>
Traceback (most recent call last):
  File "C:\Users\micro\Celsius AI\src\monitoring\celsius_hourly_reporter.py", line 314, in run
    print(report)
  File "C:\Program Files\WindowsApps\PythonSoftwareFoundation.Python.3.11_3.11.2544.0_x64__qbz5n2kfra8p0\Lib\encodings\cp1252.py", line 19, in encode
    return codecs.charmap_encode(input,self.errors,encoding_table)[0]
           ^^^^^^^^^^^^^^^^^^^^^^^^^^^^^^^^^^^^^^^^^^^^^^^^^^^^^^^
UnicodeEncodeError: 'charmap' codec can't encode characters in position 84-85: character maps to <undefined>
2025-10-28 00:53:16,846 - __main__ - INFO - Generating hourly report...
2025-10-28 00:53:17,870 - __main__ - ERROR - Error in report generation loop: 'charmap' codec can't encode characters in position 84-85: character maps to <undefined>
Traceback (most recent call last):
  File "C:\Users\micro\Celsius AI\src\monitoring\celsius_hourly_reporter.py", line 314, in run
    print(report)
  File "C:\Program Files\WindowsApps\PythonSoftwareFoundation.Python.3.11_3.11.2544.0_x64__qbz5n2kfra8p0\Lib\encodings\cp1252.py", line 19, in encode
    return codecs.charmap_encode(input,self.errors,encoding_table)[0]
           ^^^^^^^^^^^^^^^^^^^^^^^^^^^^^^^^^^^^^^^^^^^^^^^^^^^^^^^
UnicodeEncodeError: 'charmap' codec can't encode characters in position 84-85: character maps to <undefined>
2025-10-28 00:54:17,876 - __main__ - INFO - Generating hourly report...
2025-10-28 00:54:18,933 - __main__ - ERROR - Error in report generation loop: 'charmap' codec can't encode characters in position 84-85: character maps to <undefined>
Traceback (most recent call last):
  File "C:\Users\micro\Celsius AI\src\monitoring\celsius_hourly_reporter.py", line 314, in run
    print(report)
  File "C:\Program Files\WindowsApps\PythonSoftwareFoundation.Python.3.11_3.11.2544.0_x64__qbz5n2kfra8p0\Lib\encodings\cp1252.py", line 19, in encode
    return codecs.charmap_encode(input,self.errors,encoding_table)[0]
           ^^^^^^^^^^^^^^^^^^^^^^^^^^^^^^^^^^^^^^^^^^^^^^^^^^^^^^^
UnicodeEncodeError: 'charmap' codec can't encode characters in position 84-85: character maps to <undefined>
2025-10-28 00:55:18,935 - __main__ - INFO - Generating hourly report...
2025-10-28 00:55:19,955 - __main__ - ERROR - Error in report generation loop: 'charmap' codec can't encode characters in position 84-85: character maps to <undefined>
Traceback (most recent call last):
  File "C:\Users\micro\Celsius AI\src\monitoring\celsius_hourly_reporter.py", line 314, in run
    print(report)
  File "C:\Program Files\WindowsApps\PythonSoftwareFoundation.Python.3.11_3.11.2544.0_x64__qbz5n2kfra8p0\Lib\encodings\cp1252.py", line 19, in encode
    return codecs.charmap_encode(input,self.errors,encoding_table)[0]
           ^^^^^^^^^^^^^^^^^^^^^^^^^^^^^^^^^^^^^^^^^^^^^^^^^^^^^^^
UnicodeEncodeError: 'charmap' codec can't encode characters in position 84-85: character maps to <undefined>
2025-10-28 00:56:19,968 - __main__ - INFO - Generating hourly report...
2025-10-28 00:56:20,998 - __main__ - ERROR - Error in report generation loop: 'charmap' codec can't encode characters in position 84-85: character maps to <undefined>
Traceback (most recent call last):
  File "C:\Users\micro\Celsius AI\src\monitoring\celsius_hourly_reporter.py", line 314, in run
    print(report)
  File "C:\Program Files\WindowsApps\PythonSoftwareFoundation.Python.3.11_3.11.2544.0_x64__qbz5n2kfra8p0\Lib\encodings\cp1252.py", line 19, in encode
    return codecs.charmap_encode(input,self.errors,encoding_table)[0]
           ^^^^^^^^^^^^^^^^^^^^^^^^^^^^^^^^^^^^^^^^^^^^^^^^^^^^^^^
UnicodeEncodeError: 'charmap' codec can't encode characters in position 84-85: character maps to <undefined>
2025-10-28 00:57:21,000 - __main__ - INFO - Generating hourly report...
2025-10-28 00:57:22,025 - __main__ - ERROR - Error in report generation loop: 'charmap' codec can't encode characters in position 84-85: character maps to <undefined>
Traceback (most recent call last):
  File "C:\Users\micro\Celsius AI\src\monitoring\celsius_hourly_reporter.py", line 314, in run
    print(report)
  File "C:\Program Files\WindowsApps\PythonSoftwareFoundation.Python.3.11_3.11.2544.0_x64__qbz5n2kfra8p0\Lib\encodings\cp1252.py", line 19, in encode
    return codecs.charmap_encode(input,self.errors,encoding_table)[0]
           ^^^^^^^^^^^^^^^^^^^^^^^^^^^^^^^^^^^^^^^^^^^^^^^^^^^^^^^
UnicodeEncodeError: 'charmap' codec can't encode characters in position 84-85: character maps to <undefined>
2025-10-28 00:58:22,031 - __main__ - INFO - Generating hourly report...
2025-10-28 00:58:23,054 - __main__ - ERROR - Error in report generation loop: 'charmap' codec can't encode characters in position 84-85: character maps to <undefined>
Traceback (most recent call last):
  File "C:\Users\micro\Celsius AI\src\monitoring\celsius_hourly_reporter.py", line 314, in run
    print(report)
  File "C:\Program Files\WindowsApps\PythonSoftwareFoundation.Python.3.11_3.11.2544.0_x64__qbz5n2kfra8p0\Lib\encodings\cp1252.py", line 19, in encode
    return codecs.charmap_encode(input,self.errors,encoding_table)[0]
           ^^^^^^^^^^^^^^^^^^^^^^^^^^^^^^^^^^^^^^^^^^^^^^^^^^^^^^^
UnicodeEncodeError: 'charmap' codec can't encode characters in position 84-85: character maps to <undefined>
2025-10-28 00:59:23,068 - __main__ - INFO - Generating hourly report...
2025-10-28 00:59:24,092 - __main__ - ERROR - Error in report generation loop: 'charmap' codec can't encode characters in position 84-85: character maps to <undefined>
Traceback (most recent call last):
  File "C:\Users\micro\Celsius AI\src\monitoring\celsius_hourly_reporter.py", line 314, in run
    print(report)
  File "C:\Program Files\WindowsApps\PythonSoftwareFoundation.Python.3.11_3.11.2544.0_x64__qbz5n2kfra8p0\Lib\encodings\cp1252.py", line 19, in encode
    return codecs.charmap_encode(input,self.errors,encoding_table)[0]
           ^^^^^^^^^^^^^^^^^^^^^^^^^^^^^^^^^^^^^^^^^^^^^^^^^^^^^^^
UnicodeEncodeError: 'charmap' codec can't encode characters in position 84-85: character maps to <undefined>
2025-10-28 01:00:24,100 - __main__ - INFO - Generating hourly report...
2025-10-28 01:00:25,121 - __main__ - ERROR - Error in report generation loop: 'charmap' codec can't encode characters in position 84-85: character maps to <undefined>
Traceback (most recent call last):
  File "C:\Users\micro\Celsius AI\src\monitoring\celsius_hourly_reporter.py", line 314, in run
    print(report)
  File "C:\Program Files\WindowsApps\PythonSoftwareFoundation.Python.3.11_3.11.2544.0_x64__qbz5n2kfra8p0\Lib\encodings\cp1252.py", line 19, in encode
    return codecs.charmap_encode(input,self.errors,encoding_table)[0]
           ^^^^^^^^^^^^^^^^^^^^^^^^^^^^^^^^^^^^^^^^^^^^^^^^^^^^^^^
UnicodeEncodeError: 'charmap' codec can't encode characters in position 84-85: character maps to <undefined>
2025-10-28 01:01:25,129 - __main__ - INFO - Generating hourly report...
2025-10-28 01:01:26,155 - __main__ - ERROR - Error in report generation loop: 'charmap' codec can't encode characters in position 84-85: character maps to <undefined>
Traceback (most recent call last):
  File "C:\Users\micro\Celsius AI\src\monitoring\celsius_hourly_reporter.py", line 314, in run
    print(report)
  File "C:\Program Files\WindowsApps\PythonSoftwareFoundation.Python.3.11_3.11.2544.0_x64__qbz5n2kfra8p0\Lib\encodings\cp1252.py", line 19, in encode
    return codecs.charmap_encode(input,self.errors,encoding_table)[0]
           ^^^^^^^^^^^^^^^^^^^^^^^^^^^^^^^^^^^^^^^^^^^^^^^^^^^^^^^
UnicodeEncodeError: 'charmap' codec can't encode characters in position 84-85: character maps to <undefined>
2025-10-28 01:02:26,160 - __main__ - INFO - Generating hourly report...
2025-10-28 01:02:27,181 - __main__ - ERROR - Error in report generation loop: 'charmap' codec can't encode characters in position 84-85: character maps to <undefined>
Traceback (most recent call last):
  File "C:\Users\micro\Celsius AI\src\monitoring\celsius_hourly_reporter.py", line 314, in run
    print(report)
  File "C:\Program Files\WindowsApps\PythonSoftwareFoundation.Python.3.11_3.11.2544.0_x64__qbz5n2kfra8p0\Lib\encodings\cp1252.py", line 19, in encode
    return codecs.charmap_encode(input,self.errors,encoding_table)[0]
           ^^^^^^^^^^^^^^^^^^^^^^^^^^^^^^^^^^^^^^^^^^^^^^^^^^^^^^^
UnicodeEncodeError: 'charmap' codec can't encode characters in position 84-85: character maps to <undefined>
2025-10-28 01:03:27,187 - __main__ - INFO - Generating hourly report...
2025-10-28 01:03:28,242 - __main__ - ERROR - Error in report generation loop: 'charmap' codec can't encode characters in position 84-85: character maps to <undefined>
Traceback (most recent call last):
  File "C:\Users\micro\Celsius AI\src\monitoring\celsius_hourly_reporter.py", line 314, in run
    print(report)
  File "C:\Program Files\WindowsApps\PythonSoftwareFoundation.Python.3.11_3.11.2544.0_x64__qbz5n2kfra8p0\Lib\encodings\cp1252.py", line 19, in encode
    return codecs.charmap_encode(input,self.errors,encoding_table)[0]
           ^^^^^^^^^^^^^^^^^^^^^^^^^^^^^^^^^^^^^^^^^^^^^^^^^^^^^^^
UnicodeEncodeError: 'charmap' codec can't encode characters in position 84-85: character maps to <undefined>
2025-10-28 01:04:28,248 - __main__ - INFO - Generating hourly report...
2025-10-28 01:04:29,271 - __main__ - ERROR - Error in report generation loop: 'charmap' codec can't encode characters in position 84-85: character maps to <undefined>
Traceback (most recent call last):
  File "C:\Users\micro\Celsius AI\src\monitoring\celsius_hourly_reporter.py", line 314, in run
    print(report)
  File "C:\Program Files\WindowsApps\PythonSoftwareFoundation.Python.3.11_3.11.2544.0_x64__qbz5n2kfra8p0\Lib\encodings\cp1252.py", line 19, in encode
    return codecs.charmap_encode(input,self.errors,encoding_table)[0]
           ^^^^^^^^^^^^^^^^^^^^^^^^^^^^^^^^^^^^^^^^^^^^^^^^^^^^^^^
UnicodeEncodeError: 'charmap' codec can't encode characters in position 84-85: character maps to <undefined>
2025-10-28 01:05:29,274 - __main__ - INFO - Generating hourly report...
2025-10-28 01:05:30,296 - __main__ - ERROR - Error in report generation loop: 'charmap' codec can't encode characters in position 84-85: character maps to <undefined>
Traceback (most recent call last):
  File "C:\Users\micro\Celsius AI\src\monitoring\celsius_hourly_reporter.py", line 314, in run
    print(report)
  File "C:\Program Files\WindowsApps\PythonSoftwareFoundation.Python.3.11_3.11.2544.0_x64__qbz5n2kfra8p0\Lib\encodings\cp1252.py", line 19, in encode
    return codecs.charmap_encode(input,self.errors,encoding_table)[0]
           ^^^^^^^^^^^^^^^^^^^^^^^^^^^^^^^^^^^^^^^^^^^^^^^^^^^^^^^
UnicodeEncodeError: 'charmap' codec can't encode characters in position 84-85: character maps to <undefined>
2025-10-28 01:06:30,308 - __main__ - INFO - Generating hourly report...
2025-10-28 01:06:31,337 - __main__ - ERROR - Error in report generation loop: 'charmap' codec can't encode characters in position 84-85: character maps to <undefined>
Traceback (most recent call last):
  File "C:\Users\micro\Celsius AI\src\monitoring\celsius_hourly_reporter.py", line 314, in run
    print(report)
  File "C:\Program Files\WindowsApps\PythonSoftwareFoundation.Python.3.11_3.11.2544.0_x64__qbz5n2kfra8p0\Lib\encodings\cp1252.py", line 19, in encode
    return codecs.charmap_encode(input,self.errors,encoding_table)[0]
           ^^^^^^^^^^^^^^^^^^^^^^^^^^^^^^^^^^^^^^^^^^^^^^^^^^^^^^^
UnicodeEncodeError: 'charmap' codec can't encode characters in position 84-85: character maps to <undefined>
2025-10-28 01:07:31,345 - __main__ - INFO - Generating hourly report...
2025-10-28 01:07:32,368 - __main__ - ERROR - Error in report generation loop: 'charmap' codec can't encode characters in position 84-85: character maps to <undefined>
Traceback (most recent call last):
  File "C:\Users\micro\Celsius AI\src\monitoring\celsius_hourly_reporter.py", line 314, in run
    print(report)
  File "C:\Program Files\WindowsApps\PythonSoftwareFoundation.Python.3.11_3.11.2544.0_x64__qbz5n2kfra8p0\Lib\encodings\cp1252.py", line 19, in encode
    return codecs.charmap_encode(input,self.errors,encoding_table)[0]
           ^^^^^^^^^^^^^^^^^^^^^^^^^^^^^^^^^^^^^^^^^^^^^^^^^^^^^^^
UnicodeEncodeError: 'charmap' codec can't encode characters in position 84-85: character maps to <undefined>
2025-10-28 01:08:32,373 - __main__ - INFO - Generating hourly report...
2025-10-28 01:08:33,404 - __main__ - ERROR - Error in report generation loop: 'charmap' codec can't encode characters in position 84-85: character maps to <undefined>
Traceback (most recent call last):
  File "C:\Users\micro\Celsius AI\src\monitoring\celsius_hourly_reporter.py", line 314, in run
    print(report)
  File "C:\Program Files\WindowsApps\PythonSoftwareFoundation.Python.3.11_3.11.2544.0_x64__qbz5n2kfra8p0\Lib\encodings\cp1252.py", line 19, in encode
    return codecs.charmap_encode(input,self.errors,encoding_table)[0]
           ^^^^^^^^^^^^^^^^^^^^^^^^^^^^^^^^^^^^^^^^^^^^^^^^^^^^^^^
UnicodeEncodeError: 'charmap' codec can't encode characters in position 84-85: character maps to <undefined>
2025-10-28 01:09:33,407 - __main__ - INFO - Generating hourly report...
2025-10-28 01:09:34,463 - __main__ - ERROR - Error in report generation loop: 'charmap' codec can't encode characters in position 84-85: character maps to <undefined>
Traceback (most recent call last):
  File "C:\Users\micro\Celsius AI\src\monitoring\celsius_hourly_reporter.py", line 314, in run
    print(report)
  File "C:\Program Files\WindowsApps\PythonSoftwareFoundation.Python.3.11_3.11.2544.0_x64__qbz5n2kfra8p0\Lib\encodings\cp1252.py", line 19, in encode
    return codecs.charmap_encode(input,self.errors,encoding_table)[0]
           ^^^^^^^^^^^^^^^^^^^^^^^^^^^^^^^^^^^^^^^^^^^^^^^^^^^^^^^
UnicodeEncodeError: 'charmap' codec can't encode characters in position 84-85: character maps to <undefined>
2025-10-28 01:10:34,464 - __main__ - INFO - Generating hourly report...
2025-10-28 01:10:35,520 - __main__ - ERROR - Error in report generation loop: 'charmap' codec can't encode characters in position 84-85: character maps to <undefined>
Traceback (most recent call last):
  File "C:\Users\micro\Celsius AI\src\monitoring\celsius_hourly_reporter.py", line 314, in run
    print(report)
  File "C:\Program Files\WindowsApps\PythonSoftwareFoundation.Python.3.11_3.11.2544.0_x64__qbz5n2kfra8p0\Lib\encodings\cp1252.py", line 19, in encode
    return codecs.charmap_encode(input,self.errors,encoding_table)[0]
           ^^^^^^^^^^^^^^^^^^^^^^^^^^^^^^^^^^^^^^^^^^^^^^^^^^^^^^^
UnicodeEncodeError: 'charmap' codec can't encode characters in position 84-85: character maps to <undefined>
2025-10-28 01:11:35,529 - __main__ - INFO - Generating hourly report...
2025-10-28 01:11:36,550 - __main__ - ERROR - Error in report generation loop: 'charmap' codec can't encode characters in position 84-85: character maps to <undefined>
Traceback (most recent call last):
  File "C:\Users\micro\Celsius AI\src\monitoring\celsius_hourly_reporter.py", line 314, in run
    print(report)
  File "C:\Program Files\WindowsApps\PythonSoftwareFoundation.Python.3.11_3.11.2544.0_x64__qbz5n2kfra8p0\Lib\encodings\cp1252.py", line 19, in encode
    return codecs.charmap_encode(input,self.errors,encoding_table)[0]
           ^^^^^^^^^^^^^^^^^^^^^^^^^^^^^^^^^^^^^^^^^^^^^^^^^^^^^^^
UnicodeEncodeError: 'charmap' codec can't encode characters in position 84-85: character maps to <undefined>
2025-10-28 01:12:36,560 - __main__ - INFO - Generating hourly report...
2025-10-28 01:12:37,586 - __main__ - ERROR - Error in report generation loop: 'charmap' codec can't encode characters in position 84-85: character maps to <undefined>
Traceback (most recent call last):
  File "C:\Users\micro\Celsius AI\src\monitoring\celsius_hourly_reporter.py", line 314, in run
    print(report)
  File "C:\Program Files\WindowsApps\PythonSoftwareFoundation.Python.3.11_3.11.2544.0_x64__qbz5n2kfra8p0\Lib\encodings\cp1252.py", line 19, in encode
    return codecs.charmap_encode(input,self.errors,encoding_table)[0]
           ^^^^^^^^^^^^^^^^^^^^^^^^^^^^^^^^^^^^^^^^^^^^^^^^^^^^^^^
UnicodeEncodeError: 'charmap' codec can't encode characters in position 84-85: character maps to <undefined>
2025-10-28 01:13:37,592 - __main__ - INFO - Generating hourly report...
2025-10-28 01:13:38,617 - __main__ - ERROR - Error in report generation loop: 'charmap' codec can't encode characters in position 84-85: character maps to <undefined>
Traceback (most recent call last):
  File "C:\Users\micro\Celsius AI\src\monitoring\celsius_hourly_reporter.py", line 314, in run
    print(report)
  File "C:\Program Files\WindowsApps\PythonSoftwareFoundation.Python.3.11_3.11.2544.0_x64__qbz5n2kfra8p0\Lib\encodings\cp1252.py", line 19, in encode
    return codecs.charmap_encode(input,self.errors,encoding_table)[0]
           ^^^^^^^^^^^^^^^^^^^^^^^^^^^^^^^^^^^^^^^^^^^^^^^^^^^^^^^
UnicodeEncodeError: 'charmap' codec can't encode characters in position 84-85: character maps to <undefined>
2025-10-28 01:14:38,621 - __main__ - INFO - Generating hourly report...
2025-10-28 01:14:39,644 - __main__ - ERROR - Error in report generation loop: 'charmap' codec can't encode characters in position 84-85: character maps to <undefined>
Traceback (most recent call last):
  File "C:\Users\micro\Celsius AI\src\monitoring\celsius_hourly_reporter.py", line 314, in run
    print(report)
  File "C:\Program Files\WindowsApps\PythonSoftwareFoundation.Python.3.11_3.11.2544.0_x64__qbz5n2kfra8p0\Lib\encodings\cp1252.py", line 19, in encode
    return codecs.charmap_encode(input,self.errors,encoding_table)[0]
           ^^^^^^^^^^^^^^^^^^^^^^^^^^^^^^^^^^^^^^^^^^^^^^^^^^^^^^^
UnicodeEncodeError: 'charmap' codec can't encode characters in position 84-85: character maps to <undefined>
2025-10-28 01:15:39,650 - __main__ - INFO - Generating hourly report...
2025-10-28 01:15:40,674 - __main__ - ERROR - Error in report generation loop: 'charmap' codec can't encode characters in position 84-85: character maps to <undefined>
Traceback (most recent call last):
  File "C:\Users\micro\Celsius AI\src\monitoring\celsius_hourly_reporter.py", line 314, in run
    print(report)
  File "C:\Program Files\WindowsApps\PythonSoftwareFoundation.Python.3.11_3.11.2544.0_x64__qbz5n2kfra8p0\Lib\encodings\cp1252.py", line 19, in encode
    return codecs.charmap_encode(input,self.errors,encoding_table)[0]
           ^^^^^^^^^^^^^^^^^^^^^^^^^^^^^^^^^^^^^^^^^^^^^^^^^^^^^^^
UnicodeEncodeError: 'charmap' codec can't encode characters in position 84-85: character maps to <undefined>
2025-10-28 01:16:40,685 - __main__ - INFO - Generating hourly report...
2025-10-28 01:16:41,710 - __main__ - ERROR - Error in report generation loop: 'charmap' codec can't encode characters in position 84-85: character maps to <undefined>
Traceback (most recent call last):
  File "C:\Users\micro\Celsius AI\src\monitoring\celsius_hourly_reporter.py", line 314, in run
    print(report)
  File "C:\Program Files\WindowsApps\PythonSoftwareFoundation.Python.3.11_3.11.2544.0_x64__qbz5n2kfra8p0\Lib\encodings\cp1252.py", line 19, in encode
    return codecs.charmap_encode(input,self.errors,encoding_table)[0]
           ^^^^^^^^^^^^^^^^^^^^^^^^^^^^^^^^^^^^^^^^^^^^^^^^^^^^^^^
UnicodeEncodeError: 'charmap' codec can't encode characters in position 84-85: character maps to <undefined>
2025-10-28 01:17:41,711 - __main__ - INFO - Generating hourly report...
2025-10-28 01:17:42,736 - __main__ - ERROR - Error in report generation loop: 'charmap' codec can't encode characters in position 84-85: character maps to <undefined>
Traceback (most recent call last):
  File "C:\Users\micro\Celsius AI\src\monitoring\celsius_hourly_reporter.py", line 314, in run
    print(report)
  File "C:\Program Files\WindowsApps\PythonSoftwareFoundation.Python.3.11_3.11.2544.0_x64__qbz5n2kfra8p0\Lib\encodings\cp1252.py", line 19, in encode
    return codecs.charmap_encode(input,self.errors,encoding_table)[0]
           ^^^^^^^^^^^^^^^^^^^^^^^^^^^^^^^^^^^^^^^^^^^^^^^^^^^^^^^
UnicodeEncodeError: 'charmap' codec can't encode characters in position 84-85: character maps to <undefined>
2025-10-28 01:18:42,743 - __main__ - INFO - Generating hourly report...
2025-10-28 01:18:43,767 - __main__ - ERROR - Error in report generation loop: 'charmap' codec can't encode characters in position 84-85: character maps to <undefined>
Traceback (most recent call last):
  File "C:\Users\micro\Celsius AI\src\monitoring\celsius_hourly_reporter.py", line 314, in run
    print(report)
  File "C:\Program Files\WindowsApps\PythonSoftwareFoundation.Python.3.11_3.11.2544.0_x64__qbz5n2kfra8p0\Lib\encodings\cp1252.py", line 19, in encode
    return codecs.charmap_encode(input,self.errors,encoding_table)[0]
           ^^^^^^^^^^^^^^^^^^^^^^^^^^^^^^^^^^^^^^^^^^^^^^^^^^^^^^^
UnicodeEncodeError: 'charmap' codec can't encode characters in position 84-85: character maps to <undefined>
2025-10-28 01:19:43,775 - __main__ - INFO - Generating hourly report...
2025-10-28 01:19:44,799 - __main__ - ERROR - Error in report generation loop: 'charmap' codec can't encode characters in position 84-85: character maps to <undefined>
Traceback (most recent call last):
  File "C:\Users\micro\Celsius AI\src\monitoring\celsius_hourly_reporter.py", line 314, in run
    print(report)
  File "C:\Program Files\WindowsApps\PythonSoftwareFoundation.Python.3.11_3.11.2544.0_x64__qbz5n2kfra8p0\Lib\encodings\cp1252.py", line 19, in encode
    return codecs.charmap_encode(input,self.errors,encoding_table)[0]
           ^^^^^^^^^^^^^^^^^^^^^^^^^^^^^^^^^^^^^^^^^^^^^^^^^^^^^^^
UnicodeEncodeError: 'charmap' codec can't encode characters in position 84-85: character maps to <undefined>
2025-10-28 01:20:44,807 - __main__ - INFO - Generating hourly report...
2025-10-28 01:20:45,832 - __main__ - ERROR - Error in report generation loop: 'charmap' codec can't encode characters in position 84-85: character maps to <undefined>
Traceback (most recent call last):
  File "C:\Users\micro\Celsius AI\src\monitoring\celsius_hourly_reporter.py", line 314, in run
    print(report)
  File "C:\Program Files\WindowsApps\PythonSoftwareFoundation.Python.3.11_3.11.2544.0_x64__qbz5n2kfra8p0\Lib\encodings\cp1252.py", line 19, in encode
    return codecs.charmap_encode(input,self.errors,encoding_table)[0]
           ^^^^^^^^^^^^^^^^^^^^^^^^^^^^^^^^^^^^^^^^^^^^^^^^^^^^^^^
UnicodeEncodeError: 'charmap' codec can't encode characters in position 84-85: character maps to <undefined>
2025-10-28 01:21:45,841 - __main__ - INFO - Generating hourly report...
2025-10-28 01:21:46,864 - __main__ - ERROR - Error in report generation loop: 'charmap' codec can't encode characters in position 84-85: character maps to <undefined>
Traceback (most recent call last):
  File "C:\Users\micro\Celsius AI\src\monitoring\celsius_hourly_reporter.py", line 314, in run
    print(report)
  File "C:\Program Files\WindowsApps\PythonSoftwareFoundation.Python.3.11_3.11.2544.0_x64__qbz5n2kfra8p0\Lib\encodings\cp1252.py", line 19, in encode
    return codecs.charmap_encode(input,self.errors,encoding_table)[0]
           ^^^^^^^^^^^^^^^^^^^^^^^^^^^^^^^^^^^^^^^^^^^^^^^^^^^^^^^
UnicodeEncodeError: 'charmap' codec can't encode characters in position 84-85: character maps to <undefined>
2025-10-28 01:22:46,875 - __main__ - INFO - Generating hourly report...
2025-10-28 01:22:47,899 - __main__ - ERROR - Error in report generation loop: 'charmap' codec can't encode characters in position 84-85: character maps to <undefined>
Traceback (most recent call last):
  File "C:\Users\micro\Celsius AI\src\monitoring\celsius_hourly_reporter.py", line 314, in run
    print(report)
  File "C:\Program Files\WindowsApps\PythonSoftwareFoundation.Python.3.11_3.11.2544.0_x64__qbz5n2kfra8p0\Lib\encodings\cp1252.py", line 19, in encode
    return codecs.charmap_encode(input,self.errors,encoding_table)[0]
           ^^^^^^^^^^^^^^^^^^^^^^^^^^^^^^^^^^^^^^^^^^^^^^^^^^^^^^^
UnicodeEncodeError: 'charmap' codec can't encode characters in position 84-85: character maps to <undefined>
2025-10-28 01:23:47,902 - __main__ - INFO - Generating hourly report...
2025-10-28 01:23:48,923 - __main__ - ERROR - Error in report generation loop: 'charmap' codec can't encode characters in position 84-85: character maps to <undefined>
Traceback (most recent call last):
  File "C:\Users\micro\Celsius AI\src\monitoring\celsius_hourly_reporter.py", line 314, in run
    print(report)
  File "C:\Program Files\WindowsApps\PythonSoftwareFoundation.Python.3.11_3.11.2544.0_x64__qbz5n2kfra8p0\Lib\encodings\cp1252.py", line 19, in encode
    return codecs.charmap_encode(input,self.errors,encoding_table)[0]
           ^^^^^^^^^^^^^^^^^^^^^^^^^^^^^^^^^^^^^^^^^^^^^^^^^^^^^^^
UnicodeEncodeError: 'charmap' codec can't encode characters in position 84-85: character maps to <undefined>
2025-10-28 01:24:48,936 - __main__ - INFO - Generating hourly report...
2025-10-28 01:24:49,959 - __main__ - ERROR - Error in report generation loop: 'charmap' codec can't encode characters in position 84-85: character maps to <undefined>
Traceback (most recent call last):
  File "C:\Users\micro\Celsius AI\src\monitoring\celsius_hourly_reporter.py", line 314, in run
    print(report)
  File "C:\Program Files\WindowsApps\PythonSoftwareFoundation.Python.3.11_3.11.2544.0_x64__qbz5n2kfra8p0\Lib\encodings\cp1252.py", line 19, in encode
    return codecs.charmap_encode(input,self.errors,encoding_table)[0]
           ^^^^^^^^^^^^^^^^^^^^^^^^^^^^^^^^^^^^^^^^^^^^^^^^^^^^^^^
UnicodeEncodeError: 'charmap' codec can't encode characters in position 84-85: character maps to <undefined>
2025-10-28 01:25:49,969 - __main__ - INFO - Generating hourly report...
2025-10-28 01:25:50,997 - __main__ - ERROR - Error in report generation loop: 'charmap' codec can't encode characters in position 84-85: character maps to <undefined>
Traceback (most recent call last):
  File "C:\Users\micro\Celsius AI\src\monitoring\celsius_hourly_reporter.py", line 314, in run
    print(report)
  File "C:\Program Files\WindowsApps\PythonSoftwareFoundation.Python.3.11_3.11.2544.0_x64__qbz5n2kfra8p0\Lib\encodings\cp1252.py", line 19, in encode
    return codecs.charmap_encode(input,self.errors,encoding_table)[0]
           ^^^^^^^^^^^^^^^^^^^^^^^^^^^^^^^^^^^^^^^^^^^^^^^^^^^^^^^
UnicodeEncodeError: 'charmap' codec can't encode characters in position 84-85: character maps to <undefined>
2025-10-28 01:26:50,999 - __main__ - INFO - Generating hourly report...
2025-10-28 01:26:52,022 - __main__ - ERROR - Error in report generation loop: 'charmap' codec can't encode characters in position 84-85: character maps to <undefined>
Traceback (most recent call last):
  File "C:\Users\micro\Celsius AI\src\monitoring\celsius_hourly_reporter.py", line 314, in run
    print(report)
  File "C:\Program Files\WindowsApps\PythonSoftwareFoundation.Python.3.11_3.11.2544.0_x64__qbz5n2kfra8p0\Lib\encodings\cp1252.py", line 19, in encode
    return codecs.charmap_encode(input,self.errors,encoding_table)[0]
           ^^^^^^^^^^^^^^^^^^^^^^^^^^^^^^^^^^^^^^^^^^^^^^^^^^^^^^^
UnicodeEncodeError: 'charmap' codec can't encode characters in position 84-85: character maps to <undefined>
2025-10-28 01:27:52,031 - __main__ - INFO - Generating hourly report...
2025-10-28 01:27:53,053 - __main__ - ERROR - Error in report generation loop: 'charmap' codec can't encode characters in position 84-85: character maps to <undefined>
Traceback (most recent call last):
  File "C:\Users\micro\Celsius AI\src\monitoring\celsius_hourly_reporter.py", line 314, in run
    print(report)
  File "C:\Program Files\WindowsApps\PythonSoftwareFoundation.Python.3.11_3.11.2544.0_x64__qbz5n2kfra8p0\Lib\encodings\cp1252.py", line 19, in encode
    return codecs.charmap_encode(input,self.errors,encoding_table)[0]
           ^^^^^^^^^^^^^^^^^^^^^^^^^^^^^^^^^^^^^^^^^^^^^^^^^^^^^^^
UnicodeEncodeError: 'charmap' codec can't encode characters in position 84-85: character maps to <undefined>
2025-10-28 01:28:53,061 - __main__ - INFO - Generating hourly report...
2025-10-28 01:28:54,081 - __main__ - ERROR - Error in report generation loop: 'charmap' codec can't encode characters in position 84-85: character maps to <undefined>
Traceback (most recent call last):
  File "C:\Users\micro\Celsius AI\src\monitoring\celsius_hourly_reporter.py", line 314, in run
    print(report)
  File "C:\Program Files\WindowsApps\PythonSoftwareFoundation.Python.3.11_3.11.2544.0_x64__qbz5n2kfra8p0\Lib\encodings\cp1252.py", line 19, in encode
    return codecs.charmap_encode(input,self.errors,encoding_table)[0]
           ^^^^^^^^^^^^^^^^^^^^^^^^^^^^^^^^^^^^^^^^^^^^^^^^^^^^^^^
UnicodeEncodeError: 'charmap' codec can't encode characters in position 84-85: character maps to <undefined>
2025-10-28 01:29:54,091 - __main__ - INFO - Generating hourly report...
2025-10-28 01:29:55,116 - __main__ - ERROR - Error in report generation loop: 'charmap' codec can't encode characters in position 84-85: character maps to <undefined>
Traceback (most recent call last):
  File "C:\Users\micro\Celsius AI\src\monitoring\celsius_hourly_reporter.py", line 314, in run
    print(report)
  File "C:\Program Files\WindowsApps\PythonSoftwareFoundation.Python.3.11_3.11.2544.0_x64__qbz5n2kfra8p0\Lib\encodings\cp1252.py", line 19, in encode
    return codecs.charmap_encode(input,self.errors,encoding_table)[0]
           ^^^^^^^^^^^^^^^^^^^^^^^^^^^^^^^^^^^^^^^^^^^^^^^^^^^^^^^
UnicodeEncodeError: 'charmap' codec can't encode characters in position 84-85: character maps to <undefined>
2025-10-28 01:30:55,118 - __main__ - INFO - Generating hourly report...
2025-10-28 01:30:56,142 - __main__ - ERROR - Error in report generation loop: 'charmap' codec can't encode characters in position 84-85: character maps to <undefined>
Traceback (most recent call last):
  File "C:\Users\micro\Celsius AI\src\monitoring\celsius_hourly_reporter.py", line 314, in run
    print(report)
  File "C:\Program Files\WindowsApps\PythonSoftwareFoundation.Python.3.11_3.11.2544.0_x64__qbz5n2kfra8p0\Lib\encodings\cp1252.py", line 19, in encode
    return codecs.charmap_encode(input,self.errors,encoding_table)[0]
           ^^^^^^^^^^^^^^^^^^^^^^^^^^^^^^^^^^^^^^^^^^^^^^^^^^^^^^^
UnicodeEncodeError: 'charmap' codec can't encode characters in position 84-85: character maps to <undefined>
2025-10-28 01:31:56,145 - __main__ - INFO - Generating hourly report...
2025-10-28 01:31:57,171 - __main__ - ERROR - Error in report generation loop: 'charmap' codec can't encode characters in position 84-85: character maps to <undefined>
Traceback (most recent call last):
  File "C:\Users\micro\Celsius AI\src\monitoring\celsius_hourly_reporter.py", line 314, in run
    print(report)
  File "C:\Program Files\WindowsApps\PythonSoftwareFoundation.Python.3.11_3.11.2544.0_x64__qbz5n2kfra8p0\Lib\encodings\cp1252.py", line 19, in encode
    return codecs.charmap_encode(input,self.errors,encoding_table)[0]
           ^^^^^^^^^^^^^^^^^^^^^^^^^^^^^^^^^^^^^^^^^^^^^^^^^^^^^^^
UnicodeEncodeError: 'charmap' codec can't encode characters in position 84-85: character maps to <undefined>
2025-10-28 01:32:57,177 - __main__ - INFO - Generating hourly report...
2025-10-28 01:32:58,235 - __main__ - ERROR - Error in report generation loop: 'charmap' codec can't encode characters in position 84-85: character maps to <undefined>
Traceback (most recent call last):
  File "C:\Users\micro\Celsius AI\src\monitoring\celsius_hourly_reporter.py", line 314, in run
    print(report)
  File "C:\Program Files\WindowsApps\PythonSoftwareFoundation.Python.3.11_3.11.2544.0_x64__qbz5n2kfra8p0\Lib\encodings\cp1252.py", line 19, in encode
    return codecs.charmap_encode(input,self.errors,encoding_table)[0]
           ^^^^^^^^^^^^^^^^^^^^^^^^^^^^^^^^^^^^^^^^^^^^^^^^^^^^^^^
UnicodeEncodeError: 'charmap' codec can't encode characters in position 84-85: character maps to <undefined>
2025-10-28 01:33:58,239 - __main__ - INFO - Generating hourly report...
2025-10-28 01:33:59,262 - __main__ - ERROR - Error in report generation loop: 'charmap' codec can't encode characters in position 84-85: character maps to <undefined>
Traceback (most recent call last):
  File "C:\Users\micro\Celsius AI\src\monitoring\celsius_hourly_reporter.py", line 314, in run
    print(report)
  File "C:\Program Files\WindowsApps\PythonSoftwareFoundation.Python.3.11_3.11.2544.0_x64__qbz5n2kfra8p0\Lib\encodings\cp1252.py", line 19, in encode
    return codecs.charmap_encode(input,self.errors,encoding_table)[0]
           ^^^^^^^^^^^^^^^^^^^^^^^^^^^^^^^^^^^^^^^^^^^^^^^^^^^^^^^
UnicodeEncodeError: 'charmap' codec can't encode characters in position 84-85: character maps to <undefined>
2025-10-28 01:34:59,264 - __main__ - INFO - Generating hourly report...
2025-10-28 01:35:00,297 - __main__ - ERROR - Error in report generation loop: 'charmap' codec can't encode characters in position 84-85: character maps to <undefined>
Traceback (most recent call last):
  File "C:\Users\micro\Celsius AI\src\monitoring\celsius_hourly_reporter.py", line 314, in run
    print(report)
  File "C:\Program Files\WindowsApps\PythonSoftwareFoundation.Python.3.11_3.11.2544.0_x64__qbz5n2kfra8p0\Lib\encodings\cp1252.py", line 19, in encode
    return codecs.charmap_encode(input,self.errors,encoding_table)[0]
           ^^^^^^^^^^^^^^^^^^^^^^^^^^^^^^^^^^^^^^^^^^^^^^^^^^^^^^^
UnicodeEncodeError: 'charmap' codec can't encode characters in position 84-85: character maps to <undefined>
2025-10-28 01:36:00,310 - __main__ - INFO - Generating hourly report...
2025-10-28 01:36:01,343 - __main__ - ERROR - Error in report generation loop: 'charmap' codec can't encode characters in position 84-85: character maps to <undefined>
Traceback (most recent call last):
  File "C:\Users\micro\Celsius AI\src\monitoring\celsius_hourly_reporter.py", line 314, in run
    print(report)
  File "C:\Program Files\WindowsApps\PythonSoftwareFoundation.Python.3.11_3.11.2544.0_x64__qbz5n2kfra8p0\Lib\encodings\cp1252.py", line 19, in encode
    return codecs.charmap_encode(input,self.errors,encoding_table)[0]
           ^^^^^^^^^^^^^^^^^^^^^^^^^^^^^^^^^^^^^^^^^^^^^^^^^^^^^^^
UnicodeEncodeError: 'charmap' codec can't encode characters in position 84-85: character maps to <undefined>
2025-10-28 01:37:01,344 - __main__ - INFO - Generating hourly report...
2025-10-28 01:37:02,368 - __main__ - ERROR - Error in report generation loop: 'charmap' codec can't encode characters in position 84-85: character maps to <undefined>
Traceback (most recent call last):
  File "C:\Users\micro\Celsius AI\src\monitoring\celsius_hourly_reporter.py", line 314, in run
    print(report)
  File "C:\Program Files\WindowsApps\PythonSoftwareFoundation.Python.3.11_3.11.2544.0_x64__qbz5n2kfra8p0\Lib\encodings\cp1252.py", line 19, in encode
    return codecs.charmap_encode(input,self.errors,encoding_table)[0]
           ^^^^^^^^^^^^^^^^^^^^^^^^^^^^^^^^^^^^^^^^^^^^^^^^^^^^^^^
UnicodeEncodeError: 'charmap' codec can't encode characters in position 84-85: character maps to <undefined>
2025-10-28 01:38:02,374 - __main__ - INFO - Generating hourly report...
2025-10-28 01:38:03,394 - __main__ - ERROR - Error in report generation loop: 'charmap' codec can't encode characters in position 84-85: character maps to <undefined>
Traceback (most recent call last):
  File "C:\Users\micro\Celsius AI\src\monitoring\celsius_hourly_reporter.py", line 314, in run
    print(report)
  File "C:\Program Files\WindowsApps\PythonSoftwareFoundation.Python.3.11_3.11.2544.0_x64__qbz5n2kfra8p0\Lib\encodings\cp1252.py", line 19, in encode
    return codecs.charmap_encode(input,self.errors,encoding_table)[0]
           ^^^^^^^^^^^^^^^^^^^^^^^^^^^^^^^^^^^^^^^^^^^^^^^^^^^^^^^
UnicodeEncodeError: 'charmap' codec can't encode characters in position 84-85: character maps to <undefined>
2025-10-28 04:10:13,848 - __main__ - INFO - Reports database initialized
2025-10-28 04:10:13,923 - __main__ - INFO - Email notifications enabled for hourly reports
2025-10-28 04:10:13,923 - __main__ - INFO - Hourly Reporter initialized
2025-10-28 04:10:13,923 - __main__ - INFO - Hourly Reporter started - generating reports every 3600 seconds
2025-10-28 04:23:37,629 - __main__ - INFO - Reports database initialized
2025-10-28 04:23:37,652 - __main__ - INFO - Email notifications enabled for hourly reports
2025-10-28 04:23:37,652 - __main__ - INFO - Hourly Reporter initialized
2025-10-28 04:23:37,652 - __main__ - INFO - Hourly Reporter started - generating reports every 3600 seconds
2025-10-28 19:42:26,847 - __main__ - INFO - Reports database initialized
2025-10-28 19:42:26,879 - __main__ - INFO - Email notifications enabled for hourly reports
2025-10-28 19:42:26,879 - __main__ - INFO - Hourly Reporter initialized
2025-10-28 19:42:26,879 - __main__ - INFO - Hourly Reporter started - generating reports every 3600 seconds
2025-10-28 19:47:15,957 - __main__ - INFO - Reports database initialized
2025-10-28 19:47:15,981 - __main__ - INFO - Email notifications enabled for hourly reports
2025-10-28 19:47:15,981 - __main__ - INFO - Hourly Reporter initialized
2025-10-28 19:47:15,981 - __main__ - INFO - Hourly Reporter started - generating reports every 3600 seconds
2025-10-28 19:51:14,096 - __main__ - INFO - Reports database initialized
2025-10-28 19:51:14,120 - __main__ - INFO - Email notifications enabled for hourly reports
2025-10-28 19:51:14,120 - __main__ - INFO - Hourly Reporter initialized
2025-10-28 19:51:14,120 - __main__ - INFO - Hourly Reporter started - generating reports every 3600 seconds
2025-10-28 19:54:36,347 - __main__ - INFO - Reports database initialized
2025-10-28 19:54:36,371 - __main__ - INFO - Email notifications enabled for hourly reports
2025-10-28 19:54:36,371 - __main__ - INFO - Hourly Reporter initialized
2025-10-28 19:54:36,371 - __main__ - INFO - Hourly Reporter started - generating reports every 3600 seconds
2025-10-28 20:02:13,779 - __main__ - INFO - Reports database initialized
2025-10-28 20:02:13,803 - __main__ - INFO - Email notifications enabled for hourly reports
2025-10-28 20:02:13,803 - __main__ - INFO - Hourly Reporter initialized
2025-10-28 20:02:13,803 - __main__ - INFO - Hourly Reporter started - generating reports every 3600 seconds
2025-10-28 20:13:18,789 - __main__ - INFO - Reports database initialized
2025-10-28 20:13:18,814 - __main__ - INFO - Email notifications enabled for hourly reports
2025-10-28 20:13:18,814 - __main__ - INFO - Hourly Reporter initialized
2025-10-28 20:13:18,814 - __main__ - INFO - Hourly Reporter started - generating reports every 3600 seconds
2025-10-28 20:44:58,471 - __main__ - INFO - Reports database initialized
2025-10-28 20:44:58,493 - __main__ - INFO - Email notifications enabled for hourly reports
2025-10-28 20:44:58,493 - __main__ - INFO - Hourly Reporter initialized
2025-10-28 20:44:58,493 - __main__ - INFO - Hourly Reporter started - generating reports every 3600 seconds
2025-10-28 20:49:27,110 - __main__ - INFO - Reports database initialized
2025-10-28 20:49:27,135 - __main__ - INFO - Email notifications enabled for hourly reports
2025-10-28 20:49:27,135 - __main__ - INFO - Hourly Reporter initialized
2025-10-28 20:49:27,135 - __main__ - INFO - Hourly Reporter started - generating reports every 3600 seconds
2025-10-28 20:54:53,352 - __main__ - INFO - Reports database initialized
2025-10-28 20:54:53,375 - __main__ - INFO - Email notifications enabled for hourly reports
2025-10-28 20:54:53,375 - __main__ - INFO - Hourly Reporter initialized
2025-10-28 20:54:53,375 - __main__ - INFO - Hourly Reporter started - generating reports every 3600 seconds
2025-10-28 21:12:59,523 - __main__ - INFO - Reports database initialized
2025-10-28 21:12:59,546 - __main__ - INFO - Email notifications enabled for hourly reports
2025-10-28 21:12:59,546 - __main__ - INFO - Hourly Reporter initialized
2025-10-28 21:12:59,546 - __main__ - INFO - Hourly Reporter started - generating reports every 3600 seconds
2025-10-28 21:19:09,069 - __main__ - INFO - Reports database initialized
2025-10-28 21:19:09,093 - __main__ - INFO - Email notifications enabled for hourly reports
2025-10-28 21:19:09,093 - __main__ - INFO - Hourly Reporter initialized
2025-10-28 21:19:09,093 - __main__ - INFO - Hourly Reporter started - generating reports every 3600 seconds
2025-10-28 21:22:57,423 - __main__ - INFO - Reports database initialized
2025-10-28 21:22:57,447 - __main__ - INFO - Email notifications enabled for hourly reports
2025-10-28 21:22:57,447 - __main__ - INFO - Hourly Reporter initialized
2025-10-28 21:22:57,447 - __main__ - INFO - Hourly Reporter started - generating reports every 3600 seconds
2025-10-28 21:28:01,113 - __main__ - INFO - Reports database initialized
2025-10-28 21:28:01,138 - __main__ - INFO - Email notifications enabled for hourly reports
2025-10-28 21:28:01,138 - __main__ - INFO - Hourly Reporter initialized
2025-10-28 21:28:01,138 - __main__ - INFO - Hourly Reporter started - generating reports every 3600 seconds
2025-10-28 21:30:09,421 - __main__ - INFO - Reports database initialized
2025-10-28 21:30:09,447 - __main__ - INFO - Email notifications enabled for hourly reports
2025-10-28 21:30:09,447 - __main__ - INFO - Hourly Reporter initialized
2025-10-28 21:30:09,447 - __main__ - INFO - Hourly Reporter started - generating reports every 3600 seconds
2025-10-28 22:30:09,927 - __main__ - INFO - Generating hourly report...
2025-10-28 22:30:11,060 - __main__ - ERROR - Error in report generation loop: 'charmap' codec can't encode characters in position 84-85: character maps to <undefined>
Traceback (most recent call last):
  File "C:\Users\micro\Celsius AI\src\monitoring\celsius_hourly_reporter.py", line 318, in run
    print(report)
  File "C:\Program Files\WindowsApps\PythonSoftwareFoundation.Python.3.11_3.11.2544.0_x64__qbz5n2kfra8p0\Lib\encodings\cp1252.py", line 19, in encode
    return codecs.charmap_encode(input,self.errors,encoding_table)[0]
           ^^^^^^^^^^^^^^^^^^^^^^^^^^^^^^^^^^^^^^^^^^^^^^^^^^^^^^^
UnicodeEncodeError: 'charmap' codec can't encode characters in position 84-85: character maps to <undefined>
2025-10-28 22:31:11,069 - __main__ - INFO - Generating hourly report...
2025-10-28 22:31:12,084 - __main__ - ERROR - Error in report generation loop: 'charmap' codec can't encode characters in position 84-85: character maps to <undefined>
Traceback (most recent call last):
  File "C:\Users\micro\Celsius AI\src\monitoring\celsius_hourly_reporter.py", line 318, in run
    print(report)
  File "C:\Program Files\WindowsApps\PythonSoftwareFoundation.Python.3.11_3.11.2544.0_x64__qbz5n2kfra8p0\Lib\encodings\cp1252.py", line 19, in encode
    return codecs.charmap_encode(input,self.errors,encoding_table)[0]
           ^^^^^^^^^^^^^^^^^^^^^^^^^^^^^^^^^^^^^^^^^^^^^^^^^^^^^^^
UnicodeEncodeError: 'charmap' codec can't encode characters in position 84-85: character maps to <undefined>
2025-10-28 22:32:12,085 - __main__ - INFO - Generating hourly report...
2025-10-28 22:32:13,106 - __main__ - ERROR - Error in report generation loop: 'charmap' codec can't encode characters in position 84-85: character maps to <undefined>
Traceback (most recent call last):
  File "C:\Users\micro\Celsius AI\src\monitoring\celsius_hourly_reporter.py", line 318, in run
    print(report)
  File "C:\Program Files\WindowsApps\PythonSoftwareFoundation.Python.3.11_3.11.2544.0_x64__qbz5n2kfra8p0\Lib\encodings\cp1252.py", line 19, in encode
    return codecs.charmap_encode(input,self.errors,encoding_table)[0]
           ^^^^^^^^^^^^^^^^^^^^^^^^^^^^^^^^^^^^^^^^^^^^^^^^^^^^^^^
UnicodeEncodeError: 'charmap' codec can't encode characters in position 84-85: character maps to <undefined>
2025-10-28 22:33:13,114 - __main__ - INFO - Generating hourly report...
2025-10-28 22:33:14,134 - __main__ - ERROR - Error in report generation loop: 'charmap' codec can't encode characters in position 84-85: character maps to <undefined>
Traceback (most recent call last):
  File "C:\Users\micro\Celsius AI\src\monitoring\celsius_hourly_reporter.py", line 318, in run
    print(report)
  File "C:\Program Files\WindowsApps\PythonSoftwareFoundation.Python.3.11_3.11.2544.0_x64__qbz5n2kfra8p0\Lib\encodings\cp1252.py", line 19, in encode
    return codecs.charmap_encode(input,self.errors,encoding_table)[0]
           ^^^^^^^^^^^^^^^^^^^^^^^^^^^^^^^^^^^^^^^^^^^^^^^^^^^^^^^
UnicodeEncodeError: 'charmap' codec can't encode characters in position 84-85: character maps to <undefined>
2025-10-28 22:34:14,148 - __main__ - INFO - Generating hourly report...
2025-10-28 22:34:15,169 - __main__ - ERROR - Error in report generation loop: 'charmap' codec can't encode characters in position 84-85: character maps to <undefined>
Traceback (most recent call last):
  File "C:\Users\micro\Celsius AI\src\monitoring\celsius_hourly_reporter.py", line 318, in run
    print(report)
  File "C:\Program Files\WindowsApps\PythonSoftwareFoundation.Python.3.11_3.11.2544.0_x64__qbz5n2kfra8p0\Lib\encodings\cp1252.py", line 19, in encode
    return codecs.charmap_encode(input,self.errors,encoding_table)[0]
           ^^^^^^^^^^^^^^^^^^^^^^^^^^^^^^^^^^^^^^^^^^^^^^^^^^^^^^^
UnicodeEncodeError: 'charmap' codec can't encode characters in position 84-85: character maps to <undefined>
2025-10-28 22:35:15,178 - __main__ - INFO - Generating hourly report...
2025-10-28 22:35:16,196 - __main__ - ERROR - Error in report generation loop: 'charmap' codec can't encode characters in position 84-85: character maps to <undefined>
Traceback (most recent call last):
  File "C:\Users\micro\Celsius AI\src\monitoring\celsius_hourly_reporter.py", line 318, in run
    print(report)
  File "C:\Program Files\WindowsApps\PythonSoftwareFoundation.Python.3.11_3.11.2544.0_x64__qbz5n2kfra8p0\Lib\encodings\cp1252.py", line 19, in encode
    return codecs.charmap_encode(input,self.errors,encoding_table)[0]
           ^^^^^^^^^^^^^^^^^^^^^^^^^^^^^^^^^^^^^^^^^^^^^^^^^^^^^^^
UnicodeEncodeError: 'charmap' codec can't encode characters in position 84-85: character maps to <undefined>
2025-10-28 22:36:16,206 - __main__ - INFO - Generating hourly report...
2025-10-28 22:36:17,222 - __main__ - ERROR - Error in report generation loop: 'charmap' codec can't encode characters in position 84-85: character maps to <undefined>
Traceback (most recent call last):
  File "C:\Users\micro\Celsius AI\src\monitoring\celsius_hourly_reporter.py", line 318, in run
    print(report)
  File "C:\Program Files\WindowsApps\PythonSoftwareFoundation.Python.3.11_3.11.2544.0_x64__qbz5n2kfra8p0\Lib\encodings\cp1252.py", line 19, in encode
    return codecs.charmap_encode(input,self.errors,encoding_table)[0]
           ^^^^^^^^^^^^^^^^^^^^^^^^^^^^^^^^^^^^^^^^^^^^^^^^^^^^^^^
UnicodeEncodeError: 'charmap' codec can't encode characters in position 84-85: character maps to <undefined>
2025-10-28 22:37:17,231 - __main__ - INFO - Generating hourly report...
2025-10-28 22:37:18,246 - __main__ - ERROR - Error in report generation loop: 'charmap' codec can't encode characters in position 84-85: character maps to <undefined>
Traceback (most recent call last):
  File "C:\Users\micro\Celsius AI\src\monitoring\celsius_hourly_reporter.py", line 318, in run
    print(report)
  File "C:\Program Files\WindowsApps\PythonSoftwareFoundation.Python.3.11_3.11.2544.0_x64__qbz5n2kfra8p0\Lib\encodings\cp1252.py", line 19, in encode
    return codecs.charmap_encode(input,self.errors,encoding_table)[0]
           ^^^^^^^^^^^^^^^^^^^^^^^^^^^^^^^^^^^^^^^^^^^^^^^^^^^^^^^
UnicodeEncodeError: 'charmap' codec can't encode characters in position 84-85: character maps to <undefined>
2025-10-28 22:38:18,247 - __main__ - INFO - Generating hourly report...
2025-10-28 22:38:19,261 - __main__ - ERROR - Error in report generation loop: 'charmap' codec can't encode characters in position 84-85: character maps to <undefined>
Traceback (most recent call last):
  File "C:\Users\micro\Celsius AI\src\monitoring\celsius_hourly_reporter.py", line 318, in run
    print(report)
  File "C:\Program Files\WindowsApps\PythonSoftwareFoundation.Python.3.11_3.11.2544.0_x64__qbz5n2kfra8p0\Lib\encodings\cp1252.py", line 19, in encode
    return codecs.charmap_encode(input,self.errors,encoding_table)[0]
           ^^^^^^^^^^^^^^^^^^^^^^^^^^^^^^^^^^^^^^^^^^^^^^^^^^^^^^^
UnicodeEncodeError: 'charmap' codec can't encode characters in position 84-85: character maps to <undefined>
2025-10-28 22:39:19,276 - __main__ - INFO - Generating hourly report...
2025-10-28 22:39:20,295 - __main__ - ERROR - Error in report generation loop: 'charmap' codec can't encode characters in position 84-85: character maps to <undefined>
Traceback (most recent call last):
  File "C:\Users\micro\Celsius AI\src\monitoring\celsius_hourly_reporter.py", line 318, in run
    print(report)
  File "C:\Program Files\WindowsApps\PythonSoftwareFoundation.Python.3.11_3.11.2544.0_x64__qbz5n2kfra8p0\Lib\encodings\cp1252.py", line 19, in encode
    return codecs.charmap_encode(input,self.errors,encoding_table)[0]
           ^^^^^^^^^^^^^^^^^^^^^^^^^^^^^^^^^^^^^^^^^^^^^^^^^^^^^^^
UnicodeEncodeError: 'charmap' codec can't encode characters in position 84-85: character maps to <undefined>
2025-10-28 22:40:20,305 - __main__ - INFO - Generating hourly report...
2025-10-28 22:40:21,323 - __main__ - ERROR - Error in report generation loop: 'charmap' codec can't encode characters in position 84-85: character maps to <undefined>
Traceback (most recent call last):
  File "C:\Users\micro\Celsius AI\src\monitoring\celsius_hourly_reporter.py", line 318, in run
    print(report)
  File "C:\Program Files\WindowsApps\PythonSoftwareFoundation.Python.3.11_3.11.2544.0_x64__qbz5n2kfra8p0\Lib\encodings\cp1252.py", line 19, in encode
    return codecs.charmap_encode(input,self.errors,encoding_table)[0]
           ^^^^^^^^^^^^^^^^^^^^^^^^^^^^^^^^^^^^^^^^^^^^^^^^^^^^^^^
UnicodeEncodeError: 'charmap' codec can't encode characters in position 84-85: character maps to <undefined>
2025-10-28 22:41:21,325 - __main__ - INFO - Generating hourly report...
2025-10-28 22:41:22,344 - __main__ - ERROR - Error in report generation loop: 'charmap' codec can't encode characters in position 84-85: character maps to <undefined>
Traceback (most recent call last):
  File "C:\Users\micro\Celsius AI\src\monitoring\celsius_hourly_reporter.py", line 318, in run
    print(report)
  File "C:\Program Files\WindowsApps\PythonSoftwareFoundation.Python.3.11_3.11.2544.0_x64__qbz5n2kfra8p0\Lib\encodings\cp1252.py", line 19, in encode
    return codecs.charmap_encode(input,self.errors,encoding_table)[0]
           ^^^^^^^^^^^^^^^^^^^^^^^^^^^^^^^^^^^^^^^^^^^^^^^^^^^^^^^
UnicodeEncodeError: 'charmap' codec can't encode characters in position 84-85: character maps to <undefined>
2025-10-28 22:42:22,359 - __main__ - INFO - Generating hourly report...
2025-10-28 22:42:23,398 - __main__ - ERROR - Error in report generation loop: 'charmap' codec can't encode characters in position 84-85: character maps to <undefined>
Traceback (most recent call last):
  File "C:\Users\micro\Celsius AI\src\monitoring\celsius_hourly_reporter.py", line 318, in run
    print(report)
  File "C:\Program Files\WindowsApps\PythonSoftwareFoundation.Python.3.11_3.11.2544.0_x64__qbz5n2kfra8p0\Lib\encodings\cp1252.py", line 19, in encode
    return codecs.charmap_encode(input,self.errors,encoding_table)[0]
           ^^^^^^^^^^^^^^^^^^^^^^^^^^^^^^^^^^^^^^^^^^^^^^^^^^^^^^^
UnicodeEncodeError: 'charmap' codec can't encode characters in position 84-85: character maps to <undefined>
2025-10-28 22:43:23,408 - __main__ - INFO - Generating hourly report...
2025-10-28 22:43:24,426 - __main__ - ERROR - Error in report generation loop: 'charmap' codec can't encode characters in position 84-85: character maps to <undefined>
Traceback (most recent call last):
  File "C:\Users\micro\Celsius AI\src\monitoring\celsius_hourly_reporter.py", line 318, in run
    print(report)
  File "C:\Program Files\WindowsApps\PythonSoftwareFoundation.Python.3.11_3.11.2544.0_x64__qbz5n2kfra8p0\Lib\encodings\cp1252.py", line 19, in encode
    return codecs.charmap_encode(input,self.errors,encoding_table)[0]
           ^^^^^^^^^^^^^^^^^^^^^^^^^^^^^^^^^^^^^^^^^^^^^^^^^^^^^^^
UnicodeEncodeError: 'charmap' codec can't encode characters in position 84-85: character maps to <undefined>
2025-10-28 22:44:24,437 - __main__ - INFO - Generating hourly report...
2025-10-28 22:44:25,453 - __main__ - ERROR - Error in report generation loop: 'charmap' codec can't encode characters in position 84-85: character maps to <undefined>
Traceback (most recent call last):
  File "C:\Users\micro\Celsius AI\src\monitoring\celsius_hourly_reporter.py", line 318, in run
    print(report)
  File "C:\Program Files\WindowsApps\PythonSoftwareFoundation.Python.3.11_3.11.2544.0_x64__qbz5n2kfra8p0\Lib\encodings\cp1252.py", line 19, in encode
    return codecs.charmap_encode(input,self.errors,encoding_table)[0]
           ^^^^^^^^^^^^^^^^^^^^^^^^^^^^^^^^^^^^^^^^^^^^^^^^^^^^^^^
UnicodeEncodeError: 'charmap' codec can't encode characters in position 84-85: character maps to <undefined>
2025-10-28 22:45:25,455 - __main__ - INFO - Generating hourly report...
2025-10-28 22:45:26,470 - __main__ - ERROR - Error in report generation loop: 'charmap' codec can't encode characters in position 84-85: character maps to <undefined>
Traceback (most recent call last):
  File "C:\Users\micro\Celsius AI\src\monitoring\celsius_hourly_reporter.py", line 318, in run
    print(report)
  File "C:\Program Files\WindowsApps\PythonSoftwareFoundation.Python.3.11_3.11.2544.0_x64__qbz5n2kfra8p0\Lib\encodings\cp1252.py", line 19, in encode
    return codecs.charmap_encode(input,self.errors,encoding_table)[0]
           ^^^^^^^^^^^^^^^^^^^^^^^^^^^^^^^^^^^^^^^^^^^^^^^^^^^^^^^
UnicodeEncodeError: 'charmap' codec can't encode characters in position 84-85: character maps to <undefined>
2025-10-28 22:46:26,471 - __main__ - INFO - Generating hourly report...
2025-10-28 22:46:27,489 - __main__ - ERROR - Error in report generation loop: 'charmap' codec can't encode characters in position 84-85: character maps to <undefined>
Traceback (most recent call last):
  File "C:\Users\micro\Celsius AI\src\monitoring\celsius_hourly_reporter.py", line 318, in run
    print(report)
  File "C:\Program Files\WindowsApps\PythonSoftwareFoundation.Python.3.11_3.11.2544.0_x64__qbz5n2kfra8p0\Lib\encodings\cp1252.py", line 19, in encode
    return codecs.charmap_encode(input,self.errors,encoding_table)[0]
           ^^^^^^^^^^^^^^^^^^^^^^^^^^^^^^^^^^^^^^^^^^^^^^^^^^^^^^^
UnicodeEncodeError: 'charmap' codec can't encode characters in position 84-85: character maps to <undefined>
2025-10-28 22:47:27,503 - __main__ - INFO - Generating hourly report...
2025-10-28 22:47:28,518 - __main__ - ERROR - Error in report generation loop: 'charmap' codec can't encode characters in position 84-85: character maps to <undefined>
Traceback (most recent call last):
  File "C:\Users\micro\Celsius AI\src\monitoring\celsius_hourly_reporter.py", line 318, in run
    print(report)
  File "C:\Program Files\WindowsApps\PythonSoftwareFoundation.Python.3.11_3.11.2544.0_x64__qbz5n2kfra8p0\Lib\encodings\cp1252.py", line 19, in encode
    return codecs.charmap_encode(input,self.errors,encoding_table)[0]
           ^^^^^^^^^^^^^^^^^^^^^^^^^^^^^^^^^^^^^^^^^^^^^^^^^^^^^^^
UnicodeEncodeError: 'charmap' codec can't encode characters in position 84-85: character maps to <undefined>
2025-10-28 22:48:28,534 - __main__ - INFO - Generating hourly report...
2025-10-28 22:48:29,552 - __main__ - ERROR - Error in report generation loop: 'charmap' codec can't encode characters in position 84-85: character maps to <undefined>
Traceback (most recent call last):
  File "C:\Users\micro\Celsius AI\src\monitoring\celsius_hourly_reporter.py", line 318, in run
    print(report)
  File "C:\Program Files\WindowsApps\PythonSoftwareFoundation.Python.3.11_3.11.2544.0_x64__qbz5n2kfra8p0\Lib\encodings\cp1252.py", line 19, in encode
    return codecs.charmap_encode(input,self.errors,encoding_table)[0]
           ^^^^^^^^^^^^^^^^^^^^^^^^^^^^^^^^^^^^^^^^^^^^^^^^^^^^^^^
UnicodeEncodeError: 'charmap' codec can't encode characters in position 84-85: character maps to <undefined>
2025-10-28 22:49:29,568 - __main__ - INFO - Generating hourly report...
2025-10-28 22:49:30,586 - __main__ - ERROR - Error in report generation loop: 'charmap' codec can't encode characters in position 84-85: character maps to <undefined>
Traceback (most recent call last):
  File "C:\Users\micro\Celsius AI\src\monitoring\celsius_hourly_reporter.py", line 318, in run
    print(report)
  File "C:\Program Files\WindowsApps\PythonSoftwareFoundation.Python.3.11_3.11.2544.0_x64__qbz5n2kfra8p0\Lib\encodings\cp1252.py", line 19, in encode
    return codecs.charmap_encode(input,self.errors,encoding_table)[0]
           ^^^^^^^^^^^^^^^^^^^^^^^^^^^^^^^^^^^^^^^^^^^^^^^^^^^^^^^
UnicodeEncodeError: 'charmap' codec can't encode characters in position 84-85: character maps to <undefined>
2025-10-28 22:50:30,594 - __main__ - INFO - Generating hourly report...
2025-10-28 22:50:31,612 - __main__ - ERROR - Error in report generation loop: 'charmap' codec can't encode characters in position 84-85: character maps to <undefined>
Traceback (most recent call last):
  File "C:\Users\micro\Celsius AI\src\monitoring\celsius_hourly_reporter.py", line 318, in run
    print(report)
  File "C:\Program Files\WindowsApps\PythonSoftwareFoundation.Python.3.11_3.11.2544.0_x64__qbz5n2kfra8p0\Lib\encodings\cp1252.py", line 19, in encode
    return codecs.charmap_encode(input,self.errors,encoding_table)[0]
           ^^^^^^^^^^^^^^^^^^^^^^^^^^^^^^^^^^^^^^^^^^^^^^^^^^^^^^^
UnicodeEncodeError: 'charmap' codec can't encode characters in position 84-85: character maps to <undefined>
2025-10-28 22:51:31,623 - __main__ - INFO - Generating hourly report...
2025-10-28 22:51:32,662 - __main__ - ERROR - Error in report generation loop: 'charmap' codec can't encode characters in position 84-85: character maps to <undefined>
Traceback (most recent call last):
  File "C:\Users\micro\Celsius AI\src\monitoring\celsius_hourly_reporter.py", line 318, in run
    print(report)
  File "C:\Program Files\WindowsApps\PythonSoftwareFoundation.Python.3.11_3.11.2544.0_x64__qbz5n2kfra8p0\Lib\encodings\cp1252.py", line 19, in encode
    return codecs.charmap_encode(input,self.errors,encoding_table)[0]
           ^^^^^^^^^^^^^^^^^^^^^^^^^^^^^^^^^^^^^^^^^^^^^^^^^^^^^^^
UnicodeEncodeError: 'charmap' codec can't encode characters in position 84-85: character maps to <undefined>
2025-10-28 22:52:32,668 - __main__ - INFO - Generating hourly report...
2025-10-28 22:52:33,720 - __main__ - ERROR - Error in report generation loop: 'charmap' codec can't encode characters in position 84-85: character maps to <undefined>
Traceback (most recent call last):
  File "C:\Users\micro\Celsius AI\src\monitoring\celsius_hourly_reporter.py", line 318, in run
    print(report)
  File "C:\Program Files\WindowsApps\PythonSoftwareFoundation.Python.3.11_3.11.2544.0_x64__qbz5n2kfra8p0\Lib\encodings\cp1252.py", line 19, in encode
    return codecs.charmap_encode(input,self.errors,encoding_table)[0]
           ^^^^^^^^^^^^^^^^^^^^^^^^^^^^^^^^^^^^^^^^^^^^^^^^^^^^^^^
UnicodeEncodeError: 'charmap' codec can't encode characters in position 84-85: character maps to <undefined>
2025-10-28 22:53:33,725 - __main__ - INFO - Generating hourly report...
2025-10-28 22:53:34,743 - __main__ - ERROR - Error in report generation loop: 'charmap' codec can't encode characters in position 84-85: character maps to <undefined>
Traceback (most recent call last):
  File "C:\Users\micro\Celsius AI\src\monitoring\celsius_hourly_reporter.py", line 318, in run
    print(report)
  File "C:\Program Files\WindowsApps\PythonSoftwareFoundation.Python.3.11_3.11.2544.0_x64__qbz5n2kfra8p0\Lib\encodings\cp1252.py", line 19, in encode
    return codecs.charmap_encode(input,self.errors,encoding_table)[0]
           ^^^^^^^^^^^^^^^^^^^^^^^^^^^^^^^^^^^^^^^^^^^^^^^^^^^^^^^
UnicodeEncodeError: 'charmap' codec can't encode characters in position 84-85: character maps to <undefined>
2025-10-28 22:54:34,752 - __main__ - INFO - Generating hourly report...
2025-10-28 22:54:35,770 - __main__ - ERROR - Error in report generation loop: 'charmap' codec can't encode characters in position 84-85: character maps to <undefined>
Traceback (most recent call last):
  File "C:\Users\micro\Celsius AI\src\monitoring\celsius_hourly_reporter.py", line 318, in run
    print(report)
  File "C:\Program Files\WindowsApps\PythonSoftwareFoundation.Python.3.11_3.11.2544.0_x64__qbz5n2kfra8p0\Lib\encodings\cp1252.py", line 19, in encode
    return codecs.charmap_encode(input,self.errors,encoding_table)[0]
           ^^^^^^^^^^^^^^^^^^^^^^^^^^^^^^^^^^^^^^^^^^^^^^^^^^^^^^^
UnicodeEncodeError: 'charmap' codec can't encode characters in position 84-85: character maps to <undefined>
2025-10-28 22:55:35,784 - __main__ - INFO - Generating hourly report...
2025-10-28 22:55:36,857 - __main__ - ERROR - Error in report generation loop: 'charmap' codec can't encode characters in position 84-85: character maps to <undefined>
Traceback (most recent call last):
  File "C:\Users\micro\Celsius AI\src\monitoring\celsius_hourly_reporter.py", line 318, in run
    print(report)
  File "C:\Program Files\WindowsApps\PythonSoftwareFoundation.Python.3.11_3.11.2544.0_x64__qbz5n2kfra8p0\Lib\encodings\cp1252.py", line 19, in encode
    return codecs.charmap_encode(input,self.errors,encoding_table)[0]
           ^^^^^^^^^^^^^^^^^^^^^^^^^^^^^^^^^^^^^^^^^^^^^^^^^^^^^^^
UnicodeEncodeError: 'charmap' codec can't encode characters in position 84-85: character maps to <undefined>
2025-10-28 22:56:36,868 - __main__ - INFO - Generating hourly report...
2025-10-28 22:56:37,886 - __main__ - ERROR - Error in report generation loop: 'charmap' codec can't encode characters in position 84-85: character maps to <undefined>
Traceback (most recent call last):
  File "C:\Users\micro\Celsius AI\src\monitoring\celsius_hourly_reporter.py", line 318, in run
    print(report)
  File "C:\Program Files\WindowsApps\PythonSoftwareFoundation.Python.3.11_3.11.2544.0_x64__qbz5n2kfra8p0\Lib\encodings\cp1252.py", line 19, in encode
    return codecs.charmap_encode(input,self.errors,encoding_table)[0]
           ^^^^^^^^^^^^^^^^^^^^^^^^^^^^^^^^^^^^^^^^^^^^^^^^^^^^^^^
UnicodeEncodeError: 'charmap' codec can't encode characters in position 84-85: character maps to <undefined>
2025-10-28 22:57:37,895 - __main__ - INFO - Generating hourly report...
2025-10-28 22:57:38,934 - __main__ - ERROR - Error in report generation loop: 'charmap' codec can't encode characters in position 84-85: character maps to <undefined>
Traceback (most recent call last):
  File "C:\Users\micro\Celsius AI\src\monitoring\celsius_hourly_reporter.py", line 318, in run
    print(report)
  File "C:\Program Files\WindowsApps\PythonSoftwareFoundation.Python.3.11_3.11.2544.0_x64__qbz5n2kfra8p0\Lib\encodings\cp1252.py", line 19, in encode
    return codecs.charmap_encode(input,self.errors,encoding_table)[0]
           ^^^^^^^^^^^^^^^^^^^^^^^^^^^^^^^^^^^^^^^^^^^^^^^^^^^^^^^
UnicodeEncodeError: 'charmap' codec can't encode characters in position 84-85: character maps to <undefined>
2025-10-28 22:58:38,943 - __main__ - INFO - Generating hourly report...
2025-10-28 22:58:39,960 - __main__ - ERROR - Error in report generation loop: 'charmap' codec can't encode characters in position 84-85: character maps to <undefined>
Traceback (most recent call last):
  File "C:\Users\micro\Celsius AI\src\monitoring\celsius_hourly_reporter.py", line 318, in run
    print(report)
  File "C:\Program Files\WindowsApps\PythonSoftwareFoundation.Python.3.11_3.11.2544.0_x64__qbz5n2kfra8p0\Lib\encodings\cp1252.py", line 19, in encode
    return codecs.charmap_encode(input,self.errors,encoding_table)[0]
           ^^^^^^^^^^^^^^^^^^^^^^^^^^^^^^^^^^^^^^^^^^^^^^^^^^^^^^^
UnicodeEncodeError: 'charmap' codec can't encode characters in position 84-85: character maps to <undefined>
2025-10-28 22:59:39,969 - __main__ - INFO - Generating hourly report...
2025-10-28 22:59:40,986 - __main__ - ERROR - Error in report generation loop: 'charmap' codec can't encode characters in position 84-85: character maps to <undefined>
Traceback (most recent call last):
  File "C:\Users\micro\Celsius AI\src\monitoring\celsius_hourly_reporter.py", line 318, in run
    print(report)
  File "C:\Program Files\WindowsApps\PythonSoftwareFoundation.Python.3.11_3.11.2544.0_x64__qbz5n2kfra8p0\Lib\encodings\cp1252.py", line 19, in encode
    return codecs.charmap_encode(input,self.errors,encoding_table)[0]
           ^^^^^^^^^^^^^^^^^^^^^^^^^^^^^^^^^^^^^^^^^^^^^^^^^^^^^^^
UnicodeEncodeError: 'charmap' codec can't encode characters in position 84-85: character maps to <undefined>
2025-10-28 23:00:40,987 - __main__ - INFO - Generating hourly report...
2025-10-28 23:00:42,041 - __main__ - ERROR - Error in report generation loop: 'charmap' codec can't encode characters in position 84-85: character maps to <undefined>
Traceback (most recent call last):
  File "C:\Users\micro\Celsius AI\src\monitoring\celsius_hourly_reporter.py", line 318, in run
    print(report)
  File "C:\Program Files\WindowsApps\PythonSoftwareFoundation.Python.3.11_3.11.2544.0_x64__qbz5n2kfra8p0\Lib\encodings\cp1252.py", line 19, in encode
    return codecs.charmap_encode(input,self.errors,encoding_table)[0]
           ^^^^^^^^^^^^^^^^^^^^^^^^^^^^^^^^^^^^^^^^^^^^^^^^^^^^^^^
UnicodeEncodeError: 'charmap' codec can't encode characters in position 84-85: character maps to <undefined>
2025-10-28 23:01:42,050 - __main__ - INFO - Generating hourly report...
2025-10-28 23:01:43,101 - __main__ - ERROR - Error in report generation loop: 'charmap' codec can't encode characters in position 84-85: character maps to <undefined>
Traceback (most recent call last):
  File "C:\Users\micro\Celsius AI\src\monitoring\celsius_hourly_reporter.py", line 318, in run
    print(report)
  File "C:\Program Files\WindowsApps\PythonSoftwareFoundation.Python.3.11_3.11.2544.0_x64__qbz5n2kfra8p0\Lib\encodings\cp1252.py", line 19, in encode
    return codecs.charmap_encode(input,self.errors,encoding_table)[0]
           ^^^^^^^^^^^^^^^^^^^^^^^^^^^^^^^^^^^^^^^^^^^^^^^^^^^^^^^
UnicodeEncodeError: 'charmap' codec can't encode characters in position 84-85: character maps to <undefined>
2025-10-28 23:02:43,113 - __main__ - INFO - Generating hourly report...
2025-10-28 23:02:44,169 - __main__ - ERROR - Error in report generation loop: 'charmap' codec can't encode characters in position 84-85: character maps to <undefined>
Traceback (most recent call last):
  File "C:\Users\micro\Celsius AI\src\monitoring\celsius_hourly_reporter.py", line 318, in run
    print(report)
  File "C:\Program Files\WindowsApps\PythonSoftwareFoundation.Python.3.11_3.11.2544.0_x64__qbz5n2kfra8p0\Lib\encodings\cp1252.py", line 19, in encode
    return codecs.charmap_encode(input,self.errors,encoding_table)[0]
           ^^^^^^^^^^^^^^^^^^^^^^^^^^^^^^^^^^^^^^^^^^^^^^^^^^^^^^^
UnicodeEncodeError: 'charmap' codec can't encode characters in position 84-85: character maps to <undefined>
2025-10-28 23:03:44,173 - __main__ - INFO - Generating hourly report...
2025-10-28 23:03:45,189 - __main__ - ERROR - Error in report generation loop: 'charmap' codec can't encode characters in position 84-85: character maps to <undefined>
Traceback (most recent call last):
  File "C:\Users\micro\Celsius AI\src\monitoring\celsius_hourly_reporter.py", line 318, in run
    print(report)
  File "C:\Program Files\WindowsApps\PythonSoftwareFoundation.Python.3.11_3.11.2544.0_x64__qbz5n2kfra8p0\Lib\encodings\cp1252.py", line 19, in encode
    return codecs.charmap_encode(input,self.errors,encoding_table)[0]
           ^^^^^^^^^^^^^^^^^^^^^^^^^^^^^^^^^^^^^^^^^^^^^^^^^^^^^^^
UnicodeEncodeError: 'charmap' codec can't encode characters in position 84-85: character maps to <undefined>
2025-10-28 23:04:45,190 - __main__ - INFO - Generating hourly report...
2025-10-28 23:04:46,208 - __main__ - ERROR - Error in report generation loop: 'charmap' codec can't encode characters in position 84-85: character maps to <undefined>
Traceback (most recent call last):
  File "C:\Users\micro\Celsius AI\src\monitoring\celsius_hourly_reporter.py", line 318, in run
    print(report)
  File "C:\Program Files\WindowsApps\PythonSoftwareFoundation.Python.3.11_3.11.2544.0_x64__qbz5n2kfra8p0\Lib\encodings\cp1252.py", line 19, in encode
    return codecs.charmap_encode(input,self.errors,encoding_table)[0]
           ^^^^^^^^^^^^^^^^^^^^^^^^^^^^^^^^^^^^^^^^^^^^^^^^^^^^^^^
UnicodeEncodeError: 'charmap' codec can't encode characters in position 84-85: character maps to <undefined>
2025-10-28 23:05:46,220 - __main__ - INFO - Generating hourly report...
2025-10-28 23:05:47,238 - __main__ - ERROR - Error in report generation loop: 'charmap' codec can't encode characters in position 84-85: character maps to <undefined>
Traceback (most recent call last):
  File "C:\Users\micro\Celsius AI\src\monitoring\celsius_hourly_reporter.py", line 318, in run
    print(report)
  File "C:\Program Files\WindowsApps\PythonSoftwareFoundation.Python.3.11_3.11.2544.0_x64__qbz5n2kfra8p0\Lib\encodings\cp1252.py", line 19, in encode
    return codecs.charmap_encode(input,self.errors,encoding_table)[0]
           ^^^^^^^^^^^^^^^^^^^^^^^^^^^^^^^^^^^^^^^^^^^^^^^^^^^^^^^
UnicodeEncodeError: 'charmap' codec can't encode characters in position 84-85: character maps to <undefined>
2025-10-28 23:06:47,245 - __main__ - INFO - Generating hourly report...
2025-10-28 23:06:48,295 - __main__ - ERROR - Error in report generation loop: 'charmap' codec can't encode characters in position 84-85: character maps to <undefined>
Traceback (most recent call last):
  File "C:\Users\micro\Celsius AI\src\monitoring\celsius_hourly_reporter.py", line 318, in run
    print(report)
  File "C:\Program Files\WindowsApps\PythonSoftwareFoundation.Python.3.11_3.11.2544.0_x64__qbz5n2kfra8p0\Lib\encodings\cp1252.py", line 19, in encode
    return codecs.charmap_encode(input,self.errors,encoding_table)[0]
           ^^^^^^^^^^^^^^^^^^^^^^^^^^^^^^^^^^^^^^^^^^^^^^^^^^^^^^^
UnicodeEncodeError: 'charmap' codec can't encode characters in position 84-85: character maps to <undefined>
