2025-10-24 00:16:22,628 - CelsiusGuardian - INFO - [GUARDIAN] Celsius Persistent Guardian initialized
2025-10-24 00:16:30,841 - CelsiusGuardian - INFO - [GUARDIAN] Added to Windows startup (User)
2025-10-24 00:16:30,841 - CelsiusGuardian - INFO - [GUARDIAN] Guardian persistence mechanisms established
2025-10-24 00:16:30,841 - CelsiusGuardian - INFO - [GUARDIAN] Starting Celsius Persistent Guardian...
2025-10-24 00:16:30,841 - CelsiusGuardian - ERROR - [GUARDIAN] Another guardian is running (PID: 15876)
2025-10-24 00:16:30,841 - CelsiusGuardian - INFO - [GUARDIAN] Guardian cleanup completed
2025-10-24 00:19:29,032 - CelsiusGuardian - INFO - [GUARDIAN] Celsius Persistent Guardian initialized
2025-10-24 00:19:37,248 - CelsiusGuardian - INFO - [GUARDIAN] Added to Windows startup (User)
2025-10-24 00:19:37,248 - CelsiusGuardian - INFO - [GUARDIAN] Guardian persistence mechanisms established
2025-10-24 00:19:37,248 - CelsiusGuardian - INFO - [GUARDIAN] Starting Celsius Persistent Guardian...
2025-10-24 00:19:37,248 - CelsiusGuardian - ERROR - [GUARDIAN] Another guardian is running (PID: 9360)
2025-10-24 00:19:37,248 - CelsiusGuardian - INFO - [GUARDIAN] Guardian cleanup completed
2025-10-24 00:20:38,320 - CelsiusGuardian - INFO - [GUARDIAN] Celsius Persistent Guardian initialized
2025-10-24 00:20:46,545 - CelsiusGuardian - INFO - [GUARDIAN] Added to Windows startup (User)
2025-10-24 00:20:46,545 - CelsiusGuardian - INFO - [GUARDIAN] Guardian persistence mechanisms established
2025-10-24 00:20:46,545 - CelsiusGuardian - INFO - [GUARDIAN] Starting Celsius Persistent Guardian...
2025-10-24 00:20:46,550 - CelsiusGuardian - WARNING - [GUARDIAN] Removing stale lock file
2025-10-24 00:20:46,550 - CelsiusGuardian - INFO - [GUARDIAN] Guardian loop started - HARDCORE PERSISTENCE MODE
2025-10-24 00:20:46,568 - CelsiusGuardian - INFO - [GUARDIAN] Started server_hub - PID: 9036
2025-10-24 00:20:47,554 - CelsiusGuardian - INFO - [GUARDIAN] Guardian thread started successfully
2025-10-24 00:20:48,569 - CelsiusGuardian - INFO - [GUARDIAN] server_hub startup verified successfully
2025-10-24 00:20:48,580 - CelsiusGuardian - INFO - [GUARDIAN] Started mobile_server - PID: 32352
2025-10-24 00:20:52,631 - CelsiusGuardian - ERROR - [GUARDIAN] mobile_server failed to start properly
2025-10-24 00:20:52,646 - CelsiusGuardian - INFO - [GUARDIAN] Started celsius_core - PID: 27192
2025-10-24 00:20:54,647 - CelsiusGuardian - INFO - [GUARDIAN] celsius_core startup verified successfully
2025-10-24 00:20:54,647 - CelsiusGuardian - DEBUG - [GUARDIAN] Performing health check...
2025-10-24 00:20:54,647 - CelsiusGuardian - DEBUG - [GUARDIAN] Service OK: server_hub
2025-10-24 00:20:56,702 - CelsiusGuardian - WARNING - [GUARDIAN] Service DOWN: mobile_server
2025-10-24 00:20:56,702 - CelsiusGuardian - WARNING - [GUARDIAN] Restarting mobile_server (attempt #2)
2025-10-24 00:21:04,704 - CelsiusGuardian - INFO - [GUARDIAN] Started mobile_server - PID: 4396
2025-10-24 00:21:08,768 - CelsiusGuardian - ERROR - [GUARDIAN] mobile_server failed to start properly
2025-10-24 00:21:08,772 - CelsiusGuardian - ERROR - [GUARDIAN] Failed to restart mobile_server
2025-10-24 00:21:08,772 - CelsiusGuardian - DEBUG - [GUARDIAN] Service OK: celsius_core
2025-10-24 00:21:22,885 - CelsiusGuardian - DEBUG - [GUARDIAN] Performing health check...
2025-10-24 00:21:22,885 - CelsiusGuardian - DEBUG - [GUARDIAN] Service OK: server_hub
2025-10-24 00:21:24,940 - CelsiusGuardian - WARNING - [GUARDIAN] Service DOWN: mobile_server
2025-10-24 00:21:24,940 - CelsiusGuardian - WARNING - [GUARDIAN] Restarting mobile_server (attempt #3)
2025-10-24 00:21:32,941 - CelsiusGuardian - INFO - [GUARDIAN] Started mobile_server - PID: 24112
2025-10-24 00:21:37,005 - CelsiusGuardian - ERROR - [GUARDIAN] mobile_server failed to start properly
2025-10-24 00:21:37,005 - CelsiusGuardian - ERROR - [GUARDIAN] Failed to restart mobile_server
2025-10-24 00:21:37,005 - CelsiusGuardian - DEBUG - [GUARDIAN] Service OK: celsius_core
2025-10-24 00:21:51,114 - CelsiusGuardian - DEBUG - [GUARDIAN] Performing health check...
2025-10-24 00:21:51,114 - CelsiusGuardian - DEBUG - [GUARDIAN] Service OK: server_hub
2025-10-24 00:21:53,170 - CelsiusGuardian - WARNING - [GUARDIAN] Service DOWN: mobile_server
2025-10-24 00:21:53,170 - CelsiusGuardian - WARNING - [GUARDIAN] Restarting mobile_server (attempt #4)
2025-10-24 00:22:01,179 - CelsiusGuardian - INFO - [GUARDIAN] Started mobile_server - PID: 25260
2025-10-24 00:22:05,233 - CelsiusGuardian - ERROR - [GUARDIAN] mobile_server failed to start properly
2025-10-24 00:22:05,233 - CelsiusGuardian - ERROR - [GUARDIAN] Failed to restart mobile_server
2025-10-24 00:22:05,233 - CelsiusGuardian - DEBUG - [GUARDIAN] Service OK: celsius_core
2025-10-24 00:22:19,348 - CelsiusGuardian - DEBUG - [GUARDIAN] Performing health check...
2025-10-24 00:22:19,348 - CelsiusGuardian - DEBUG - [GUARDIAN] Service OK: server_hub
2025-10-24 00:22:21,400 - CelsiusGuardian - WARNING - [GUARDIAN] Service DOWN: mobile_server
2025-10-24 00:22:21,400 - CelsiusGuardian - WARNING - [GUARDIAN] Restarting mobile_server (attempt #5)
2025-10-24 00:22:29,405 - CelsiusGuardian - INFO - [GUARDIAN] Started mobile_server - PID: 22996
2025-10-24 00:22:33,472 - CelsiusGuardian - ERROR - [GUARDIAN] mobile_server failed to start properly
2025-10-24 00:22:33,473 - CelsiusGuardian - ERROR - [GUARDIAN] Failed to restart mobile_server
2025-10-24 00:22:33,473 - CelsiusGuardian - DEBUG - [GUARDIAN] Service OK: celsius_core
2025-10-24 00:22:47,581 - CelsiusGuardian - DEBUG - [GUARDIAN] Performing health check...
2025-10-24 00:22:47,581 - CelsiusGuardian - DEBUG - [GUARDIAN] Service OK: server_hub
2025-10-24 00:22:49,636 - CelsiusGuardian - WARNING - [GUARDIAN] Service DOWN: mobile_server
2025-10-24 00:22:49,637 - CelsiusGuardian - WARNING - [GUARDIAN] Restarting mobile_server (attempt #6)
2025-10-24 00:22:57,645 - CelsiusGuardian - INFO - [GUARDIAN] Started mobile_server - PID: 25088
2025-10-24 00:23:01,706 - CelsiusGuardian - ERROR - [GUARDIAN] mobile_server failed to start properly
2025-10-24 00:23:01,706 - CelsiusGuardian - ERROR - [GUARDIAN] Failed to restart mobile_server
2025-10-24 00:23:01,706 - CelsiusGuardian - DEBUG - [GUARDIAN] Service OK: celsius_core
2025-10-24 00:23:15,815 - CelsiusGuardian - DEBUG - [GUARDIAN] Performing health check...
2025-10-24 00:23:15,815 - CelsiusGuardian - DEBUG - [GUARDIAN] Service OK: server_hub
2025-10-24 00:23:17,866 - CelsiusGuardian - WARNING - [GUARDIAN] Service DOWN: mobile_server
2025-10-24 00:23:17,866 - CelsiusGuardian - WARNING - [GUARDIAN] Restarting mobile_server (attempt #7)
2025-10-24 00:23:25,874 - CelsiusGuardian - INFO - [GUARDIAN] Started mobile_server - PID: 17916
2025-10-24 00:23:29,935 - CelsiusGuardian - ERROR - [GUARDIAN] mobile_server failed to start properly
2025-10-24 00:23:29,935 - CelsiusGuardian - ERROR - [GUARDIAN] Failed to restart mobile_server
2025-10-24 00:23:29,935 - CelsiusGuardian - DEBUG - [GUARDIAN] Service OK: celsius_core
2025-10-24 00:23:44,046 - CelsiusGuardian - DEBUG - [GUARDIAN] Performing health check...
2025-10-24 00:23:44,046 - CelsiusGuardian - DEBUG - [GUARDIAN] Service OK: server_hub
2025-10-24 00:23:46,101 - CelsiusGuardian - WARNING - [GUARDIAN] Service DOWN: mobile_server
2025-10-24 00:23:46,101 - CelsiusGuardian - WARNING - [GUARDIAN] Restarting mobile_server (attempt #8)
2025-10-24 00:23:54,103 - CelsiusGuardian - INFO - [GUARDIAN] Started mobile_server - PID: 18832
2025-10-24 00:23:58,166 - CelsiusGuardian - ERROR - [GUARDIAN] mobile_server failed to start properly
2025-10-24 00:23:58,166 - CelsiusGuardian - ERROR - [GUARDIAN] Failed to restart mobile_server
2025-10-24 00:23:58,166 - CelsiusGuardian - DEBUG - [GUARDIAN] Service OK: celsius_core
2025-10-24 00:24:12,278 - CelsiusGuardian - DEBUG - [GUARDIAN] Performing health check...
2025-10-24 00:24:12,278 - CelsiusGuardian - DEBUG - [GUARDIAN] Service OK: server_hub
2025-10-24 00:24:14,331 - CelsiusGuardian - WARNING - [GUARDIAN] Service DOWN: mobile_server
2025-10-24 00:24:14,331 - CelsiusGuardian - WARNING - [GUARDIAN] Restarting mobile_server (attempt #9)
2025-10-24 00:24:22,344 - CelsiusGuardian - INFO - [GUARDIAN] Started mobile_server - PID: 24956
2025-10-24 00:24:26,397 - CelsiusGuardian - ERROR - [GUARDIAN] mobile_server failed to start properly
2025-10-24 00:24:26,397 - CelsiusGuardian - ERROR - [GUARDIAN] Failed to restart mobile_server
2025-10-24 00:24:26,398 - CelsiusGuardian - DEBUG - [GUARDIAN] Service OK: celsius_core
2025-10-24 00:24:40,502 - CelsiusGuardian - DEBUG - [GUARDIAN] Performing health check...
2025-10-24 00:24:40,502 - CelsiusGuardian - DEBUG - [GUARDIAN] Service OK: server_hub
2025-10-24 00:24:42,558 - CelsiusGuardian - WARNING - [GUARDIAN] Service DOWN: mobile_server
2025-10-24 00:24:42,558 - CelsiusGuardian - WARNING - [GUARDIAN] Restarting mobile_server (attempt #10)
2025-10-24 00:24:50,572 - CelsiusGuardian - INFO - [GUARDIAN] Started mobile_server - PID: 26412
2025-10-24 00:24:54,623 - CelsiusGuardian - ERROR - [GUARDIAN] mobile_server failed to start properly
2025-10-24 00:24:54,623 - CelsiusGuardian - ERROR - [GUARDIAN] Failed to restart mobile_server
2025-10-24 00:24:54,623 - CelsiusGuardian - DEBUG - [GUARDIAN] Service OK: celsius_core
2025-10-24 00:25:08,733 - CelsiusGuardian - DEBUG - [GUARDIAN] Performing health check...
2025-10-24 00:25:08,733 - CelsiusGuardian - DEBUG - [GUARDIAN] Service OK: server_hub
2025-10-24 00:25:10,788 - CelsiusGuardian - DEBUG - [GUARDIAN] Service OK: mobile_server
2025-10-24 00:25:10,788 - CelsiusGuardian - DEBUG - [GUARDIAN] Service OK: celsius_core
2025-10-24 00:25:22,846 - CelsiusGuardian - DEBUG - [GUARDIAN] Performing health check...
2025-10-24 00:25:22,846 - CelsiusGuardian - DEBUG - [GUARDIAN] Service OK: server_hub
2025-10-24 00:25:22,846 - CelsiusGuardian - DEBUG - [GUARDIAN] Service OK: mobile_server
2025-10-24 00:25:22,846 - CelsiusGuardian - DEBUG - [GUARDIAN] Service OK: celsius_core
2025-10-24 00:25:34,905 - CelsiusGuardian - DEBUG - [GUARDIAN] Performing health check...
2025-10-24 00:25:34,905 - CelsiusGuardian - DEBUG - [GUARDIAN] Service OK: server_hub
2025-10-24 00:25:34,905 - CelsiusGuardian - DEBUG - [GUARDIAN] Service OK: mobile_server
2025-10-24 00:25:34,905 - CelsiusGuardian - DEBUG - [GUARDIAN] Service OK: celsius_core
2025-10-24 00:25:46,961 - CelsiusGuardian - DEBUG - [GUARDIAN] Performing health check...
2025-10-24 00:25:46,961 - CelsiusGuardian - DEBUG - [GUARDIAN] Service OK: server_hub
2025-10-24 00:25:46,961 - CelsiusGuardian - DEBUG - [GUARDIAN] Service OK: mobile_server
2025-10-24 00:25:46,961 - CelsiusGuardian - DEBUG - [GUARDIAN] Service OK: celsius_core
2025-10-24 00:25:59,017 - CelsiusGuardian - DEBUG - [GUARDIAN] Performing health check...
2025-10-24 00:25:59,017 - CelsiusGuardian - DEBUG - [GUARDIAN] Service OK: server_hub
2025-10-24 00:25:59,017 - CelsiusGuardian - DEBUG - [GUARDIAN] Service OK: mobile_server
2025-10-24 00:25:59,017 - CelsiusGuardian - DEBUG - [GUARDIAN] Service OK: celsius_core
2025-10-24 00:26:11,072 - CelsiusGuardian - DEBUG - [GUARDIAN] Performing health check...
2025-10-24 00:26:11,072 - CelsiusGuardian - DEBUG - [GUARDIAN] Service OK: server_hub
2025-10-24 00:26:11,072 - CelsiusGuardian - DEBUG - [GUARDIAN] Service OK: mobile_server
2025-10-24 00:26:11,072 - CelsiusGuardian - DEBUG - [GUARDIAN] Service OK: celsius_core
2025-10-24 00:26:23,129 - CelsiusGuardian - DEBUG - [GUARDIAN] Performing health check...
2025-10-24 00:26:23,129 - CelsiusGuardian - DEBUG - [GUARDIAN] Service OK: server_hub
2025-10-24 00:26:23,129 - CelsiusGuardian - DEBUG - [GUARDIAN] Service OK: mobile_server
2025-10-24 00:26:23,129 - CelsiusGuardian - DEBUG - [GUARDIAN] Service OK: celsius_core
2025-10-24 00:26:35,188 - CelsiusGuardian - DEBUG - [GUARDIAN] Performing health check...
2025-10-24 00:26:35,188 - CelsiusGuardian - DEBUG - [GUARDIAN] Service OK: server_hub
2025-10-24 00:26:35,188 - CelsiusGuardian - DEBUG - [GUARDIAN] Service OK: mobile_server
2025-10-24 00:26:35,188 - CelsiusGuardian - DEBUG - [GUARDIAN] Service OK: celsius_core
2025-10-24 00:26:39,757 - CelsiusGuardian - INFO - [GUARDIAN] Celsius Persistent Guardian initialized
2025-10-24 00:26:47,244 - CelsiusGuardian - DEBUG - [GUARDIAN] Performing health check...
2025-10-24 00:26:47,972 - CelsiusGuardian - INFO - [GUARDIAN] Added to Windows startup (User)
2025-10-24 00:26:47,972 - CelsiusGuardian - INFO - [GUARDIAN] Guardian persistence mechanisms established
2025-10-24 00:26:47,972 - CelsiusGuardian - INFO - [GUARDIAN] Starting Celsius Persistent Guardian...
2025-10-24 00:26:47,972 - CelsiusGuardian - ERROR - [GUARDIAN] Another guardian is running (PID: 1840)
2025-10-24 00:26:47,972 - CelsiusGuardian - INFO - [GUARDIAN] Guardian cleanup completed
2025-10-24 00:26:49,297 - CelsiusGuardian - WARNING - [GUARDIAN] Service DOWN: server_hub
2025-10-24 00:26:49,298 - CelsiusGuardian - WARNING - [GUARDIAN] Restarting server_hub (attempt #2)
2025-10-24 00:26:57,310 - CelsiusGuardian - INFO - [GUARDIAN] Started server_hub - PID: 21124
2025-10-24 00:26:59,310 - CelsiusGuardian - INFO - [GUARDIAN] server_hub startup verified successfully
2025-10-24 00:26:59,310 - CelsiusGuardian - INFO - [GUARDIAN] Successfully restarted server_hub
2025-10-24 00:27:01,358 - CelsiusGuardian - WARNING - [GUARDIAN] Service DOWN: mobile_server
2025-10-24 00:27:01,358 - CelsiusGuardian - WARNING - [GUARDIAN] Restarting mobile_server (attempt #11)
2025-10-24 00:27:09,368 - CelsiusGuardian - INFO - [GUARDIAN] Started mobile_server - PID: 18500
2025-10-24 00:27:13,430 - CelsiusGuardian - ERROR - [GUARDIAN] mobile_server failed to start properly
2025-10-24 00:27:13,430 - CelsiusGuardian - ERROR - [GUARDIAN] Failed to restart mobile_server
2025-10-24 00:27:13,430 - CelsiusGuardian - DEBUG - [GUARDIAN] Service OK: celsius_core
2025-10-24 00:27:27,543 - CelsiusGuardian - DEBUG - [GUARDIAN] Performing health check...
2025-10-24 00:27:27,543 - CelsiusGuardian - DEBUG - [GUARDIAN] Service OK: server_hub
2025-10-24 00:27:29,595 - CelsiusGuardian - WARNING - [GUARDIAN] Service DOWN: mobile_server
2025-10-24 00:27:29,595 - CelsiusGuardian - WARNING - [GUARDIAN] Restarting mobile_server (attempt #12)
2025-10-24 00:27:37,611 - CelsiusGuardian - INFO - [GUARDIAN] Started mobile_server - PID: 32616
2025-10-24 00:27:41,666 - CelsiusGuardian - ERROR - [GUARDIAN] mobile_server failed to start properly
2025-10-24 00:27:41,666 - CelsiusGuardian - ERROR - [GUARDIAN] Failed to restart mobile_server
2025-10-24 00:27:41,666 - CelsiusGuardian - DEBUG - [GUARDIAN] Service OK: celsius_core
2025-10-24 00:27:55,775 - CelsiusGuardian - DEBUG - [GUARDIAN] Performing health check...
2025-10-24 00:27:55,775 - CelsiusGuardian - DEBUG - [GUARDIAN] Service OK: server_hub
2025-10-24 00:27:57,826 - CelsiusGuardian - WARNING - [GUARDIAN] Service DOWN: mobile_server
2025-10-24 00:27:57,826 - CelsiusGuardian - WARNING - [GUARDIAN] Restarting mobile_server (attempt #13)
2025-10-24 00:28:05,833 - CelsiusGuardian - INFO - [GUARDIAN] Started mobile_server - PID: 25780
2025-10-24 00:28:09,891 - CelsiusGuardian - ERROR - [GUARDIAN] mobile_server failed to start properly
2025-10-24 00:28:09,892 - CelsiusGuardian - ERROR - [GUARDIAN] Failed to restart mobile_server
2025-10-24 00:28:09,892 - CelsiusGuardian - DEBUG - [GUARDIAN] Service OK: celsius_core
2025-10-24 00:28:24,001 - CelsiusGuardian - DEBUG - [GUARDIAN] Performing health check...
2025-10-24 00:28:24,001 - CelsiusGuardian - DEBUG - [GUARDIAN] Service OK: server_hub
2025-10-24 00:28:26,051 - CelsiusGuardian - WARNING - [GUARDIAN] Service DOWN: mobile_server
2025-10-24 00:28:26,051 - CelsiusGuardian - WARNING - [GUARDIAN] Restarting mobile_server (attempt #14)
2025-10-24 00:28:34,055 - CelsiusGuardian - INFO - [GUARDIAN] Started mobile_server - PID: 22632
2025-10-24 00:28:38,123 - CelsiusGuardian - ERROR - [GUARDIAN] mobile_server failed to start properly
2025-10-24 00:28:38,123 - CelsiusGuardian - ERROR - [GUARDIAN] Failed to restart mobile_server
2025-10-24 00:28:38,123 - CelsiusGuardian - DEBUG - [GUARDIAN] Service OK: celsius_core
2025-10-24 00:28:52,233 - CelsiusGuardian - DEBUG - [GUARDIAN] Performing health check...
2025-10-24 00:28:52,233 - CelsiusGuardian - DEBUG - [GUARDIAN] Service OK: server_hub
2025-10-24 00:28:54,284 - CelsiusGuardian - DEBUG - [GUARDIAN] Service OK: mobile_server
2025-10-24 00:28:54,284 - CelsiusGuardian - DEBUG - [GUARDIAN] Service OK: celsius_core
2025-10-24 00:29:06,341 - CelsiusGuardian - DEBUG - [GUARDIAN] Performing health check...
2025-10-24 00:29:06,341 - CelsiusGuardian - DEBUG - [GUARDIAN] Service OK: server_hub
2025-10-24 00:29:06,341 - CelsiusGuardian - DEBUG - [GUARDIAN] Service OK: mobile_server
2025-10-24 00:29:06,341 - CelsiusGuardian - DEBUG - [GUARDIAN] Service OK: celsius_core
2025-10-24 00:29:18,395 - CelsiusGuardian - DEBUG - [GUARDIAN] Performing health check...
2025-10-24 00:29:18,395 - CelsiusGuardian - DEBUG - [GUARDIAN] Service OK: server_hub
2025-10-24 00:29:20,446 - CelsiusGuardian - WARNING - [GUARDIAN] Service DOWN: mobile_server
2025-10-24 00:29:20,446 - CelsiusGuardian - WARNING - [GUARDIAN] Restarting mobile_server (attempt #15)
2025-10-24 00:29:28,460 - CelsiusGuardian - INFO - [GUARDIAN] Started mobile_server - PID: 17812
2025-10-24 00:29:32,515 - CelsiusGuardian - ERROR - [GUARDIAN] mobile_server failed to start properly
2025-10-24 00:29:32,515 - CelsiusGuardian - ERROR - [GUARDIAN] Failed to restart mobile_server
2025-10-24 00:29:32,515 - CelsiusGuardian - DEBUG - [GUARDIAN] Service OK: celsius_core
2025-10-24 00:29:46,625 - CelsiusGuardian - DEBUG - [GUARDIAN] Performing health check...
2025-10-24 00:29:46,625 - CelsiusGuardian - DEBUG - [GUARDIAN] Service OK: server_hub
2025-10-24 00:29:48,676 - CelsiusGuardian - WARNING - [GUARDIAN] Service DOWN: mobile_server
2025-10-24 00:29:48,676 - CelsiusGuardian - WARNING - [GUARDIAN] Restarting mobile_server (attempt #16)
2025-10-24 00:29:56,689 - CelsiusGuardian - INFO - [GUARDIAN] Started mobile_server - PID: 840
2025-10-24 00:30:00,744 - CelsiusGuardian - ERROR - [GUARDIAN] mobile_server failed to start properly
2025-10-24 00:30:00,744 - CelsiusGuardian - ERROR - [GUARDIAN] Failed to restart mobile_server
2025-10-24 00:30:00,744 - CelsiusGuardian - DEBUG - [GUARDIAN] Service OK: celsius_core
2025-10-24 00:30:14,856 - CelsiusGuardian - DEBUG - [GUARDIAN] Performing health check...
2025-10-24 00:30:14,856 - CelsiusGuardian - DEBUG - [GUARDIAN] Service OK: server_hub
2025-10-24 00:30:16,908 - CelsiusGuardian - WARNING - [GUARDIAN] Service DOWN: mobile_server
2025-10-24 00:30:16,909 - CelsiusGuardian - WARNING - [GUARDIAN] Restarting mobile_server (attempt #17)
2025-10-24 00:30:24,920 - CelsiusGuardian - INFO - [GUARDIAN] Started mobile_server - PID: 18964
2025-10-24 00:30:28,975 - CelsiusGuardian - ERROR - [GUARDIAN] mobile_server failed to start properly
2025-10-24 00:30:28,975 - CelsiusGuardian - ERROR - [GUARDIAN] Failed to restart mobile_server
2025-10-24 00:30:28,975 - CelsiusGuardian - DEBUG - [GUARDIAN] Service OK: celsius_core
2025-10-24 00:30:43,090 - CelsiusGuardian - DEBUG - [GUARDIAN] Performing health check...
2025-10-24 00:30:43,090 - CelsiusGuardian - DEBUG - [GUARDIAN] Service OK: server_hub
2025-10-24 00:30:45,140 - CelsiusGuardian - WARNING - [GUARDIAN] Service DOWN: mobile_server
2025-10-24 00:30:45,140 - CelsiusGuardian - WARNING - [GUARDIAN] Restarting mobile_server (attempt #18)
2025-10-24 00:30:53,144 - CelsiusGuardian - INFO - [GUARDIAN] Started mobile_server - PID: 25572
2025-10-24 00:30:57,204 - CelsiusGuardian - ERROR - [GUARDIAN] mobile_server failed to start properly
2025-10-24 00:30:57,204 - CelsiusGuardian - ERROR - [GUARDIAN] Failed to restart mobile_server
2025-10-24 00:30:57,204 - CelsiusGuardian - DEBUG - [GUARDIAN] Service OK: celsius_core
2025-10-24 00:31:11,314 - CelsiusGuardian - DEBUG - [GUARDIAN] Performing health check...
2025-10-24 00:31:11,314 - CelsiusGuardian - DEBUG - [GUARDIAN] Service OK: server_hub
2025-10-24 00:31:13,365 - CelsiusGuardian - DEBUG - [GUARDIAN] Service OK: mobile_server
2025-10-24 00:31:13,365 - CelsiusGuardian - DEBUG - [GUARDIAN] Service OK: celsius_core
2025-10-24 00:31:25,423 - CelsiusGuardian - DEBUG - [GUARDIAN] Performing health check...
2025-10-24 00:31:25,423 - CelsiusGuardian - DEBUG - [GUARDIAN] Service OK: server_hub
2025-10-24 00:31:27,475 - CelsiusGuardian - WARNING - [GUARDIAN] Service DOWN: mobile_server
2025-10-24 00:31:27,475 - CelsiusGuardian - WARNING - [GUARDIAN] Restarting mobile_server (attempt #19)
2025-10-24 00:31:35,489 - CelsiusGuardian - INFO - [GUARDIAN] Started mobile_server - PID: 12120
2025-10-24 00:31:39,544 - CelsiusGuardian - ERROR - [GUARDIAN] mobile_server failed to start properly
2025-10-24 00:31:39,544 - CelsiusGuardian - ERROR - [GUARDIAN] Failed to restart mobile_server
2025-10-24 00:31:39,544 - CelsiusGuardian - DEBUG - [GUARDIAN] Service OK: celsius_core
2025-10-24 00:31:53,652 - CelsiusGuardian - DEBUG - [GUARDIAN] Performing health check...
2025-10-24 00:31:53,652 - CelsiusGuardian - DEBUG - [GUARDIAN] Service OK: server_hub
2025-10-24 00:31:55,703 - CelsiusGuardian - WARNING - [GUARDIAN] Service DOWN: mobile_server
2025-10-24 00:31:55,703 - CelsiusGuardian - WARNING - [GUARDIAN] Restarting mobile_server (attempt #20)
2025-10-24 00:32:03,718 - CelsiusGuardian - INFO - [GUARDIAN] Started mobile_server - PID: 21348
2025-10-24 00:32:07,773 - CelsiusGuardian - ERROR - [GUARDIAN] mobile_server failed to start properly
2025-10-24 00:32:07,773 - CelsiusGuardian - ERROR - [GUARDIAN] Failed to restart mobile_server
2025-10-24 00:32:07,774 - CelsiusGuardian - DEBUG - [GUARDIAN] Service OK: celsius_core
2025-10-24 00:32:21,882 - CelsiusGuardian - DEBUG - [GUARDIAN] Performing health check...
2025-10-24 00:32:21,882 - CelsiusGuardian - DEBUG - [GUARDIAN] Service OK: server_hub
2025-10-24 00:32:23,930 - CelsiusGuardian - WARNING - [GUARDIAN] Service DOWN: mobile_server
2025-10-24 00:32:23,930 - CelsiusGuardian - WARNING - [GUARDIAN] Restarting mobile_server (attempt #21)
2025-10-24 00:32:31,946 - CelsiusGuardian - INFO - [GUARDIAN] Started mobile_server - PID: 6784
2025-10-24 00:32:35,997 - CelsiusGuardian - ERROR - [GUARDIAN] mobile_server failed to start properly
2025-10-24 00:32:35,997 - CelsiusGuardian - ERROR - [GUARDIAN] Failed to restart mobile_server
2025-10-24 00:32:35,997 - CelsiusGuardian - DEBUG - [GUARDIAN] Service OK: celsius_core
2025-10-24 00:32:50,109 - CelsiusGuardian - DEBUG - [GUARDIAN] Performing health check...
2025-10-24 00:32:50,109 - CelsiusGuardian - DEBUG - [GUARDIAN] Service OK: server_hub
2025-10-24 00:32:52,162 - CelsiusGuardian - WARNING - [GUARDIAN] Service DOWN: mobile_server
2025-10-24 00:32:52,162 - CelsiusGuardian - WARNING - [GUARDIAN] Restarting mobile_server (attempt #22)
2025-10-24 00:33:00,174 - CelsiusGuardian - INFO - [GUARDIAN] Started mobile_server - PID: 9960
2025-10-24 00:33:04,226 - CelsiusGuardian - ERROR - [GUARDIAN] mobile_server failed to start properly
2025-10-24 00:33:04,226 - CelsiusGuardian - ERROR - [GUARDIAN] Failed to restart mobile_server
2025-10-24 00:33:04,229 - CelsiusGuardian - DEBUG - [GUARDIAN] Service OK: celsius_core
2025-10-24 00:33:18,338 - CelsiusGuardian - DEBUG - [GUARDIAN] Performing health check...
2025-10-24 00:33:18,338 - CelsiusGuardian - DEBUG - [GUARDIAN] Service OK: server_hub
2025-10-24 00:33:20,390 - CelsiusGuardian - WARNING - [GUARDIAN] Service DOWN: mobile_server
2025-10-24 00:33:20,390 - CelsiusGuardian - WARNING - [GUARDIAN] Restarting mobile_server (attempt #23)
2025-10-24 00:33:28,398 - CelsiusGuardian - INFO - [GUARDIAN] Started mobile_server - PID: 17140
2025-10-24 00:33:32,457 - CelsiusGuardian - ERROR - [GUARDIAN] mobile_server failed to start properly
2025-10-24 00:33:32,457 - CelsiusGuardian - ERROR - [GUARDIAN] Failed to restart mobile_server
2025-10-24 00:33:32,457 - CelsiusGuardian - DEBUG - [GUARDIAN] Service OK: celsius_core
2025-10-24 00:33:46,569 - CelsiusGuardian - DEBUG - [GUARDIAN] Performing health check...
2025-10-24 00:33:46,569 - CelsiusGuardian - DEBUG - [GUARDIAN] Service OK: server_hub
2025-10-24 00:33:48,616 - CelsiusGuardian - WARNING - [GUARDIAN] Service DOWN: mobile_server
2025-10-24 00:33:48,616 - CelsiusGuardian - WARNING - [GUARDIAN] Restarting mobile_server (attempt #24)
2025-10-24 00:33:56,630 - CelsiusGuardian - INFO - [GUARDIAN] Started mobile_server - PID: 24840
2025-10-24 00:34:00,687 - CelsiusGuardian - ERROR - [GUARDIAN] mobile_server failed to start properly
2025-10-24 00:34:00,687 - CelsiusGuardian - ERROR - [GUARDIAN] Failed to restart mobile_server
2025-10-24 00:34:00,687 - CelsiusGuardian - DEBUG - [GUARDIAN] Service OK: celsius_core
2025-10-24 00:34:14,795 - CelsiusGuardian - DEBUG - [GUARDIAN] Performing health check...
2025-10-24 00:34:14,795 - CelsiusGuardian - DEBUG - [GUARDIAN] Service OK: server_hub
2025-10-24 00:34:16,851 - CelsiusGuardian - WARNING - [GUARDIAN] Service DOWN: mobile_server
2025-10-24 00:34:16,852 - CelsiusGuardian - WARNING - [GUARDIAN] Restarting mobile_server (attempt #25)
2025-10-24 00:34:24,859 - CelsiusGuardian - INFO - [GUARDIAN] Started mobile_server - PID: 7860
2025-10-24 00:34:26,864 - CelsiusGuardian - INFO - [GUARDIAN] mobile_server startup verified successfully
2025-10-24 00:34:26,864 - CelsiusGuardian - INFO - [GUARDIAN] Successfully restarted mobile_server
2025-10-24 00:34:26,864 - CelsiusGuardian - DEBUG - [GUARDIAN] Service OK: celsius_core
2025-10-24 00:34:38,920 - CelsiusGuardian - DEBUG - [GUARDIAN] Performing health check...
2025-10-24 00:34:38,920 - CelsiusGuardian - DEBUG - [GUARDIAN] Service OK: server_hub
2025-10-24 00:34:38,920 - CelsiusGuardian - DEBUG - [GUARDIAN] Service OK: mobile_server
2025-10-24 00:34:38,920 - CelsiusGuardian - DEBUG - [GUARDIAN] Service OK: celsius_core
2025-10-24 00:34:49,947 - CelsiusGuardian - DEBUG - [GUARDIAN] Performing health check...
2025-10-24 00:34:49,947 - CelsiusGuardian - DEBUG - [GUARDIAN] Service OK: server_hub
2025-10-24 00:34:49,947 - CelsiusGuardian - DEBUG - [GUARDIAN] Service OK: mobile_server
2025-10-24 00:34:49,947 - CelsiusGuardian - DEBUG - [GUARDIAN] Service OK: celsius_core
2025-10-24 00:34:54,660 - CelsiusGuardian - INFO - [GUARDIAN] Celsius Persistent Guardian initialized
2025-10-24 00:35:01,841 - CelsiusGuardian - INFO - [GUARDIAN] Added to Windows startup (User)
2025-10-24 00:35:01,841 - CelsiusGuardian - INFO - [GUARDIAN] Guardian persistence mechanisms established
2025-10-24 00:35:01,841 - CelsiusGuardian - INFO - [GUARDIAN] Starting Celsius Persistent Guardian...
2025-10-24 00:35:01,841 - CelsiusGuardian - ERROR - [GUARDIAN] Another guardian is running (PID: 9400)
2025-10-24 00:35:01,841 - CelsiusGuardian - INFO - [GUARDIAN] Guardian cleanup completed
2025-10-24 00:35:02,000 - CelsiusGuardian - DEBUG - [GUARDIAN] Performing health check...
2025-10-24 00:35:02,000 - CelsiusGuardian - DEBUG - [GUARDIAN] Service OK: server_hub
2025-10-24 00:35:02,000 - CelsiusGuardian - DEBUG - [GUARDIAN] Service OK: mobile_server
2025-10-24 00:35:02,000 - CelsiusGuardian - DEBUG - [GUARDIAN] Service OK: celsius_core
2025-10-24 00:35:14,054 - CelsiusGuardian - DEBUG - [GUARDIAN] Performing health check...
2025-10-24 00:35:14,054 - CelsiusGuardian - DEBUG - [GUARDIAN] Service OK: server_hub
2025-10-24 00:35:14,054 - CelsiusGuardian - DEBUG - [GUARDIAN] Service OK: mobile_server
2025-10-24 00:35:14,054 - CelsiusGuardian - DEBUG - [GUARDIAN] Service OK: celsius_core
2025-10-24 00:35:26,107 - CelsiusGuardian - DEBUG - [GUARDIAN] Performing health check...
2025-10-24 00:35:26,107 - CelsiusGuardian - DEBUG - [GUARDIAN] Service OK: server_hub
2025-10-24 00:35:26,107 - CelsiusGuardian - DEBUG - [GUARDIAN] Service OK: mobile_server
2025-10-24 00:35:26,107 - CelsiusGuardian - DEBUG - [GUARDIAN] Service OK: celsius_core
2025-10-24 00:35:38,159 - CelsiusGuardian - DEBUG - [GUARDIAN] Performing health check...
2025-10-24 00:35:38,159 - CelsiusGuardian - DEBUG - [GUARDIAN] Service OK: server_hub
2025-10-24 00:35:38,159 - CelsiusGuardian - DEBUG - [GUARDIAN] Service OK: mobile_server
2025-10-24 00:35:38,159 - CelsiusGuardian - DEBUG - [GUARDIAN] Service OK: celsius_core
2025-10-24 00:35:50,214 - CelsiusGuardian - DEBUG - [GUARDIAN] Performing health check...
2025-10-24 00:35:50,214 - CelsiusGuardian - DEBUG - [GUARDIAN] Service OK: server_hub
2025-10-24 00:35:50,214 - CelsiusGuardian - DEBUG - [GUARDIAN] Service OK: mobile_server
2025-10-24 00:35:50,214 - CelsiusGuardian - DEBUG - [GUARDIAN] Service OK: celsius_core
2025-10-24 00:36:02,270 - CelsiusGuardian - DEBUG - [GUARDIAN] Performing health check...
2025-10-24 00:36:02,270 - CelsiusGuardian - DEBUG - [GUARDIAN] Service OK: server_hub
2025-10-24 00:36:02,270 - CelsiusGuardian - DEBUG - [GUARDIAN] Service OK: mobile_server
2025-10-24 00:36:02,270 - CelsiusGuardian - DEBUG - [GUARDIAN] Service OK: celsius_core
2025-10-24 00:36:14,324 - CelsiusGuardian - DEBUG - [GUARDIAN] Performing health check...
2025-10-24 00:36:14,324 - CelsiusGuardian - DEBUG - [GUARDIAN] Service OK: server_hub
2025-10-24 00:36:14,324 - CelsiusGuardian - DEBUG - [GUARDIAN] Service OK: mobile_server
2025-10-24 00:36:14,324 - CelsiusGuardian - DEBUG - [GUARDIAN] Service OK: celsius_core
2025-10-24 00:36:26,378 - CelsiusGuardian - DEBUG - [GUARDIAN] Performing health check...
2025-10-24 00:36:26,378 - CelsiusGuardian - DEBUG - [GUARDIAN] Service OK: server_hub
2025-10-24 00:36:26,378 - CelsiusGuardian - DEBUG - [GUARDIAN] Service OK: mobile_server
2025-10-24 00:36:26,378 - CelsiusGuardian - DEBUG - [GUARDIAN] Service OK: celsius_core
2025-10-24 00:36:38,433 - CelsiusGuardian - DEBUG - [GUARDIAN] Performing health check...
2025-10-24 00:36:38,433 - CelsiusGuardian - DEBUG - [GUARDIAN] Service OK: server_hub
2025-10-24 00:36:38,433 - CelsiusGuardian - DEBUG - [GUARDIAN] Service OK: mobile_server
2025-10-24 00:36:38,433 - CelsiusGuardian - DEBUG - [GUARDIAN] Service OK: celsius_core
2025-10-24 00:36:50,490 - CelsiusGuardian - DEBUG - [GUARDIAN] Performing health check...
2025-10-24 00:36:50,490 - CelsiusGuardian - DEBUG - [GUARDIAN] Service OK: server_hub
2025-10-24 00:36:50,490 - CelsiusGuardian - DEBUG - [GUARDIAN] Service OK: mobile_server
2025-10-24 00:36:50,490 - CelsiusGuardian - DEBUG - [GUARDIAN] Service OK: celsius_core
2025-10-24 00:37:02,545 - CelsiusGuardian - DEBUG - [GUARDIAN] Performing health check...
2025-10-24 00:37:02,545 - CelsiusGuardian - DEBUG - [GUARDIAN] Service OK: server_hub
2025-10-24 00:37:02,545 - CelsiusGuardian - DEBUG - [GUARDIAN] Service OK: mobile_server
2025-10-24 00:37:02,545 - CelsiusGuardian - DEBUG - [GUARDIAN] Service OK: celsius_core
2025-10-24 00:37:14,600 - CelsiusGuardian - DEBUG - [GUARDIAN] Performing health check...
2025-10-24 00:37:14,600 - CelsiusGuardian - DEBUG - [GUARDIAN] Service OK: server_hub
2025-10-24 00:37:14,600 - CelsiusGuardian - DEBUG - [GUARDIAN] Service OK: mobile_server
2025-10-24 00:37:14,600 - CelsiusGuardian - DEBUG - [GUARDIAN] Service OK: celsius_core
2025-10-24 00:37:26,658 - CelsiusGuardian - DEBUG - [GUARDIAN] Performing health check...
2025-10-24 00:37:26,658 - CelsiusGuardian - DEBUG - [GUARDIAN] Service OK: server_hub
2025-10-24 00:37:26,658 - CelsiusGuardian - DEBUG - [GUARDIAN] Service OK: mobile_server
2025-10-24 00:37:26,658 - CelsiusGuardian - DEBUG - [GUARDIAN] Service OK: celsius_core
2025-10-24 00:37:38,714 - CelsiusGuardian - DEBUG - [GUARDIAN] Performing health check...
2025-10-24 00:37:38,714 - CelsiusGuardian - DEBUG - [GUARDIAN] Service OK: server_hub
2025-10-24 00:37:38,714 - CelsiusGuardian - DEBUG - [GUARDIAN] Service OK: mobile_server
2025-10-24 00:37:38,714 - CelsiusGuardian - DEBUG - [GUARDIAN] Service OK: celsius_core
2025-10-24 00:37:50,771 - CelsiusGuardian - DEBUG - [GUARDIAN] Performing health check...
2025-10-24 00:37:50,771 - CelsiusGuardian - DEBUG - [GUARDIAN] Service OK: server_hub
2025-10-24 00:37:50,771 - CelsiusGuardian - DEBUG - [GUARDIAN] Service OK: mobile_server
2025-10-24 00:37:50,771 - CelsiusGuardian - DEBUG - [GUARDIAN] Service OK: celsius_core
2025-10-24 00:38:02,824 - CelsiusGuardian - DEBUG - [GUARDIAN] Performing health check...
2025-10-24 00:38:02,824 - CelsiusGuardian - DEBUG - [GUARDIAN] Service OK: server_hub
2025-10-24 00:38:02,824 - CelsiusGuardian - DEBUG - [GUARDIAN] Service OK: mobile_server
2025-10-24 00:38:02,824 - CelsiusGuardian - DEBUG - [GUARDIAN] Service OK: celsius_core
2025-10-24 00:38:14,876 - CelsiusGuardian - DEBUG - [GUARDIAN] Performing health check...
2025-10-24 00:38:14,876 - CelsiusGuardian - DEBUG - [GUARDIAN] Service OK: server_hub
2025-10-24 00:38:14,876 - CelsiusGuardian - DEBUG - [GUARDIAN] Service OK: mobile_server
2025-10-24 00:38:14,876 - CelsiusGuardian - DEBUG - [GUARDIAN] Service OK: celsius_core
2025-10-24 00:38:26,929 - CelsiusGuardian - DEBUG - [GUARDIAN] Performing health check...
2025-10-24 00:38:26,929 - CelsiusGuardian - DEBUG - [GUARDIAN] Service OK: server_hub
2025-10-24 00:38:26,929 - CelsiusGuardian - DEBUG - [GUARDIAN] Service OK: mobile_server
2025-10-24 00:38:26,929 - CelsiusGuardian - DEBUG - [GUARDIAN] Service OK: celsius_core
2025-10-24 00:38:38,983 - CelsiusGuardian - DEBUG - [GUARDIAN] Performing health check...
2025-10-24 00:38:38,983 - CelsiusGuardian - DEBUG - [GUARDIAN] Service OK: server_hub
2025-10-24 00:38:38,983 - CelsiusGuardian - DEBUG - [GUARDIAN] Service OK: mobile_server
2025-10-24 00:38:38,983 - CelsiusGuardian - DEBUG - [GUARDIAN] Service OK: celsius_core
2025-10-24 00:38:51,038 - CelsiusGuardian - DEBUG - [GUARDIAN] Performing health check...
2025-10-24 00:38:51,038 - CelsiusGuardian - DEBUG - [GUARDIAN] Service OK: server_hub
2025-10-24 00:38:51,038 - CelsiusGuardian - DEBUG - [GUARDIAN] Service OK: mobile_server
2025-10-24 00:38:51,038 - CelsiusGuardian - DEBUG - [GUARDIAN] Service OK: celsius_core
2025-10-24 00:39:03,091 - CelsiusGuardian - DEBUG - [GUARDIAN] Performing health check...
2025-10-24 00:39:03,091 - CelsiusGuardian - DEBUG - [GUARDIAN] Service OK: server_hub
2025-10-24 00:39:03,091 - CelsiusGuardian - DEBUG - [GUARDIAN] Service OK: mobile_server
2025-10-24 00:39:03,091 - CelsiusGuardian - DEBUG - [GUARDIAN] Service OK: celsius_core
2025-10-24 00:39:15,144 - CelsiusGuardian - DEBUG - [GUARDIAN] Performing health check...
2025-10-24 00:39:15,144 - CelsiusGuardian - DEBUG - [GUARDIAN] Service OK: server_hub
2025-10-24 00:39:15,144 - CelsiusGuardian - DEBUG - [GUARDIAN] Service OK: mobile_server
2025-10-24 00:39:15,144 - CelsiusGuardian - DEBUG - [GUARDIAN] Service OK: celsius_core
2025-10-24 00:39:27,200 - CelsiusGuardian - DEBUG - [GUARDIAN] Performing health check...
2025-10-24 00:39:27,200 - CelsiusGuardian - DEBUG - [GUARDIAN] Service OK: server_hub
2025-10-24 00:39:27,200 - CelsiusGuardian - DEBUG - [GUARDIAN] Service OK: mobile_server
2025-10-24 00:39:27,200 - CelsiusGuardian - DEBUG - [GUARDIAN] Service OK: celsius_core
2025-10-24 00:39:39,254 - CelsiusGuardian - DEBUG - [GUARDIAN] Performing health check...
2025-10-24 00:39:39,254 - CelsiusGuardian - DEBUG - [GUARDIAN] Service OK: server_hub
2025-10-24 00:39:39,254 - CelsiusGuardian - DEBUG - [GUARDIAN] Service OK: mobile_server
2025-10-24 00:39:39,254 - CelsiusGuardian - DEBUG - [GUARDIAN] Service OK: celsius_core
2025-10-24 00:39:51,309 - CelsiusGuardian - DEBUG - [GUARDIAN] Performing health check...
2025-10-24 00:39:51,309 - CelsiusGuardian - DEBUG - [GUARDIAN] Service OK: server_hub
2025-10-24 00:39:51,309 - CelsiusGuardian - DEBUG - [GUARDIAN] Service OK: mobile_server
2025-10-24 00:39:51,309 - CelsiusGuardian - DEBUG - [GUARDIAN] Service OK: celsius_core
2025-10-24 00:40:03,367 - CelsiusGuardian - DEBUG - [GUARDIAN] Performing health check...
2025-10-24 00:40:03,367 - CelsiusGuardian - DEBUG - [GUARDIAN] Service OK: server_hub
2025-10-24 00:40:03,367 - CelsiusGuardian - DEBUG - [GUARDIAN] Service OK: mobile_server
2025-10-24 00:40:03,367 - CelsiusGuardian - DEBUG - [GUARDIAN] Service OK: celsius_core
2025-10-24 00:40:15,423 - CelsiusGuardian - DEBUG - [GUARDIAN] Performing health check...
2025-10-24 00:40:15,423 - CelsiusGuardian - DEBUG - [GUARDIAN] Service OK: server_hub
2025-10-24 00:40:15,423 - CelsiusGuardian - DEBUG - [GUARDIAN] Service OK: mobile_server
2025-10-24 00:40:15,423 - CelsiusGuardian - DEBUG - [GUARDIAN] Service OK: celsius_core
2025-10-24 00:40:27,476 - CelsiusGuardian - DEBUG - [GUARDIAN] Performing health check...
2025-10-24 00:40:27,476 - CelsiusGuardian - DEBUG - [GUARDIAN] Service OK: server_hub
2025-10-24 00:40:27,476 - CelsiusGuardian - DEBUG - [GUARDIAN] Service OK: mobile_server
2025-10-24 00:40:27,476 - CelsiusGuardian - DEBUG - [GUARDIAN] Service OK: celsius_core
2025-10-24 00:40:39,534 - CelsiusGuardian - DEBUG - [GUARDIAN] Performing health check...
2025-10-24 00:40:39,534 - CelsiusGuardian - DEBUG - [GUARDIAN] Service OK: server_hub
2025-10-24 00:40:39,534 - CelsiusGuardian - DEBUG - [GUARDIAN] Service OK: mobile_server
2025-10-24 00:40:39,534 - CelsiusGuardian - DEBUG - [GUARDIAN] Service OK: celsius_core
2025-10-24 00:40:51,590 - CelsiusGuardian - DEBUG - [GUARDIAN] Performing health check...
2025-10-24 00:40:51,590 - CelsiusGuardian - DEBUG - [GUARDIAN] Service OK: server_hub
2025-10-24 00:40:51,590 - CelsiusGuardian - DEBUG - [GUARDIAN] Service OK: mobile_server
2025-10-24 00:40:51,590 - CelsiusGuardian - DEBUG - [GUARDIAN] Service OK: celsius_core
2025-10-24 00:41:03,647 - CelsiusGuardian - DEBUG - [GUARDIAN] Performing health check...
2025-10-24 00:41:03,647 - CelsiusGuardian - DEBUG - [GUARDIAN] Service OK: server_hub
2025-10-24 00:41:03,647 - CelsiusGuardian - DEBUG - [GUARDIAN] Service OK: mobile_server
2025-10-24 00:41:03,647 - CelsiusGuardian - DEBUG - [GUARDIAN] Service OK: celsius_core
2025-10-24 00:41:15,701 - CelsiusGuardian - DEBUG - [GUARDIAN] Performing health check...
2025-10-24 00:41:15,701 - CelsiusGuardian - DEBUG - [GUARDIAN] Service OK: server_hub
2025-10-24 00:41:15,701 - CelsiusGuardian - DEBUG - [GUARDIAN] Service OK: mobile_server
2025-10-24 00:41:15,701 - CelsiusGuardian - DEBUG - [GUARDIAN] Service OK: celsius_core
2025-10-24 00:41:27,757 - CelsiusGuardian - DEBUG - [GUARDIAN] Performing health check...
2025-10-24 00:41:27,757 - CelsiusGuardian - DEBUG - [GUARDIAN] Service OK: server_hub
2025-10-24 00:41:27,757 - CelsiusGuardian - DEBUG - [GUARDIAN] Service OK: mobile_server
2025-10-24 00:41:27,757 - CelsiusGuardian - DEBUG - [GUARDIAN] Service OK: celsius_core
2025-10-24 00:41:39,814 - CelsiusGuardian - DEBUG - [GUARDIAN] Performing health check...
2025-10-24 00:41:39,814 - CelsiusGuardian - DEBUG - [GUARDIAN] Service OK: server_hub
2025-10-24 00:41:39,814 - CelsiusGuardian - DEBUG - [GUARDIAN] Service OK: mobile_server
2025-10-24 00:41:39,814 - CelsiusGuardian - DEBUG - [GUARDIAN] Service OK: celsius_core
2025-10-24 00:41:51,867 - CelsiusGuardian - DEBUG - [GUARDIAN] Performing health check...
2025-10-24 00:41:51,867 - CelsiusGuardian - DEBUG - [GUARDIAN] Service OK: server_hub
2025-10-24 00:41:51,867 - CelsiusGuardian - DEBUG - [GUARDIAN] Service OK: mobile_server
2025-10-24 00:41:51,867 - CelsiusGuardian - DEBUG - [GUARDIAN] Service OK: celsius_core
2025-10-24 00:42:03,923 - CelsiusGuardian - DEBUG - [GUARDIAN] Performing health check...
2025-10-24 00:42:03,923 - CelsiusGuardian - DEBUG - [GUARDIAN] Service OK: server_hub
2025-10-24 00:42:03,923 - CelsiusGuardian - DEBUG - [GUARDIAN] Service OK: mobile_server
2025-10-24 00:42:03,923 - CelsiusGuardian - DEBUG - [GUARDIAN] Service OK: celsius_core
2025-10-24 00:42:15,979 - CelsiusGuardian - DEBUG - [GUARDIAN] Performing health check...
2025-10-24 00:42:15,979 - CelsiusGuardian - DEBUG - [GUARDIAN] Service OK: server_hub
2025-10-24 00:42:15,979 - CelsiusGuardian - DEBUG - [GUARDIAN] Service OK: mobile_server
2025-10-24 00:42:15,979 - CelsiusGuardian - DEBUG - [GUARDIAN] Service OK: celsius_core
2025-10-24 00:42:28,035 - CelsiusGuardian - DEBUG - [GUARDIAN] Performing health check...
2025-10-24 00:42:28,035 - CelsiusGuardian - DEBUG - [GUARDIAN] Service OK: server_hub
2025-10-24 00:42:28,035 - CelsiusGuardian - DEBUG - [GUARDIAN] Service OK: mobile_server
2025-10-24 00:42:28,035 - CelsiusGuardian - DEBUG - [GUARDIAN] Service OK: celsius_core
2025-10-24 00:42:40,091 - CelsiusGuardian - DEBUG - [GUARDIAN] Performing health check...
2025-10-24 00:42:40,091 - CelsiusGuardian - DEBUG - [GUARDIAN] Service OK: server_hub
2025-10-24 00:42:40,091 - CelsiusGuardian - DEBUG - [GUARDIAN] Service OK: mobile_server
2025-10-24 00:42:40,091 - CelsiusGuardian - DEBUG - [GUARDIAN] Service OK: celsius_core
2025-10-24 00:42:52,147 - CelsiusGuardian - DEBUG - [GUARDIAN] Performing health check...
2025-10-24 00:42:52,147 - CelsiusGuardian - DEBUG - [GUARDIAN] Service OK: server_hub
2025-10-24 00:42:52,147 - CelsiusGuardian - DEBUG - [GUARDIAN] Service OK: mobile_server
2025-10-24 00:42:52,147 - CelsiusGuardian - DEBUG - [GUARDIAN] Service OK: celsius_core
2025-10-24 00:43:04,203 - CelsiusGuardian - DEBUG - [GUARDIAN] Performing health check...
2025-10-24 00:43:04,203 - CelsiusGuardian - DEBUG - [GUARDIAN] Service OK: server_hub
2025-10-24 00:43:04,203 - CelsiusGuardian - DEBUG - [GUARDIAN] Service OK: mobile_server
2025-10-24 00:43:04,203 - CelsiusGuardian - DEBUG - [GUARDIAN] Service OK: celsius_core
2025-10-24 00:43:16,259 - CelsiusGuardian - DEBUG - [GUARDIAN] Performing health check...
2025-10-24 00:43:16,259 - CelsiusGuardian - DEBUG - [GUARDIAN] Service OK: server_hub
2025-10-24 00:43:16,259 - CelsiusGuardian - DEBUG - [GUARDIAN] Service OK: mobile_server
2025-10-24 00:43:16,259 - CelsiusGuardian - DEBUG - [GUARDIAN] Service OK: celsius_core
2025-10-24 00:43:28,314 - CelsiusGuardian - DEBUG - [GUARDIAN] Performing health check...
2025-10-24 00:43:28,314 - CelsiusGuardian - DEBUG - [GUARDIAN] Service OK: server_hub
2025-10-24 00:43:28,314 - CelsiusGuardian - DEBUG - [GUARDIAN] Service OK: mobile_server
2025-10-24 00:43:28,314 - CelsiusGuardian - DEBUG - [GUARDIAN] Service OK: celsius_core
2025-10-24 00:43:40,370 - CelsiusGuardian - DEBUG - [GUARDIAN] Performing health check...
2025-10-24 00:43:40,370 - CelsiusGuardian - DEBUG - [GUARDIAN] Service OK: server_hub
2025-10-24 00:43:40,370 - CelsiusGuardian - DEBUG - [GUARDIAN] Service OK: mobile_server
2025-10-24 00:43:40,370 - CelsiusGuardian - DEBUG - [GUARDIAN] Service OK: celsius_core
2025-10-24 00:43:52,424 - CelsiusGuardian - DEBUG - [GUARDIAN] Performing health check...
2025-10-24 00:43:52,424 - CelsiusGuardian - DEBUG - [GUARDIAN] Service OK: server_hub
2025-10-24 00:43:52,424 - CelsiusGuardian - DEBUG - [GUARDIAN] Service OK: mobile_server
2025-10-24 00:43:52,424 - CelsiusGuardian - DEBUG - [GUARDIAN] Service OK: celsius_core
2025-10-24 00:44:04,482 - CelsiusGuardian - DEBUG - [GUARDIAN] Performing health check...
2025-10-24 00:44:04,482 - CelsiusGuardian - DEBUG - [GUARDIAN] Service OK: server_hub
2025-10-24 00:44:04,482 - CelsiusGuardian - DEBUG - [GUARDIAN] Service OK: mobile_server
2025-10-24 00:44:04,482 - CelsiusGuardian - DEBUG - [GUARDIAN] Service OK: celsius_core
2025-10-24 00:44:16,536 - CelsiusGuardian - DEBUG - [GUARDIAN] Performing health check...
2025-10-24 00:44:16,536 - CelsiusGuardian - DEBUG - [GUARDIAN] Service OK: server_hub
2025-10-24 00:44:16,536 - CelsiusGuardian - DEBUG - [GUARDIAN] Service OK: mobile_server
2025-10-24 00:44:16,536 - CelsiusGuardian - DEBUG - [GUARDIAN] Service OK: celsius_core
2025-10-24 00:44:28,591 - CelsiusGuardian - DEBUG - [GUARDIAN] Performing health check...
2025-10-24 00:44:28,591 - CelsiusGuardian - DEBUG - [GUARDIAN] Service OK: server_hub
2025-10-24 00:44:28,591 - CelsiusGuardian - DEBUG - [GUARDIAN] Service OK: mobile_server
2025-10-24 00:44:28,591 - CelsiusGuardian - DEBUG - [GUARDIAN] Service OK: celsius_core
2025-10-24 00:44:40,646 - CelsiusGuardian - DEBUG - [GUARDIAN] Performing health check...
2025-10-24 00:44:40,646 - CelsiusGuardian - DEBUG - [GUARDIAN] Service OK: server_hub
2025-10-24 00:44:40,646 - CelsiusGuardian - DEBUG - [GUARDIAN] Service OK: mobile_server
2025-10-24 00:44:40,646 - CelsiusGuardian - DEBUG - [GUARDIAN] Service OK: celsius_core
2025-10-24 00:44:52,705 - CelsiusGuardian - DEBUG - [GUARDIAN] Performing health check...
2025-10-24 00:44:52,705 - CelsiusGuardian - DEBUG - [GUARDIAN] Service OK: server_hub
2025-10-24 00:44:52,705 - CelsiusGuardian - DEBUG - [GUARDIAN] Service OK: mobile_server
2025-10-24 00:44:52,705 - CelsiusGuardian - DEBUG - [GUARDIAN] Service OK: celsius_core
2025-10-24 00:45:02,706 - CelsiusGuardian - DEBUG - [GUARDIAN] Performing health check...
2025-10-24 00:45:02,706 - CelsiusGuardian - DEBUG - [GUARDIAN] Service OK: server_hub
2025-10-24 00:45:02,706 - CelsiusGuardian - DEBUG - [GUARDIAN] Service OK: mobile_server
2025-10-24 00:45:02,706 - CelsiusGuardian - DEBUG - [GUARDIAN] Service OK: celsius_core
2025-10-24 00:45:12,707 - CelsiusGuardian - DEBUG - [GUARDIAN] Performing health check...
2025-10-24 00:45:12,707 - CelsiusGuardian - DEBUG - [GUARDIAN] Service OK: server_hub
2025-10-24 00:45:12,707 - CelsiusGuardian - DEBUG - [GUARDIAN] Service OK: mobile_server
2025-10-24 00:45:12,707 - CelsiusGuardian - DEBUG - [GUARDIAN] Service OK: celsius_core
2025-10-24 00:45:22,708 - CelsiusGuardian - DEBUG - [GUARDIAN] Performing health check...
2025-10-24 00:45:22,708 - CelsiusGuardian - DEBUG - [GUARDIAN] Service OK: server_hub
2025-10-24 00:45:22,708 - CelsiusGuardian - DEBUG - [GUARDIAN] Service OK: mobile_server
2025-10-24 00:45:22,708 - CelsiusGuardian - DEBUG - [GUARDIAN] Service OK: celsius_core
2025-10-24 00:45:32,709 - CelsiusGuardian - DEBUG - [GUARDIAN] Performing health check...
2025-10-24 00:45:32,709 - CelsiusGuardian - DEBUG - [GUARDIAN] Service OK: server_hub
2025-10-24 00:45:32,709 - CelsiusGuardian - DEBUG - [GUARDIAN] Service OK: mobile_server
2025-10-24 00:45:32,709 - CelsiusGuardian - DEBUG - [GUARDIAN] Service OK: celsius_core
2025-10-24 00:45:42,710 - CelsiusGuardian - DEBUG - [GUARDIAN] Performing health check...
2025-10-24 00:45:42,710 - CelsiusGuardian - DEBUG - [GUARDIAN] Service OK: server_hub
2025-10-24 00:45:42,710 - CelsiusGuardian - DEBUG - [GUARDIAN] Service OK: mobile_server
2025-10-24 00:45:42,710 - CelsiusGuardian - DEBUG - [GUARDIAN] Service OK: celsius_core
2025-10-24 00:45:52,711 - CelsiusGuardian - DEBUG - [GUARDIAN] Performing health check...
2025-10-24 00:45:52,711 - CelsiusGuardian - DEBUG - [GUARDIAN] Service OK: server_hub
2025-10-24 00:45:52,711 - CelsiusGuardian - DEBUG - [GUARDIAN] Service OK: mobile_server
2025-10-24 00:45:52,711 - CelsiusGuardian - DEBUG - [GUARDIAN] Service OK: celsius_core
2025-10-24 00:46:02,712 - CelsiusGuardian - DEBUG - [GUARDIAN] Performing health check...
2025-10-24 00:46:02,712 - CelsiusGuardian - DEBUG - [GUARDIAN] Service OK: server_hub
2025-10-24 00:46:02,712 - CelsiusGuardian - DEBUG - [GUARDIAN] Service OK: mobile_server
2025-10-24 00:46:02,712 - CelsiusGuardian - DEBUG - [GUARDIAN] Service OK: celsius_core
2025-10-24 00:46:12,713 - CelsiusGuardian - DEBUG - [GUARDIAN] Performing health check...
2025-10-24 00:46:12,713 - CelsiusGuardian - DEBUG - [GUARDIAN] Service OK: server_hub
2025-10-24 00:46:12,713 - CelsiusGuardian - DEBUG - [GUARDIAN] Service OK: mobile_server
2025-10-24 00:46:12,713 - CelsiusGuardian - DEBUG - [GUARDIAN] Service OK: celsius_core
2025-10-24 00:46:22,714 - CelsiusGuardian - DEBUG - [GUARDIAN] Performing health check...
2025-10-24 00:46:22,714 - CelsiusGuardian - DEBUG - [GUARDIAN] Service OK: server_hub
2025-10-24 00:46:22,714 - CelsiusGuardian - DEBUG - [GUARDIAN] Service OK: mobile_server
2025-10-24 00:46:22,714 - CelsiusGuardian - DEBUG - [GUARDIAN] Service OK: celsius_core
2025-10-24 00:46:32,715 - CelsiusGuardian - DEBUG - [GUARDIAN] Performing health check...
2025-10-24 00:46:32,715 - CelsiusGuardian - DEBUG - [GUARDIAN] Service OK: server_hub
2025-10-24 00:46:32,715 - CelsiusGuardian - DEBUG - [GUARDIAN] Service OK: mobile_server
2025-10-24 00:46:32,715 - CelsiusGuardian - DEBUG - [GUARDIAN] Service OK: celsius_core
2025-10-24 00:46:42,716 - CelsiusGuardian - DEBUG - [GUARDIAN] Performing health check...
2025-10-24 00:46:42,716 - CelsiusGuardian - DEBUG - [GUARDIAN] Service OK: server_hub
2025-10-24 00:46:42,716 - CelsiusGuardian - DEBUG - [GUARDIAN] Service OK: mobile_server
2025-10-24 00:46:42,716 - CelsiusGuardian - DEBUG - [GUARDIAN] Service OK: celsius_core
2025-10-24 00:46:52,717 - CelsiusGuardian - DEBUG - [GUARDIAN] Performing health check...
2025-10-24 00:46:52,717 - CelsiusGuardian - DEBUG - [GUARDIAN] Service OK: server_hub
2025-10-24 00:46:52,717 - CelsiusGuardian - DEBUG - [GUARDIAN] Service OK: mobile_server
2025-10-24 00:46:52,717 - CelsiusGuardian - DEBUG - [GUARDIAN] Service OK: celsius_core
2025-10-24 00:47:02,718 - CelsiusGuardian - DEBUG - [GUARDIAN] Performing health check...
2025-10-24 00:47:02,718 - CelsiusGuardian - DEBUG - [GUARDIAN] Service OK: server_hub
2025-10-24 00:47:02,718 - CelsiusGuardian - DEBUG - [GUARDIAN] Service OK: mobile_server
2025-10-24 00:47:02,718 - CelsiusGuardian - DEBUG - [GUARDIAN] Service OK: celsius_core
2025-10-24 00:47:12,719 - CelsiusGuardian - DEBUG - [GUARDIAN] Performing health check...
2025-10-24 00:47:12,719 - CelsiusGuardian - DEBUG - [GUARDIAN] Service OK: server_hub
2025-10-24 00:47:12,719 - CelsiusGuardian - DEBUG - [GUARDIAN] Service OK: mobile_server
2025-10-24 00:47:12,719 - CelsiusGuardian - DEBUG - [GUARDIAN] Service OK: celsius_core
2025-10-24 00:47:22,720 - CelsiusGuardian - DEBUG - [GUARDIAN] Performing health check...
2025-10-24 00:47:22,720 - CelsiusGuardian - DEBUG - [GUARDIAN] Service OK: server_hub
2025-10-24 00:47:22,720 - CelsiusGuardian - DEBUG - [GUARDIAN] Service OK: mobile_server
2025-10-24 00:47:22,720 - CelsiusGuardian - DEBUG - [GUARDIAN] Service OK: celsius_core
2025-10-24 00:47:32,721 - CelsiusGuardian - DEBUG - [GUARDIAN] Performing health check...
2025-10-24 00:47:32,721 - CelsiusGuardian - DEBUG - [GUARDIAN] Service OK: server_hub
2025-10-24 00:47:32,721 - CelsiusGuardian - DEBUG - [GUARDIAN] Service OK: mobile_server
2025-10-24 00:47:32,721 - CelsiusGuardian - DEBUG - [GUARDIAN] Service OK: celsius_core
2025-10-24 00:47:42,722 - CelsiusGuardian - DEBUG - [GUARDIAN] Performing health check...
2025-10-24 00:47:42,722 - CelsiusGuardian - DEBUG - [GUARDIAN] Service OK: server_hub
2025-10-24 00:47:42,722 - CelsiusGuardian - DEBUG - [GUARDIAN] Service OK: mobile_server
2025-10-24 00:47:42,722 - CelsiusGuardian - DEBUG - [GUARDIAN] Service OK: celsius_core
2025-10-24 00:47:52,723 - CelsiusGuardian - DEBUG - [GUARDIAN] Performing health check...
2025-10-24 00:47:52,723 - CelsiusGuardian - DEBUG - [GUARDIAN] Service OK: server_hub
2025-10-24 00:47:52,723 - CelsiusGuardian - DEBUG - [GUARDIAN] Service OK: mobile_server
2025-10-24 00:47:52,723 - CelsiusGuardian - DEBUG - [GUARDIAN] Service OK: celsius_core
2025-10-24 00:48:02,724 - CelsiusGuardian - DEBUG - [GUARDIAN] Performing health check...
2025-10-24 00:48:04,775 - CelsiusGuardian - DEBUG - [GUARDIAN] Service OK: server_hub
2025-10-24 00:48:04,775 - CelsiusGuardian - DEBUG - [GUARDIAN] Service OK: mobile_server
2025-10-24 00:48:04,775 - CelsiusGuardian - DEBUG - [GUARDIAN] Service OK: celsius_core
2025-10-24 00:48:14,778 - CelsiusGuardian - DEBUG - [GUARDIAN] Performing health check...
2025-10-24 00:48:14,778 - CelsiusGuardian - DEBUG - [GUARDIAN] Service OK: server_hub
2025-10-24 00:48:14,778 - CelsiusGuardian - DEBUG - [GUARDIAN] Service OK: mobile_server
2025-10-24 00:48:14,778 - CelsiusGuardian - DEBUG - [GUARDIAN] Service OK: celsius_core
2025-10-24 00:48:24,779 - CelsiusGuardian - DEBUG - [GUARDIAN] Performing health check...
2025-10-24 00:48:24,779 - CelsiusGuardian - DEBUG - [GUARDIAN] Service OK: server_hub
2025-10-24 00:48:24,779 - CelsiusGuardian - DEBUG - [GUARDIAN] Service OK: mobile_server
2025-10-24 00:48:24,779 - CelsiusGuardian - DEBUG - [GUARDIAN] Service OK: celsius_core
2025-10-24 00:48:34,781 - CelsiusGuardian - DEBUG - [GUARDIAN] Performing health check...
2025-10-24 00:48:34,781 - CelsiusGuardian - DEBUG - [GUARDIAN] Service OK: server_hub
2025-10-24 00:48:34,781 - CelsiusGuardian - DEBUG - [GUARDIAN] Service OK: mobile_server
2025-10-24 00:48:34,781 - CelsiusGuardian - DEBUG - [GUARDIAN] Service OK: celsius_core
2025-10-24 00:48:44,782 - CelsiusGuardian - DEBUG - [GUARDIAN] Performing health check...
2025-10-24 00:48:44,782 - CelsiusGuardian - DEBUG - [GUARDIAN] Service OK: server_hub
2025-10-24 00:48:44,782 - CelsiusGuardian - DEBUG - [GUARDIAN] Service OK: mobile_server
2025-10-24 00:48:44,782 - CelsiusGuardian - DEBUG - [GUARDIAN] Service OK: celsius_core
2025-10-24 00:48:54,783 - CelsiusGuardian - DEBUG - [GUARDIAN] Performing health check...
2025-10-24 00:48:54,783 - CelsiusGuardian - DEBUG - [GUARDIAN] Service OK: server_hub
2025-10-24 00:48:54,783 - CelsiusGuardian - DEBUG - [GUARDIAN] Service OK: mobile_server
2025-10-24 00:48:54,783 - CelsiusGuardian - DEBUG - [GUARDIAN] Service OK: celsius_core
2025-10-24 00:49:04,784 - CelsiusGuardian - DEBUG - [GUARDIAN] Performing health check...
2025-10-24 00:49:04,784 - CelsiusGuardian - DEBUG - [GUARDIAN] Service OK: server_hub
2025-10-24 00:49:04,784 - CelsiusGuardian - DEBUG - [GUARDIAN] Service OK: mobile_server
2025-10-24 00:49:04,784 - CelsiusGuardian - DEBUG - [GUARDIAN] Service OK: celsius_core
2025-10-24 00:49:14,785 - CelsiusGuardian - DEBUG - [GUARDIAN] Performing health check...
2025-10-24 00:49:14,785 - CelsiusGuardian - DEBUG - [GUARDIAN] Service OK: server_hub
2025-10-24 00:49:14,785 - CelsiusGuardian - DEBUG - [GUARDIAN] Service OK: mobile_server
2025-10-24 00:49:14,785 - CelsiusGuardian - DEBUG - [GUARDIAN] Service OK: celsius_core
2025-10-24 00:49:24,787 - CelsiusGuardian - DEBUG - [GUARDIAN] Performing health check...
2025-10-24 00:49:24,787 - CelsiusGuardian - DEBUG - [GUARDIAN] Service OK: server_hub
2025-10-24 00:49:24,787 - CelsiusGuardian - DEBUG - [GUARDIAN] Service OK: mobile_server
2025-10-24 00:49:24,787 - CelsiusGuardian - DEBUG - [GUARDIAN] Service OK: celsius_core
2025-10-24 00:49:34,788 - CelsiusGuardian - DEBUG - [GUARDIAN] Performing health check...
2025-10-24 00:49:34,788 - CelsiusGuardian - DEBUG - [GUARDIAN] Service OK: server_hub
2025-10-24 00:49:34,788 - CelsiusGuardian - DEBUG - [GUARDIAN] Service OK: mobile_server
2025-10-24 00:49:34,788 - CelsiusGuardian - DEBUG - [GUARDIAN] Service OK: celsius_core
2025-10-24 00:49:44,789 - CelsiusGuardian - DEBUG - [GUARDIAN] Performing health check...
2025-10-24 00:49:44,789 - CelsiusGuardian - DEBUG - [GUARDIAN] Service OK: server_hub
2025-10-24 00:49:44,789 - CelsiusGuardian - DEBUG - [GUARDIAN] Service OK: mobile_server
2025-10-24 00:49:44,789 - CelsiusGuardian - DEBUG - [GUARDIAN] Service OK: celsius_core
2025-10-24 00:49:54,790 - CelsiusGuardian - DEBUG - [GUARDIAN] Performing health check...
2025-10-24 00:49:54,790 - CelsiusGuardian - DEBUG - [GUARDIAN] Service OK: server_hub
2025-10-24 00:49:54,790 - CelsiusGuardian - DEBUG - [GUARDIAN] Service OK: mobile_server
2025-10-24 00:49:54,790 - CelsiusGuardian - DEBUG - [GUARDIAN] Service OK: celsius_core
2025-10-24 00:50:04,792 - CelsiusGuardian - DEBUG - [GUARDIAN] Performing health check...
2025-10-24 00:50:04,792 - CelsiusGuardian - DEBUG - [GUARDIAN] Service OK: server_hub
2025-10-24 00:50:04,792 - CelsiusGuardian - DEBUG - [GUARDIAN] Service OK: mobile_server
2025-10-24 00:50:04,792 - CelsiusGuardian - DEBUG - [GUARDIAN] Service OK: celsius_core
2025-10-24 00:50:14,793 - CelsiusGuardian - DEBUG - [GUARDIAN] Performing health check...
2025-10-24 00:50:14,793 - CelsiusGuardian - DEBUG - [GUARDIAN] Service OK: server_hub
2025-10-24 00:50:14,793 - CelsiusGuardian - DEBUG - [GUARDIAN] Service OK: mobile_server
2025-10-24 00:50:14,793 - CelsiusGuardian - DEBUG - [GUARDIAN] Service OK: celsius_core
2025-10-24 00:50:24,794 - CelsiusGuardian - DEBUG - [GUARDIAN] Performing health check...
2025-10-24 00:50:24,794 - CelsiusGuardian - DEBUG - [GUARDIAN] Service OK: server_hub
2025-10-24 00:50:24,794 - CelsiusGuardian - DEBUG - [GUARDIAN] Service OK: mobile_server
2025-10-24 00:50:24,794 - CelsiusGuardian - DEBUG - [GUARDIAN] Service OK: celsius_core
2025-10-24 00:50:34,795 - CelsiusGuardian - DEBUG - [GUARDIAN] Performing health check...
2025-10-24 00:50:34,795 - CelsiusGuardian - DEBUG - [GUARDIAN] Service OK: server_hub
2025-10-24 00:50:34,795 - CelsiusGuardian - DEBUG - [GUARDIAN] Service OK: mobile_server
2025-10-24 00:50:34,795 - CelsiusGuardian - DEBUG - [GUARDIAN] Service OK: celsius_core
2025-10-24 00:50:44,796 - CelsiusGuardian - DEBUG - [GUARDIAN] Performing health check...
2025-10-24 00:50:44,796 - CelsiusGuardian - DEBUG - [GUARDIAN] Service OK: server_hub
2025-10-24 00:50:44,796 - CelsiusGuardian - DEBUG - [GUARDIAN] Service OK: mobile_server
2025-10-24 00:50:44,796 - CelsiusGuardian - DEBUG - [GUARDIAN] Service OK: celsius_core
2025-10-24 00:50:54,797 - CelsiusGuardian - DEBUG - [GUARDIAN] Performing health check...
2025-10-24 00:50:54,797 - CelsiusGuardian - DEBUG - [GUARDIAN] Service OK: server_hub
2025-10-24 00:50:54,797 - CelsiusGuardian - DEBUG - [GUARDIAN] Service OK: mobile_server
2025-10-24 00:50:54,797 - CelsiusGuardian - DEBUG - [GUARDIAN] Service OK: celsius_core
2025-10-24 00:51:04,798 - CelsiusGuardian - DEBUG - [GUARDIAN] Performing health check...
2025-10-24 00:51:04,798 - CelsiusGuardian - DEBUG - [GUARDIAN] Service OK: server_hub
2025-10-24 00:51:04,798 - CelsiusGuardian - DEBUG - [GUARDIAN] Service OK: mobile_server
2025-10-24 00:51:04,798 - CelsiusGuardian - DEBUG - [GUARDIAN] Service OK: celsius_core
2025-10-24 00:51:14,800 - CelsiusGuardian - DEBUG - [GUARDIAN] Performing health check...
2025-10-24 00:51:14,800 - CelsiusGuardian - DEBUG - [GUARDIAN] Service OK: server_hub
2025-10-24 00:51:14,800 - CelsiusGuardian - DEBUG - [GUARDIAN] Service OK: mobile_server
2025-10-24 00:51:14,800 - CelsiusGuardian - DEBUG - [GUARDIAN] Service OK: celsius_core
2025-10-24 00:51:24,801 - CelsiusGuardian - DEBUG - [GUARDIAN] Performing health check...
2025-10-24 00:51:24,801 - CelsiusGuardian - DEBUG - [GUARDIAN] Service OK: server_hub
2025-10-24 00:51:24,801 - CelsiusGuardian - DEBUG - [GUARDIAN] Service OK: mobile_server
2025-10-24 00:51:24,801 - CelsiusGuardian - DEBUG - [GUARDIAN] Service OK: celsius_core
2025-10-24 00:51:34,802 - CelsiusGuardian - DEBUG - [GUARDIAN] Performing health check...
2025-10-24 00:51:34,802 - CelsiusGuardian - DEBUG - [GUARDIAN] Service OK: server_hub
2025-10-24 00:51:34,802 - CelsiusGuardian - DEBUG - [GUARDIAN] Service OK: mobile_server
2025-10-24 00:51:34,802 - CelsiusGuardian - DEBUG - [GUARDIAN] Service OK: celsius_core
2025-10-24 00:51:44,803 - CelsiusGuardian - DEBUG - [GUARDIAN] Performing health check...
2025-10-24 00:51:44,803 - CelsiusGuardian - DEBUG - [GUARDIAN] Service OK: server_hub
2025-10-24 00:51:44,803 - CelsiusGuardian - DEBUG - [GUARDIAN] Service OK: mobile_server
2025-10-24 00:51:44,803 - CelsiusGuardian - DEBUG - [GUARDIAN] Service OK: celsius_core
2025-10-24 00:51:54,804 - CelsiusGuardian - DEBUG - [GUARDIAN] Performing health check...
2025-10-24 00:51:54,804 - CelsiusGuardian - DEBUG - [GUARDIAN] Service OK: server_hub
2025-10-24 00:51:54,804 - CelsiusGuardian - DEBUG - [GUARDIAN] Service OK: mobile_server
2025-10-24 00:51:54,804 - CelsiusGuardian - DEBUG - [GUARDIAN] Service OK: celsius_core
2025-10-24 00:52:04,805 - CelsiusGuardian - DEBUG - [GUARDIAN] Performing health check...
2025-10-24 00:52:04,805 - CelsiusGuardian - DEBUG - [GUARDIAN] Service OK: server_hub
2025-10-24 00:52:04,805 - CelsiusGuardian - DEBUG - [GUARDIAN] Service OK: mobile_server
2025-10-24 00:52:04,805 - CelsiusGuardian - DEBUG - [GUARDIAN] Service OK: celsius_core
2025-10-24 00:52:14,806 - CelsiusGuardian - DEBUG - [GUARDIAN] Performing health check...
2025-10-24 00:52:14,806 - CelsiusGuardian - DEBUG - [GUARDIAN] Service OK: server_hub
2025-10-24 00:52:14,806 - CelsiusGuardian - DEBUG - [GUARDIAN] Service OK: mobile_server
2025-10-24 00:52:14,806 - CelsiusGuardian - DEBUG - [GUARDIAN] Service OK: celsius_core
2025-10-24 00:52:24,807 - CelsiusGuardian - DEBUG - [GUARDIAN] Performing health check...
2025-10-24 00:52:24,807 - CelsiusGuardian - DEBUG - [GUARDIAN] Service OK: server_hub
2025-10-24 00:52:24,807 - CelsiusGuardian - DEBUG - [GUARDIAN] Service OK: mobile_server
2025-10-24 00:52:24,807 - CelsiusGuardian - DEBUG - [GUARDIAN] Service OK: celsius_core
2025-10-24 00:52:34,808 - CelsiusGuardian - DEBUG - [GUARDIAN] Performing health check...
2025-10-24 00:52:34,808 - CelsiusGuardian - DEBUG - [GUARDIAN] Service OK: server_hub
2025-10-24 00:52:34,808 - CelsiusGuardian - DEBUG - [GUARDIAN] Service OK: mobile_server
2025-10-24 00:52:34,808 - CelsiusGuardian - DEBUG - [GUARDIAN] Service OK: celsius_core
2025-10-24 00:52:44,809 - CelsiusGuardian - DEBUG - [GUARDIAN] Performing health check...
2025-10-24 00:52:44,809 - CelsiusGuardian - DEBUG - [GUARDIAN] Service OK: server_hub
2025-10-24 00:52:44,809 - CelsiusGuardian - DEBUG - [GUARDIAN] Service OK: mobile_server
2025-10-24 00:52:44,809 - CelsiusGuardian - DEBUG - [GUARDIAN] Service OK: celsius_core
2025-10-24 00:52:54,811 - CelsiusGuardian - DEBUG - [GUARDIAN] Performing health check...
2025-10-24 00:52:54,811 - CelsiusGuardian - DEBUG - [GUARDIAN] Service OK: server_hub
2025-10-24 00:52:54,811 - CelsiusGuardian - DEBUG - [GUARDIAN] Service OK: mobile_server
2025-10-24 00:52:54,811 - CelsiusGuardian - DEBUG - [GUARDIAN] Service OK: celsius_core
2025-10-24 00:53:04,812 - CelsiusGuardian - DEBUG - [GUARDIAN] Performing health check...
2025-10-24 00:53:04,812 - CelsiusGuardian - DEBUG - [GUARDIAN] Service OK: server_hub
2025-10-24 00:53:04,812 - CelsiusGuardian - DEBUG - [GUARDIAN] Service OK: mobile_server
2025-10-24 00:53:04,812 - CelsiusGuardian - DEBUG - [GUARDIAN] Service OK: celsius_core
2025-10-24 00:53:14,812 - CelsiusGuardian - DEBUG - [GUARDIAN] Performing health check...
2025-10-24 00:53:14,812 - CelsiusGuardian - DEBUG - [GUARDIAN] Service OK: server_hub
2025-10-24 00:53:14,812 - CelsiusGuardian - DEBUG - [GUARDIAN] Service OK: mobile_server
2025-10-24 00:53:14,812 - CelsiusGuardian - DEBUG - [GUARDIAN] Service OK: celsius_core
2025-10-24 00:53:24,814 - CelsiusGuardian - DEBUG - [GUARDIAN] Performing health check...
2025-10-24 00:53:24,814 - CelsiusGuardian - DEBUG - [GUARDIAN] Service OK: server_hub
2025-10-24 00:53:24,814 - CelsiusGuardian - DEBUG - [GUARDIAN] Service OK: mobile_server
2025-10-24 00:53:24,814 - CelsiusGuardian - DEBUG - [GUARDIAN] Service OK: celsius_core
2025-10-24 00:53:34,815 - CelsiusGuardian - DEBUG - [GUARDIAN] Performing health check...
2025-10-24 00:53:34,815 - CelsiusGuardian - DEBUG - [GUARDIAN] Service OK: server_hub
2025-10-24 00:53:34,815 - CelsiusGuardian - DEBUG - [GUARDIAN] Service OK: mobile_server
2025-10-24 00:53:34,815 - CelsiusGuardian - DEBUG - [GUARDIAN] Service OK: celsius_core
2025-10-24 00:53:44,816 - CelsiusGuardian - DEBUG - [GUARDIAN] Performing health check...
2025-10-24 00:53:44,816 - CelsiusGuardian - DEBUG - [GUARDIAN] Service OK: server_hub
2025-10-24 00:53:44,816 - CelsiusGuardian - DEBUG - [GUARDIAN] Service OK: mobile_server
2025-10-24 00:53:44,816 - CelsiusGuardian - DEBUG - [GUARDIAN] Service OK: celsius_core
2025-10-24 00:53:54,817 - CelsiusGuardian - DEBUG - [GUARDIAN] Performing health check...
2025-10-24 00:53:54,817 - CelsiusGuardian - DEBUG - [GUARDIAN] Service OK: server_hub
2025-10-24 00:53:54,817 - CelsiusGuardian - DEBUG - [GUARDIAN] Service OK: mobile_server
2025-10-24 00:53:54,817 - CelsiusGuardian - DEBUG - [GUARDIAN] Service OK: celsius_core
2025-10-24 00:54:04,818 - CelsiusGuardian - DEBUG - [GUARDIAN] Performing health check...
2025-10-24 00:54:04,818 - CelsiusGuardian - DEBUG - [GUARDIAN] Service OK: server_hub
2025-10-24 00:54:04,818 - CelsiusGuardian - DEBUG - [GUARDIAN] Service OK: mobile_server
2025-10-24 00:54:04,818 - CelsiusGuardian - DEBUG - [GUARDIAN] Service OK: celsius_core
2025-10-24 00:54:14,819 - CelsiusGuardian - DEBUG - [GUARDIAN] Performing health check...
2025-10-24 00:54:14,819 - CelsiusGuardian - DEBUG - [GUARDIAN] Service OK: server_hub
2025-10-24 00:54:14,819 - CelsiusGuardian - DEBUG - [GUARDIAN] Service OK: mobile_server
2025-10-24 00:54:14,819 - CelsiusGuardian - DEBUG - [GUARDIAN] Service OK: celsius_core
2025-10-24 00:54:24,821 - CelsiusGuardian - DEBUG - [GUARDIAN] Performing health check...
2025-10-24 00:54:24,821 - CelsiusGuardian - DEBUG - [GUARDIAN] Service OK: server_hub
2025-10-24 00:54:24,821 - CelsiusGuardian - DEBUG - [GUARDIAN] Service OK: mobile_server
2025-10-24 00:54:24,821 - CelsiusGuardian - DEBUG - [GUARDIAN] Service OK: celsius_core
2025-10-24 00:54:34,822 - CelsiusGuardian - DEBUG - [GUARDIAN] Performing health check...
2025-10-24 00:54:34,822 - CelsiusGuardian - DEBUG - [GUARDIAN] Service OK: server_hub
2025-10-24 00:54:34,822 - CelsiusGuardian - DEBUG - [GUARDIAN] Service OK: mobile_server
2025-10-24 00:54:34,822 - CelsiusGuardian - DEBUG - [GUARDIAN] Service OK: celsius_core
2025-10-24 00:54:44,823 - CelsiusGuardian - DEBUG - [GUARDIAN] Performing health check...
2025-10-24 00:54:44,823 - CelsiusGuardian - DEBUG - [GUARDIAN] Service OK: server_hub
2025-10-24 00:54:44,823 - CelsiusGuardian - DEBUG - [GUARDIAN] Service OK: mobile_server
2025-10-24 00:54:44,823 - CelsiusGuardian - DEBUG - [GUARDIAN] Service OK: celsius_core
2025-10-24 00:54:54,824 - CelsiusGuardian - DEBUG - [GUARDIAN] Performing health check...
2025-10-24 00:54:54,824 - CelsiusGuardian - DEBUG - [GUARDIAN] Service OK: server_hub
2025-10-24 00:54:54,824 - CelsiusGuardian - DEBUG - [GUARDIAN] Service OK: mobile_server
2025-10-24 00:54:54,824 - CelsiusGuardian - DEBUG - [GUARDIAN] Service OK: celsius_core
2025-10-24 00:55:04,825 - CelsiusGuardian - DEBUG - [GUARDIAN] Performing health check...
2025-10-24 00:55:04,825 - CelsiusGuardian - DEBUG - [GUARDIAN] Service OK: server_hub
2025-10-24 00:55:04,825 - CelsiusGuardian - DEBUG - [GUARDIAN] Service OK: mobile_server
2025-10-24 00:55:04,825 - CelsiusGuardian - DEBUG - [GUARDIAN] Service OK: celsius_core
2025-10-24 00:55:14,826 - CelsiusGuardian - DEBUG - [GUARDIAN] Performing health check...
2025-10-24 00:55:14,826 - CelsiusGuardian - DEBUG - [GUARDIAN] Service OK: server_hub
2025-10-24 00:55:14,826 - CelsiusGuardian - DEBUG - [GUARDIAN] Service OK: mobile_server
2025-10-24 00:55:14,826 - CelsiusGuardian - DEBUG - [GUARDIAN] Service OK: celsius_core
2025-10-24 00:55:24,827 - CelsiusGuardian - DEBUG - [GUARDIAN] Performing health check...
2025-10-24 00:55:24,827 - CelsiusGuardian - DEBUG - [GUARDIAN] Service OK: server_hub
2025-10-24 00:55:24,827 - CelsiusGuardian - DEBUG - [GUARDIAN] Service OK: mobile_server
2025-10-24 00:55:24,827 - CelsiusGuardian - DEBUG - [GUARDIAN] Service OK: celsius_core
2025-10-24 00:55:34,829 - CelsiusGuardian - DEBUG - [GUARDIAN] Performing health check...
2025-10-24 00:55:34,829 - CelsiusGuardian - DEBUG - [GUARDIAN] Service OK: server_hub
2025-10-24 00:55:34,829 - CelsiusGuardian - DEBUG - [GUARDIAN] Service OK: mobile_server
2025-10-24 00:55:34,829 - CelsiusGuardian - DEBUG - [GUARDIAN] Service OK: celsius_core
2025-10-24 00:55:44,830 - CelsiusGuardian - DEBUG - [GUARDIAN] Performing health check...
2025-10-24 00:55:44,830 - CelsiusGuardian - DEBUG - [GUARDIAN] Service OK: server_hub
2025-10-24 00:55:44,830 - CelsiusGuardian - DEBUG - [GUARDIAN] Service OK: mobile_server
2025-10-24 00:55:44,830 - CelsiusGuardian - DEBUG - [GUARDIAN] Service OK: celsius_core
2025-10-24 00:55:54,831 - CelsiusGuardian - DEBUG - [GUARDIAN] Performing health check...
2025-10-24 00:55:54,831 - CelsiusGuardian - DEBUG - [GUARDIAN] Service OK: server_hub
2025-10-24 00:55:54,831 - CelsiusGuardian - DEBUG - [GUARDIAN] Service OK: mobile_server
2025-10-24 00:55:54,831 - CelsiusGuardian - DEBUG - [GUARDIAN] Service OK: celsius_core
2025-10-24 00:56:04,832 - CelsiusGuardian - DEBUG - [GUARDIAN] Performing health check...
2025-10-24 00:56:04,832 - CelsiusGuardian - DEBUG - [GUARDIAN] Service OK: server_hub
2025-10-24 00:56:04,832 - CelsiusGuardian - DEBUG - [GUARDIAN] Service OK: mobile_server
2025-10-24 00:56:04,832 - CelsiusGuardian - DEBUG - [GUARDIAN] Service OK: celsius_core
2025-10-24 00:56:14,833 - CelsiusGuardian - DEBUG - [GUARDIAN] Performing health check...
2025-10-24 00:56:14,833 - CelsiusGuardian - DEBUG - [GUARDIAN] Service OK: server_hub
2025-10-24 00:56:14,833 - CelsiusGuardian - DEBUG - [GUARDIAN] Service OK: mobile_server
2025-10-24 00:56:14,833 - CelsiusGuardian - DEBUG - [GUARDIAN] Service OK: celsius_core
2025-10-24 00:56:24,834 - CelsiusGuardian - DEBUG - [GUARDIAN] Performing health check...
2025-10-24 00:56:24,834 - CelsiusGuardian - DEBUG - [GUARDIAN] Service OK: server_hub
2025-10-24 00:56:24,834 - CelsiusGuardian - DEBUG - [GUARDIAN] Service OK: mobile_server
2025-10-24 00:56:24,834 - CelsiusGuardian - DEBUG - [GUARDIAN] Service OK: celsius_core
2025-10-24 00:56:34,836 - CelsiusGuardian - DEBUG - [GUARDIAN] Performing health check...
2025-10-24 00:56:34,836 - CelsiusGuardian - DEBUG - [GUARDIAN] Service OK: server_hub
2025-10-24 00:56:34,836 - CelsiusGuardian - DEBUG - [GUARDIAN] Service OK: mobile_server
2025-10-24 00:56:34,836 - CelsiusGuardian - DEBUG - [GUARDIAN] Service OK: celsius_core
2025-10-24 00:56:44,837 - CelsiusGuardian - DEBUG - [GUARDIAN] Performing health check...
2025-10-24 00:56:44,837 - CelsiusGuardian - DEBUG - [GUARDIAN] Service OK: server_hub
2025-10-24 00:56:44,837 - CelsiusGuardian - DEBUG - [GUARDIAN] Service OK: mobile_server
2025-10-24 00:56:44,837 - CelsiusGuardian - DEBUG - [GUARDIAN] Service OK: celsius_core
2025-10-24 00:56:54,838 - CelsiusGuardian - DEBUG - [GUARDIAN] Performing health check...
2025-10-24 00:56:54,838 - CelsiusGuardian - DEBUG - [GUARDIAN] Service OK: server_hub
2025-10-24 00:56:54,838 - CelsiusGuardian - DEBUG - [GUARDIAN] Service OK: mobile_server
2025-10-24 00:56:54,838 - CelsiusGuardian - DEBUG - [GUARDIAN] Service OK: celsius_core
2025-10-24 00:57:04,839 - CelsiusGuardian - DEBUG - [GUARDIAN] Performing health check...
2025-10-24 00:57:04,839 - CelsiusGuardian - DEBUG - [GUARDIAN] Service OK: server_hub
2025-10-24 00:57:04,839 - CelsiusGuardian - DEBUG - [GUARDIAN] Service OK: mobile_server
2025-10-24 00:57:04,839 - CelsiusGuardian - DEBUG - [GUARDIAN] Service OK: celsius_core
2025-10-24 00:57:14,840 - CelsiusGuardian - DEBUG - [GUARDIAN] Performing health check...
2025-10-24 00:57:14,840 - CelsiusGuardian - DEBUG - [GUARDIAN] Service OK: server_hub
2025-10-24 00:57:14,840 - CelsiusGuardian - DEBUG - [GUARDIAN] Service OK: mobile_server
2025-10-24 00:57:14,840 - CelsiusGuardian - DEBUG - [GUARDIAN] Service OK: celsius_core
2025-10-24 00:57:24,841 - CelsiusGuardian - DEBUG - [GUARDIAN] Performing health check...
2025-10-24 00:57:24,841 - CelsiusGuardian - DEBUG - [GUARDIAN] Service OK: server_hub
2025-10-24 00:57:24,841 - CelsiusGuardian - DEBUG - [GUARDIAN] Service OK: mobile_server
2025-10-24 00:57:24,841 - CelsiusGuardian - DEBUG - [GUARDIAN] Service OK: celsius_core
2025-10-24 00:57:34,842 - CelsiusGuardian - DEBUG - [GUARDIAN] Performing health check...
2025-10-24 00:57:34,842 - CelsiusGuardian - DEBUG - [GUARDIAN] Service OK: server_hub
2025-10-24 00:57:34,842 - CelsiusGuardian - DEBUG - [GUARDIAN] Service OK: mobile_server
2025-10-24 00:57:34,842 - CelsiusGuardian - DEBUG - [GUARDIAN] Service OK: celsius_core
2025-10-24 00:57:44,843 - CelsiusGuardian - DEBUG - [GUARDIAN] Performing health check...
2025-10-24 00:57:44,843 - CelsiusGuardian - DEBUG - [GUARDIAN] Service OK: server_hub
2025-10-24 00:57:44,843 - CelsiusGuardian - DEBUG - [GUARDIAN] Service OK: mobile_server
2025-10-24 00:57:44,843 - CelsiusGuardian - DEBUG - [GUARDIAN] Service OK: celsius_core
2025-10-24 00:57:54,844 - CelsiusGuardian - DEBUG - [GUARDIAN] Performing health check...
2025-10-24 00:57:54,844 - CelsiusGuardian - DEBUG - [GUARDIAN] Service OK: server_hub
2025-10-24 00:57:54,844 - CelsiusGuardian - DEBUG - [GUARDIAN] Service OK: mobile_server
2025-10-24 00:57:54,844 - CelsiusGuardian - DEBUG - [GUARDIAN] Service OK: celsius_core
2025-10-24 00:58:04,845 - CelsiusGuardian - DEBUG - [GUARDIAN] Performing health check...
2025-10-24 00:58:04,845 - CelsiusGuardian - DEBUG - [GUARDIAN] Service OK: server_hub
2025-10-24 00:58:04,845 - CelsiusGuardian - DEBUG - [GUARDIAN] Service OK: mobile_server
2025-10-24 00:58:04,845 - CelsiusGuardian - DEBUG - [GUARDIAN] Service OK: celsius_core
2025-10-24 00:58:14,847 - CelsiusGuardian - DEBUG - [GUARDIAN] Performing health check...
2025-10-24 00:58:14,847 - CelsiusGuardian - DEBUG - [GUARDIAN] Service OK: server_hub
2025-10-24 00:58:14,847 - CelsiusGuardian - DEBUG - [GUARDIAN] Service OK: mobile_server
2025-10-24 00:58:14,847 - CelsiusGuardian - DEBUG - [GUARDIAN] Service OK: celsius_core
2025-10-24 00:58:24,848 - CelsiusGuardian - DEBUG - [GUARDIAN] Performing health check...
2025-10-24 00:58:24,848 - CelsiusGuardian - DEBUG - [GUARDIAN] Service OK: server_hub
2025-10-24 00:58:24,848 - CelsiusGuardian - DEBUG - [GUARDIAN] Service OK: mobile_server
2025-10-24 00:58:24,848 - CelsiusGuardian - DEBUG - [GUARDIAN] Service OK: celsius_core
2025-10-24 00:58:34,849 - CelsiusGuardian - DEBUG - [GUARDIAN] Performing health check...
2025-10-24 00:58:34,849 - CelsiusGuardian - DEBUG - [GUARDIAN] Service OK: server_hub
2025-10-24 00:58:34,849 - CelsiusGuardian - DEBUG - [GUARDIAN] Service OK: mobile_server
2025-10-24 00:58:34,849 - CelsiusGuardian - DEBUG - [GUARDIAN] Service OK: celsius_core
2025-10-24 00:58:44,850 - CelsiusGuardian - DEBUG - [GUARDIAN] Performing health check...
2025-10-24 00:58:44,850 - CelsiusGuardian - DEBUG - [GUARDIAN] Service OK: server_hub
2025-10-24 00:58:44,850 - CelsiusGuardian - DEBUG - [GUARDIAN] Service OK: mobile_server
2025-10-24 00:58:44,850 - CelsiusGuardian - DEBUG - [GUARDIAN] Service OK: celsius_core
2025-10-24 00:58:54,851 - CelsiusGuardian - DEBUG - [GUARDIAN] Performing health check...
2025-10-24 00:58:54,851 - CelsiusGuardian - DEBUG - [GUARDIAN] Service OK: server_hub
2025-10-24 00:58:54,851 - CelsiusGuardian - DEBUG - [GUARDIAN] Service OK: mobile_server
2025-10-24 00:58:54,851 - CelsiusGuardian - DEBUG - [GUARDIAN] Service OK: celsius_core
2025-10-24 00:59:04,852 - CelsiusGuardian - DEBUG - [GUARDIAN] Performing health check...
2025-10-24 00:59:04,852 - CelsiusGuardian - DEBUG - [GUARDIAN] Service OK: server_hub
2025-10-24 00:59:04,852 - CelsiusGuardian - DEBUG - [GUARDIAN] Service OK: mobile_server
2025-10-24 00:59:04,852 - CelsiusGuardian - DEBUG - [GUARDIAN] Service OK: celsius_core
2025-10-24 00:59:14,853 - CelsiusGuardian - DEBUG - [GUARDIAN] Performing health check...
2025-10-24 00:59:14,853 - CelsiusGuardian - DEBUG - [GUARDIAN] Service OK: server_hub
2025-10-24 00:59:14,853 - CelsiusGuardian - DEBUG - [GUARDIAN] Service OK: mobile_server
2025-10-24 00:59:14,853 - CelsiusGuardian - DEBUG - [GUARDIAN] Service OK: celsius_core
2025-10-24 00:59:24,854 - CelsiusGuardian - DEBUG - [GUARDIAN] Performing health check...
2025-10-24 00:59:24,854 - CelsiusGuardian - DEBUG - [GUARDIAN] Service OK: server_hub
2025-10-24 00:59:24,854 - CelsiusGuardian - DEBUG - [GUARDIAN] Service OK: mobile_server
2025-10-24 00:59:24,854 - CelsiusGuardian - DEBUG - [GUARDIAN] Service OK: celsius_core
2025-10-24 00:59:34,856 - CelsiusGuardian - DEBUG - [GUARDIAN] Performing health check...
2025-10-24 00:59:34,856 - CelsiusGuardian - DEBUG - [GUARDIAN] Service OK: server_hub
2025-10-24 00:59:34,856 - CelsiusGuardian - DEBUG - [GUARDIAN] Service OK: mobile_server
2025-10-24 00:59:34,856 - CelsiusGuardian - DEBUG - [GUARDIAN] Service OK: celsius_core
2025-10-24 00:59:44,857 - CelsiusGuardian - DEBUG - [GUARDIAN] Performing health check...
2025-10-24 00:59:44,857 - CelsiusGuardian - DEBUG - [GUARDIAN] Service OK: server_hub
2025-10-24 00:59:44,857 - CelsiusGuardian - DEBUG - [GUARDIAN] Service OK: mobile_server
2025-10-24 00:59:44,857 - CelsiusGuardian - DEBUG - [GUARDIAN] Service OK: celsius_core
2025-10-24 00:59:54,858 - CelsiusGuardian - DEBUG - [GUARDIAN] Performing health check...
2025-10-24 00:59:54,858 - CelsiusGuardian - DEBUG - [GUARDIAN] Service OK: server_hub
2025-10-24 00:59:54,858 - CelsiusGuardian - DEBUG - [GUARDIAN] Service OK: mobile_server
2025-10-24 00:59:54,858 - CelsiusGuardian - DEBUG - [GUARDIAN] Service OK: celsius_core
2025-10-24 01:00:04,859 - CelsiusGuardian - DEBUG - [GUARDIAN] Performing health check...
2025-10-24 01:00:04,859 - CelsiusGuardian - DEBUG - [GUARDIAN] Service OK: server_hub
2025-10-24 01:00:04,859 - CelsiusGuardian - DEBUG - [GUARDIAN] Service OK: mobile_server
2025-10-24 01:00:04,859 - CelsiusGuardian - DEBUG - [GUARDIAN] Service OK: celsius_core
2025-10-24 01:00:14,860 - CelsiusGuardian - DEBUG - [GUARDIAN] Performing health check...
2025-10-24 01:00:14,860 - CelsiusGuardian - DEBUG - [GUARDIAN] Service OK: server_hub
2025-10-24 01:00:14,860 - CelsiusGuardian - DEBUG - [GUARDIAN] Service OK: mobile_server
2025-10-24 01:00:14,860 - CelsiusGuardian - DEBUG - [GUARDIAN] Service OK: celsius_core
2025-10-24 01:00:24,861 - CelsiusGuardian - DEBUG - [GUARDIAN] Performing health check...
2025-10-24 01:00:24,861 - CelsiusGuardian - DEBUG - [GUARDIAN] Service OK: server_hub
2025-10-24 01:00:24,861 - CelsiusGuardian - DEBUG - [GUARDIAN] Service OK: mobile_server
2025-10-24 01:00:24,861 - CelsiusGuardian - DEBUG - [GUARDIAN] Service OK: celsius_core
2025-10-24 01:00:34,862 - CelsiusGuardian - DEBUG - [GUARDIAN] Performing health check...
2025-10-24 01:00:34,862 - CelsiusGuardian - DEBUG - [GUARDIAN] Service OK: server_hub
2025-10-24 01:00:34,862 - CelsiusGuardian - DEBUG - [GUARDIAN] Service OK: mobile_server
2025-10-24 01:00:34,862 - CelsiusGuardian - DEBUG - [GUARDIAN] Service OK: celsius_core
2025-10-24 01:00:44,864 - CelsiusGuardian - DEBUG - [GUARDIAN] Performing health check...
2025-10-24 01:00:44,864 - CelsiusGuardian - DEBUG - [GUARDIAN] Service OK: server_hub
2025-10-24 01:00:44,864 - CelsiusGuardian - DEBUG - [GUARDIAN] Service OK: mobile_server
2025-10-24 01:00:44,864 - CelsiusGuardian - DEBUG - [GUARDIAN] Service OK: celsius_core
2025-10-24 01:00:54,864 - CelsiusGuardian - DEBUG - [GUARDIAN] Performing health check...
2025-10-24 01:00:54,864 - CelsiusGuardian - DEBUG - [GUARDIAN] Service OK: server_hub
2025-10-24 01:00:54,864 - CelsiusGuardian - DEBUG - [GUARDIAN] Service OK: mobile_server
2025-10-24 01:00:54,864 - CelsiusGuardian - DEBUG - [GUARDIAN] Service OK: celsius_core
2025-10-24 01:01:04,866 - CelsiusGuardian - DEBUG - [GUARDIAN] Performing health check...
2025-10-24 01:01:04,866 - CelsiusGuardian - DEBUG - [GUARDIAN] Service OK: server_hub
2025-10-24 01:01:04,866 - CelsiusGuardian - DEBUG - [GUARDIAN] Service OK: mobile_server
2025-10-24 01:01:04,866 - CelsiusGuardian - DEBUG - [GUARDIAN] Service OK: celsius_core
2025-10-24 01:01:14,867 - CelsiusGuardian - DEBUG - [GUARDIAN] Performing health check...
2025-10-24 01:01:14,867 - CelsiusGuardian - DEBUG - [GUARDIAN] Service OK: server_hub
2025-10-24 01:01:14,867 - CelsiusGuardian - DEBUG - [GUARDIAN] Service OK: mobile_server
2025-10-24 01:01:14,867 - CelsiusGuardian - DEBUG - [GUARDIAN] Service OK: celsius_core
2025-10-24 01:01:24,868 - CelsiusGuardian - DEBUG - [GUARDIAN] Performing health check...
2025-10-24 01:01:24,868 - CelsiusGuardian - DEBUG - [GUARDIAN] Service OK: server_hub
2025-10-24 01:01:24,868 - CelsiusGuardian - DEBUG - [GUARDIAN] Service OK: mobile_server
2025-10-24 01:01:24,868 - CelsiusGuardian - DEBUG - [GUARDIAN] Service OK: celsius_core
2025-10-24 01:01:34,869 - CelsiusGuardian - DEBUG - [GUARDIAN] Performing health check...
2025-10-24 01:01:34,869 - CelsiusGuardian - DEBUG - [GUARDIAN] Service OK: server_hub
2025-10-24 01:01:34,869 - CelsiusGuardian - DEBUG - [GUARDIAN] Service OK: mobile_server
2025-10-24 01:01:34,869 - CelsiusGuardian - DEBUG - [GUARDIAN] Service OK: celsius_core
2025-10-24 01:01:44,870 - CelsiusGuardian - DEBUG - [GUARDIAN] Performing health check...
2025-10-24 01:01:44,870 - CelsiusGuardian - DEBUG - [GUARDIAN] Service OK: server_hub
2025-10-24 01:01:44,870 - CelsiusGuardian - DEBUG - [GUARDIAN] Service OK: mobile_server
2025-10-24 01:01:44,870 - CelsiusGuardian - DEBUG - [GUARDIAN] Service OK: celsius_core
2025-10-24 01:01:54,871 - CelsiusGuardian - DEBUG - [GUARDIAN] Performing health check...
2025-10-24 01:01:54,871 - CelsiusGuardian - DEBUG - [GUARDIAN] Service OK: server_hub
2025-10-24 01:01:54,871 - CelsiusGuardian - DEBUG - [GUARDIAN] Service OK: mobile_server
2025-10-24 01:01:54,871 - CelsiusGuardian - DEBUG - [GUARDIAN] Service OK: celsius_core
2025-10-24 01:02:04,873 - CelsiusGuardian - DEBUG - [GUARDIAN] Performing health check...
2025-10-24 01:02:04,873 - CelsiusGuardian - DEBUG - [GUARDIAN] Service OK: server_hub
2025-10-24 01:02:04,873 - CelsiusGuardian - DEBUG - [GUARDIAN] Service OK: mobile_server
2025-10-24 01:02:04,873 - CelsiusGuardian - DEBUG - [GUARDIAN] Service OK: celsius_core
2025-10-24 01:02:14,874 - CelsiusGuardian - DEBUG - [GUARDIAN] Performing health check...
2025-10-24 01:02:14,874 - CelsiusGuardian - DEBUG - [GUARDIAN] Service OK: server_hub
2025-10-24 01:02:14,874 - CelsiusGuardian - DEBUG - [GUARDIAN] Service OK: mobile_server
2025-10-24 01:02:14,874 - CelsiusGuardian - DEBUG - [GUARDIAN] Service OK: celsius_core
2025-10-24 01:02:24,875 - CelsiusGuardian - DEBUG - [GUARDIAN] Performing health check...
2025-10-24 01:02:24,875 - CelsiusGuardian - DEBUG - [GUARDIAN] Service OK: server_hub
2025-10-24 01:02:24,875 - CelsiusGuardian - DEBUG - [GUARDIAN] Service OK: mobile_server
2025-10-24 01:02:24,875 - CelsiusGuardian - DEBUG - [GUARDIAN] Service OK: celsius_core
2025-10-24 01:02:34,876 - CelsiusGuardian - DEBUG - [GUARDIAN] Performing health check...
2025-10-24 01:02:34,876 - CelsiusGuardian - DEBUG - [GUARDIAN] Service OK: server_hub
2025-10-24 01:02:34,876 - CelsiusGuardian - DEBUG - [GUARDIAN] Service OK: mobile_server
2025-10-24 01:02:34,876 - CelsiusGuardian - DEBUG - [GUARDIAN] Service OK: celsius_core
2025-10-24 01:02:44,877 - CelsiusGuardian - DEBUG - [GUARDIAN] Performing health check...
2025-10-24 01:02:44,877 - CelsiusGuardian - DEBUG - [GUARDIAN] Service OK: server_hub
2025-10-24 01:02:44,877 - CelsiusGuardian - DEBUG - [GUARDIAN] Service OK: mobile_server
2025-10-24 01:02:44,877 - CelsiusGuardian - DEBUG - [GUARDIAN] Service OK: celsius_core
2025-10-24 01:02:54,878 - CelsiusGuardian - DEBUG - [GUARDIAN] Performing health check...
2025-10-24 01:02:54,878 - CelsiusGuardian - DEBUG - [GUARDIAN] Service OK: server_hub
2025-10-24 01:02:54,878 - CelsiusGuardian - DEBUG - [GUARDIAN] Service OK: mobile_server
2025-10-24 01:02:54,878 - CelsiusGuardian - DEBUG - [GUARDIAN] Service OK: celsius_core
2025-10-24 01:03:04,879 - CelsiusGuardian - DEBUG - [GUARDIAN] Performing health check...
2025-10-24 01:03:04,879 - CelsiusGuardian - DEBUG - [GUARDIAN] Service OK: server_hub
2025-10-24 01:03:04,879 - CelsiusGuardian - DEBUG - [GUARDIAN] Service OK: mobile_server
2025-10-24 01:03:04,879 - CelsiusGuardian - DEBUG - [GUARDIAN] Service OK: celsius_core
2025-10-24 01:03:14,881 - CelsiusGuardian - DEBUG - [GUARDIAN] Performing health check...
2025-10-24 01:03:14,881 - CelsiusGuardian - DEBUG - [GUARDIAN] Service OK: server_hub
2025-10-24 01:03:14,881 - CelsiusGuardian - DEBUG - [GUARDIAN] Service OK: mobile_server
2025-10-24 01:03:14,881 - CelsiusGuardian - DEBUG - [GUARDIAN] Service OK: celsius_core
2025-10-24 01:03:24,882 - CelsiusGuardian - DEBUG - [GUARDIAN] Performing health check...
2025-10-24 01:03:24,882 - CelsiusGuardian - DEBUG - [GUARDIAN] Service OK: server_hub
2025-10-24 01:03:24,882 - CelsiusGuardian - DEBUG - [GUARDIAN] Service OK: mobile_server
2025-10-24 01:03:24,882 - CelsiusGuardian - DEBUG - [GUARDIAN] Service OK: celsius_core
2025-10-24 01:03:34,883 - CelsiusGuardian - DEBUG - [GUARDIAN] Performing health check...
2025-10-24 01:03:34,883 - CelsiusGuardian - DEBUG - [GUARDIAN] Service OK: server_hub
2025-10-24 01:03:34,883 - CelsiusGuardian - DEBUG - [GUARDIAN] Service OK: mobile_server
2025-10-24 01:03:34,883 - CelsiusGuardian - DEBUG - [GUARDIAN] Service OK: celsius_core
2025-10-24 01:03:44,884 - CelsiusGuardian - DEBUG - [GUARDIAN] Performing health check...
2025-10-24 01:03:44,884 - CelsiusGuardian - DEBUG - [GUARDIAN] Service OK: server_hub
2025-10-24 01:03:44,884 - CelsiusGuardian - DEBUG - [GUARDIAN] Service OK: mobile_server
2025-10-24 01:03:44,884 - CelsiusGuardian - DEBUG - [GUARDIAN] Service OK: celsius_core
2025-10-24 01:03:54,886 - CelsiusGuardian - DEBUG - [GUARDIAN] Performing health check...
2025-10-24 01:03:54,886 - CelsiusGuardian - DEBUG - [GUARDIAN] Service OK: server_hub
2025-10-24 01:03:54,886 - CelsiusGuardian - DEBUG - [GUARDIAN] Service OK: mobile_server
2025-10-24 01:03:54,886 - CelsiusGuardian - DEBUG - [GUARDIAN] Service OK: celsius_core
2025-10-24 01:04:04,887 - CelsiusGuardian - DEBUG - [GUARDIAN] Performing health check...
2025-10-24 01:04:04,887 - CelsiusGuardian - DEBUG - [GUARDIAN] Service OK: server_hub
2025-10-24 01:04:04,887 - CelsiusGuardian - DEBUG - [GUARDIAN] Service OK: mobile_server
2025-10-24 01:04:04,887 - CelsiusGuardian - DEBUG - [GUARDIAN] Service OK: celsius_core
2025-10-24 01:04:14,888 - CelsiusGuardian - DEBUG - [GUARDIAN] Performing health check...
2025-10-24 01:04:14,888 - CelsiusGuardian - DEBUG - [GUARDIAN] Service OK: server_hub
2025-10-24 01:04:14,888 - CelsiusGuardian - DEBUG - [GUARDIAN] Service OK: mobile_server
2025-10-24 01:04:14,888 - CelsiusGuardian - DEBUG - [GUARDIAN] Service OK: celsius_core
2025-10-24 01:04:24,889 - CelsiusGuardian - DEBUG - [GUARDIAN] Performing health check...
2025-10-24 01:04:24,889 - CelsiusGuardian - DEBUG - [GUARDIAN] Service OK: server_hub
2025-10-24 01:04:24,889 - CelsiusGuardian - DEBUG - [GUARDIAN] Service OK: mobile_server
2025-10-24 01:04:24,889 - CelsiusGuardian - DEBUG - [GUARDIAN] Service OK: celsius_core
2025-10-24 01:04:34,890 - CelsiusGuardian - DEBUG - [GUARDIAN] Performing health check...
2025-10-24 01:04:34,890 - CelsiusGuardian - DEBUG - [GUARDIAN] Service OK: server_hub
2025-10-24 01:04:34,890 - CelsiusGuardian - DEBUG - [GUARDIAN] Service OK: mobile_server
2025-10-24 01:04:34,890 - CelsiusGuardian - DEBUG - [GUARDIAN] Service OK: celsius_core
2025-10-24 01:04:44,891 - CelsiusGuardian - DEBUG - [GUARDIAN] Performing health check...
2025-10-24 01:04:44,891 - CelsiusGuardian - DEBUG - [GUARDIAN] Service OK: server_hub
2025-10-24 01:04:44,891 - CelsiusGuardian - DEBUG - [GUARDIAN] Service OK: mobile_server
2025-10-24 01:04:44,891 - CelsiusGuardian - DEBUG - [GUARDIAN] Service OK: celsius_core
2025-10-24 01:04:54,892 - CelsiusGuardian - DEBUG - [GUARDIAN] Performing health check...
2025-10-24 01:04:54,892 - CelsiusGuardian - DEBUG - [GUARDIAN] Service OK: server_hub
2025-10-24 01:04:54,892 - CelsiusGuardian - DEBUG - [GUARDIAN] Service OK: mobile_server
2025-10-24 01:04:54,892 - CelsiusGuardian - DEBUG - [GUARDIAN] Service OK: celsius_core
2025-10-24 01:05:04,893 - CelsiusGuardian - DEBUG - [GUARDIAN] Performing health check...
2025-10-24 01:05:04,893 - CelsiusGuardian - DEBUG - [GUARDIAN] Service OK: server_hub
2025-10-24 01:05:04,893 - CelsiusGuardian - DEBUG - [GUARDIAN] Service OK: mobile_server
2025-10-24 01:05:04,893 - CelsiusGuardian - DEBUG - [GUARDIAN] Service OK: celsius_core
2025-10-24 01:05:14,894 - CelsiusGuardian - DEBUG - [GUARDIAN] Performing health check...
2025-10-24 01:05:14,894 - CelsiusGuardian - DEBUG - [GUARDIAN] Service OK: server_hub
2025-10-24 01:05:14,894 - CelsiusGuardian - DEBUG - [GUARDIAN] Service OK: mobile_server
2025-10-24 01:05:14,894 - CelsiusGuardian - DEBUG - [GUARDIAN] Service OK: celsius_core
2025-10-24 01:05:24,895 - CelsiusGuardian - DEBUG - [GUARDIAN] Performing health check...
2025-10-24 01:05:24,895 - CelsiusGuardian - DEBUG - [GUARDIAN] Service OK: server_hub
2025-10-24 01:05:24,895 - CelsiusGuardian - DEBUG - [GUARDIAN] Service OK: mobile_server
2025-10-24 01:05:24,895 - CelsiusGuardian - DEBUG - [GUARDIAN] Service OK: celsius_core
2025-10-24 01:05:34,896 - CelsiusGuardian - DEBUG - [GUARDIAN] Performing health check...
2025-10-24 01:05:34,896 - CelsiusGuardian - DEBUG - [GUARDIAN] Service OK: server_hub
2025-10-24 01:05:34,896 - CelsiusGuardian - DEBUG - [GUARDIAN] Service OK: mobile_server
2025-10-24 01:05:34,896 - CelsiusGuardian - DEBUG - [GUARDIAN] Service OK: celsius_core
2025-10-24 01:05:44,897 - CelsiusGuardian - DEBUG - [GUARDIAN] Performing health check...
2025-10-24 01:05:44,897 - CelsiusGuardian - DEBUG - [GUARDIAN] Service OK: server_hub
2025-10-24 01:05:44,897 - CelsiusGuardian - DEBUG - [GUARDIAN] Service OK: mobile_server
2025-10-24 01:05:44,897 - CelsiusGuardian - DEBUG - [GUARDIAN] Service OK: celsius_core
2025-10-24 01:05:54,898 - CelsiusGuardian - DEBUG - [GUARDIAN] Performing health check...
2025-10-24 01:05:54,898 - CelsiusGuardian - DEBUG - [GUARDIAN] Service OK: server_hub
2025-10-24 01:05:54,898 - CelsiusGuardian - DEBUG - [GUARDIAN] Service OK: mobile_server
2025-10-24 01:05:54,898 - CelsiusGuardian - DEBUG - [GUARDIAN] Service OK: celsius_core
2025-10-24 01:06:04,899 - CelsiusGuardian - DEBUG - [GUARDIAN] Performing health check...
2025-10-24 01:06:04,899 - CelsiusGuardian - DEBUG - [GUARDIAN] Service OK: server_hub
2025-10-24 01:06:04,899 - CelsiusGuardian - DEBUG - [GUARDIAN] Service OK: mobile_server
2025-10-24 01:06:04,899 - CelsiusGuardian - DEBUG - [GUARDIAN] Service OK: celsius_core
2025-10-24 01:06:14,900 - CelsiusGuardian - DEBUG - [GUARDIAN] Performing health check...
2025-10-24 01:06:14,900 - CelsiusGuardian - DEBUG - [GUARDIAN] Service OK: server_hub
2025-10-24 01:06:14,900 - CelsiusGuardian - DEBUG - [GUARDIAN] Service OK: mobile_server
2025-10-24 01:06:14,900 - CelsiusGuardian - DEBUG - [GUARDIAN] Service OK: celsius_core
2025-10-24 01:06:24,901 - CelsiusGuardian - DEBUG - [GUARDIAN] Performing health check...
2025-10-24 01:06:24,901 - CelsiusGuardian - DEBUG - [GUARDIAN] Service OK: server_hub
2025-10-24 01:06:24,901 - CelsiusGuardian - DEBUG - [GUARDIAN] Service OK: mobile_server
2025-10-24 01:06:24,901 - CelsiusGuardian - DEBUG - [GUARDIAN] Service OK: celsius_core
2025-10-24 01:06:34,903 - CelsiusGuardian - DEBUG - [GUARDIAN] Performing health check...
2025-10-24 01:06:34,903 - CelsiusGuardian - DEBUG - [GUARDIAN] Service OK: server_hub
2025-10-24 01:06:34,903 - CelsiusGuardian - DEBUG - [GUARDIAN] Service OK: mobile_server
2025-10-24 01:06:34,903 - CelsiusGuardian - DEBUG - [GUARDIAN] Service OK: celsius_core
2025-10-24 01:06:44,903 - CelsiusGuardian - DEBUG - [GUARDIAN] Performing health check...
2025-10-24 01:06:44,903 - CelsiusGuardian - DEBUG - [GUARDIAN] Service OK: server_hub
2025-10-24 01:06:44,903 - CelsiusGuardian - DEBUG - [GUARDIAN] Service OK: mobile_server
2025-10-24 01:06:44,903 - CelsiusGuardian - DEBUG - [GUARDIAN] Service OK: celsius_core
2025-10-24 01:06:54,905 - CelsiusGuardian - DEBUG - [GUARDIAN] Performing health check...
2025-10-24 01:06:54,905 - CelsiusGuardian - DEBUG - [GUARDIAN] Service OK: server_hub
2025-10-24 01:06:54,905 - CelsiusGuardian - DEBUG - [GUARDIAN] Service OK: mobile_server
2025-10-24 01:06:54,905 - CelsiusGuardian - DEBUG - [GUARDIAN] Service OK: celsius_core
2025-10-24 01:07:04,906 - CelsiusGuardian - DEBUG - [GUARDIAN] Performing health check...
2025-10-24 01:07:04,906 - CelsiusGuardian - DEBUG - [GUARDIAN] Service OK: server_hub
2025-10-24 01:07:04,906 - CelsiusGuardian - DEBUG - [GUARDIAN] Service OK: mobile_server
2025-10-24 01:07:04,906 - CelsiusGuardian - DEBUG - [GUARDIAN] Service OK: celsius_core
2025-10-24 01:07:14,907 - CelsiusGuardian - DEBUG - [GUARDIAN] Performing health check...
2025-10-24 01:07:14,907 - CelsiusGuardian - DEBUG - [GUARDIAN] Service OK: server_hub
2025-10-24 01:07:14,907 - CelsiusGuardian - DEBUG - [GUARDIAN] Service OK: mobile_server
2025-10-24 01:07:14,907 - CelsiusGuardian - DEBUG - [GUARDIAN] Service OK: celsius_core
2025-10-24 01:07:24,908 - CelsiusGuardian - DEBUG - [GUARDIAN] Performing health check...
2025-10-24 01:07:24,908 - CelsiusGuardian - DEBUG - [GUARDIAN] Service OK: server_hub
2025-10-24 01:07:24,908 - CelsiusGuardian - DEBUG - [GUARDIAN] Service OK: mobile_server
2025-10-24 01:07:24,908 - CelsiusGuardian - DEBUG - [GUARDIAN] Service OK: celsius_core
2025-10-24 01:07:34,909 - CelsiusGuardian - DEBUG - [GUARDIAN] Performing health check...
2025-10-24 01:07:34,909 - CelsiusGuardian - DEBUG - [GUARDIAN] Service OK: server_hub
2025-10-24 01:07:34,909 - CelsiusGuardian - DEBUG - [GUARDIAN] Service OK: mobile_server
2025-10-24 01:07:34,909 - CelsiusGuardian - DEBUG - [GUARDIAN] Service OK: celsius_core
2025-10-24 01:07:44,910 - CelsiusGuardian - DEBUG - [GUARDIAN] Performing health check...
2025-10-24 01:07:44,910 - CelsiusGuardian - DEBUG - [GUARDIAN] Service OK: server_hub
2025-10-24 01:07:44,910 - CelsiusGuardian - DEBUG - [GUARDIAN] Service OK: mobile_server
2025-10-24 01:07:44,910 - CelsiusGuardian - DEBUG - [GUARDIAN] Service OK: celsius_core
2025-10-24 01:07:54,911 - CelsiusGuardian - DEBUG - [GUARDIAN] Performing health check...
2025-10-24 01:07:54,911 - CelsiusGuardian - DEBUG - [GUARDIAN] Service OK: server_hub
2025-10-24 01:07:54,911 - CelsiusGuardian - DEBUG - [GUARDIAN] Service OK: mobile_server
2025-10-24 01:07:54,911 - CelsiusGuardian - DEBUG - [GUARDIAN] Service OK: celsius_core
2025-10-24 01:08:04,912 - CelsiusGuardian - DEBUG - [GUARDIAN] Performing health check...
2025-10-24 01:08:04,912 - CelsiusGuardian - DEBUG - [GUARDIAN] Service OK: server_hub
2025-10-24 01:08:04,912 - CelsiusGuardian - DEBUG - [GUARDIAN] Service OK: mobile_server
2025-10-24 01:08:04,912 - CelsiusGuardian - DEBUG - [GUARDIAN] Service OK: celsius_core
2025-10-24 01:08:14,913 - CelsiusGuardian - DEBUG - [GUARDIAN] Performing health check...
2025-10-24 01:08:14,913 - CelsiusGuardian - DEBUG - [GUARDIAN] Service OK: server_hub
2025-10-24 01:08:14,913 - CelsiusGuardian - DEBUG - [GUARDIAN] Service OK: mobile_server
2025-10-24 01:08:14,913 - CelsiusGuardian - DEBUG - [GUARDIAN] Service OK: celsius_core
2025-10-24 01:08:24,914 - CelsiusGuardian - DEBUG - [GUARDIAN] Performing health check...
2025-10-24 01:08:24,914 - CelsiusGuardian - DEBUG - [GUARDIAN] Service OK: server_hub
2025-10-24 01:08:24,914 - CelsiusGuardian - DEBUG - [GUARDIAN] Service OK: mobile_server
2025-10-24 01:08:24,914 - CelsiusGuardian - DEBUG - [GUARDIAN] Service OK: celsius_core
2025-10-24 01:08:34,915 - CelsiusGuardian - DEBUG - [GUARDIAN] Performing health check...
2025-10-24 01:08:34,915 - CelsiusGuardian - DEBUG - [GUARDIAN] Service OK: server_hub
2025-10-24 01:08:34,915 - CelsiusGuardian - DEBUG - [GUARDIAN] Service OK: mobile_server
2025-10-24 01:08:34,915 - CelsiusGuardian - DEBUG - [GUARDIAN] Service OK: celsius_core
2025-10-24 01:08:44,916 - CelsiusGuardian - DEBUG - [GUARDIAN] Performing health check...
2025-10-24 01:08:44,916 - CelsiusGuardian - DEBUG - [GUARDIAN] Service OK: server_hub
2025-10-24 01:08:44,916 - CelsiusGuardian - DEBUG - [GUARDIAN] Service OK: mobile_server
2025-10-24 01:08:44,916 - CelsiusGuardian - DEBUG - [GUARDIAN] Service OK: celsius_core
2025-10-24 01:08:54,917 - CelsiusGuardian - DEBUG - [GUARDIAN] Performing health check...
2025-10-24 01:08:54,917 - CelsiusGuardian - DEBUG - [GUARDIAN] Service OK: server_hub
2025-10-24 01:08:54,917 - CelsiusGuardian - DEBUG - [GUARDIAN] Service OK: mobile_server
2025-10-24 01:08:54,917 - CelsiusGuardian - DEBUG - [GUARDIAN] Service OK: celsius_core
2025-10-24 01:09:04,919 - CelsiusGuardian - DEBUG - [GUARDIAN] Performing health check...
2025-10-24 01:09:04,919 - CelsiusGuardian - DEBUG - [GUARDIAN] Service OK: server_hub
2025-10-24 01:09:04,919 - CelsiusGuardian - DEBUG - [GUARDIAN] Service OK: mobile_server
2025-10-24 01:09:04,919 - CelsiusGuardian - DEBUG - [GUARDIAN] Service OK: celsius_core
2025-10-24 01:09:14,920 - CelsiusGuardian - DEBUG - [GUARDIAN] Performing health check...
2025-10-24 01:09:14,920 - CelsiusGuardian - DEBUG - [GUARDIAN] Service OK: server_hub
2025-10-24 01:09:14,920 - CelsiusGuardian - DEBUG - [GUARDIAN] Service OK: mobile_server
2025-10-24 01:09:14,920 - CelsiusGuardian - DEBUG - [GUARDIAN] Service OK: celsius_core
2025-10-24 01:09:24,921 - CelsiusGuardian - DEBUG - [GUARDIAN] Performing health check...
2025-10-24 01:09:24,921 - CelsiusGuardian - DEBUG - [GUARDIAN] Service OK: server_hub
2025-10-24 01:09:24,921 - CelsiusGuardian - DEBUG - [GUARDIAN] Service OK: mobile_server
2025-10-24 01:09:24,921 - CelsiusGuardian - DEBUG - [GUARDIAN] Service OK: celsius_core
2025-10-24 01:09:34,922 - CelsiusGuardian - DEBUG - [GUARDIAN] Performing health check...
2025-10-24 01:09:34,922 - CelsiusGuardian - DEBUG - [GUARDIAN] Service OK: server_hub
2025-10-24 01:09:34,922 - CelsiusGuardian - DEBUG - [GUARDIAN] Service OK: mobile_server
2025-10-24 01:09:34,922 - CelsiusGuardian - DEBUG - [GUARDIAN] Service OK: celsius_core
2025-10-24 01:09:44,923 - CelsiusGuardian - DEBUG - [GUARDIAN] Performing health check...
2025-10-24 01:09:44,923 - CelsiusGuardian - DEBUG - [GUARDIAN] Service OK: server_hub
2025-10-24 01:09:44,923 - CelsiusGuardian - DEBUG - [GUARDIAN] Service OK: mobile_server
2025-10-24 01:09:44,923 - CelsiusGuardian - DEBUG - [GUARDIAN] Service OK: celsius_core
2025-10-24 01:09:54,925 - CelsiusGuardian - DEBUG - [GUARDIAN] Performing health check...
2025-10-24 01:09:54,925 - CelsiusGuardian - DEBUG - [GUARDIAN] Service OK: server_hub
2025-10-24 01:09:54,925 - CelsiusGuardian - DEBUG - [GUARDIAN] Service OK: mobile_server
2025-10-24 01:09:54,925 - CelsiusGuardian - DEBUG - [GUARDIAN] Service OK: celsius_core
2025-10-24 01:10:04,926 - CelsiusGuardian - DEBUG - [GUARDIAN] Performing health check...
2025-10-24 01:10:04,926 - CelsiusGuardian - DEBUG - [GUARDIAN] Service OK: server_hub
2025-10-24 01:10:04,926 - CelsiusGuardian - DEBUG - [GUARDIAN] Service OK: mobile_server
2025-10-24 01:10:04,926 - CelsiusGuardian - DEBUG - [GUARDIAN] Service OK: celsius_core
2025-10-24 01:10:14,927 - CelsiusGuardian - DEBUG - [GUARDIAN] Performing health check...
2025-10-24 01:10:14,927 - CelsiusGuardian - DEBUG - [GUARDIAN] Service OK: server_hub
2025-10-24 01:10:14,927 - CelsiusGuardian - DEBUG - [GUARDIAN] Service OK: mobile_server
2025-10-24 01:10:14,927 - CelsiusGuardian - DEBUG - [GUARDIAN] Service OK: celsius_core
2025-10-24 01:10:24,928 - CelsiusGuardian - DEBUG - [GUARDIAN] Performing health check...
2025-10-24 01:10:24,928 - CelsiusGuardian - DEBUG - [GUARDIAN] Service OK: server_hub
2025-10-24 01:10:24,928 - CelsiusGuardian - DEBUG - [GUARDIAN] Service OK: mobile_server
2025-10-24 01:10:24,928 - CelsiusGuardian - DEBUG - [GUARDIAN] Service OK: celsius_core
2025-10-24 01:10:34,929 - CelsiusGuardian - DEBUG - [GUARDIAN] Performing health check...
2025-10-24 01:10:34,929 - CelsiusGuardian - DEBUG - [GUARDIAN] Service OK: server_hub
2025-10-24 01:10:34,929 - CelsiusGuardian - DEBUG - [GUARDIAN] Service OK: mobile_server
2025-10-24 01:10:34,929 - CelsiusGuardian - DEBUG - [GUARDIAN] Service OK: celsius_core
2025-10-24 01:10:44,930 - CelsiusGuardian - DEBUG - [GUARDIAN] Performing health check...
2025-10-24 01:10:44,930 - CelsiusGuardian - DEBUG - [GUARDIAN] Service OK: server_hub
2025-10-24 01:10:44,930 - CelsiusGuardian - DEBUG - [GUARDIAN] Service OK: mobile_server
2025-10-24 01:10:44,930 - CelsiusGuardian - DEBUG - [GUARDIAN] Service OK: celsius_core
2025-10-24 01:10:54,931 - CelsiusGuardian - DEBUG - [GUARDIAN] Performing health check...
2025-10-24 01:10:54,931 - CelsiusGuardian - DEBUG - [GUARDIAN] Service OK: server_hub
2025-10-24 01:10:54,931 - CelsiusGuardian - DEBUG - [GUARDIAN] Service OK: mobile_server
2025-10-24 01:10:54,931 - CelsiusGuardian - DEBUG - [GUARDIAN] Service OK: celsius_core
2025-10-24 01:11:04,932 - CelsiusGuardian - DEBUG - [GUARDIAN] Performing health check...
2025-10-24 01:11:04,932 - CelsiusGuardian - DEBUG - [GUARDIAN] Service OK: server_hub
2025-10-24 01:11:04,932 - CelsiusGuardian - DEBUG - [GUARDIAN] Service OK: mobile_server
2025-10-24 01:11:04,932 - CelsiusGuardian - DEBUG - [GUARDIAN] Service OK: celsius_core
2025-10-24 01:11:14,933 - CelsiusGuardian - DEBUG - [GUARDIAN] Performing health check...
2025-10-24 01:11:14,933 - CelsiusGuardian - DEBUG - [GUARDIAN] Service OK: server_hub
2025-10-24 01:11:14,933 - CelsiusGuardian - DEBUG - [GUARDIAN] Service OK: mobile_server
2025-10-24 01:11:14,933 - CelsiusGuardian - DEBUG - [GUARDIAN] Service OK: celsius_core
2025-10-24 01:11:24,934 - CelsiusGuardian - DEBUG - [GUARDIAN] Performing health check...
2025-10-24 01:11:24,934 - CelsiusGuardian - DEBUG - [GUARDIAN] Service OK: server_hub
2025-10-24 01:11:24,934 - CelsiusGuardian - DEBUG - [GUARDIAN] Service OK: mobile_server
2025-10-24 01:11:24,934 - CelsiusGuardian - DEBUG - [GUARDIAN] Service OK: celsius_core
2025-10-24 01:11:34,936 - CelsiusGuardian - DEBUG - [GUARDIAN] Performing health check...
2025-10-24 01:11:34,936 - CelsiusGuardian - DEBUG - [GUARDIAN] Service OK: server_hub
2025-10-24 01:11:34,936 - CelsiusGuardian - DEBUG - [GUARDIAN] Service OK: mobile_server
2025-10-24 01:11:34,936 - CelsiusGuardian - DEBUG - [GUARDIAN] Service OK: celsius_core
2025-10-24 01:11:44,937 - CelsiusGuardian - DEBUG - [GUARDIAN] Performing health check...
2025-10-24 01:11:44,937 - CelsiusGuardian - DEBUG - [GUARDIAN] Service OK: server_hub
2025-10-24 01:11:44,937 - CelsiusGuardian - DEBUG - [GUARDIAN] Service OK: mobile_server
2025-10-24 01:11:44,937 - CelsiusGuardian - DEBUG - [GUARDIAN] Service OK: celsius_core
2025-10-24 01:11:54,938 - CelsiusGuardian - DEBUG - [GUARDIAN] Performing health check...
2025-10-24 01:11:54,938 - CelsiusGuardian - DEBUG - [GUARDIAN] Service OK: server_hub
2025-10-24 01:11:54,938 - CelsiusGuardian - DEBUG - [GUARDIAN] Service OK: mobile_server
2025-10-24 01:11:54,938 - CelsiusGuardian - DEBUG - [GUARDIAN] Service OK: celsius_core
2025-10-24 01:12:04,940 - CelsiusGuardian - DEBUG - [GUARDIAN] Performing health check...
2025-10-24 01:12:04,940 - CelsiusGuardian - DEBUG - [GUARDIAN] Service OK: server_hub
2025-10-24 01:12:04,940 - CelsiusGuardian - DEBUG - [GUARDIAN] Service OK: mobile_server
2025-10-24 01:12:04,940 - CelsiusGuardian - DEBUG - [GUARDIAN] Service OK: celsius_core
2025-10-24 01:12:14,941 - CelsiusGuardian - DEBUG - [GUARDIAN] Performing health check...
2025-10-24 01:12:14,941 - CelsiusGuardian - DEBUG - [GUARDIAN] Service OK: server_hub
2025-10-24 01:12:14,941 - CelsiusGuardian - DEBUG - [GUARDIAN] Service OK: mobile_server
2025-10-24 01:12:14,941 - CelsiusGuardian - DEBUG - [GUARDIAN] Service OK: celsius_core
2025-10-24 01:12:24,942 - CelsiusGuardian - DEBUG - [GUARDIAN] Performing health check...
2025-10-24 01:12:24,942 - CelsiusGuardian - DEBUG - [GUARDIAN] Service OK: server_hub
2025-10-24 01:12:24,942 - CelsiusGuardian - DEBUG - [GUARDIAN] Service OK: mobile_server
2025-10-24 01:12:24,942 - CelsiusGuardian - DEBUG - [GUARDIAN] Service OK: celsius_core
2025-10-24 01:12:34,943 - CelsiusGuardian - DEBUG - [GUARDIAN] Performing health check...
2025-10-24 01:12:34,943 - CelsiusGuardian - DEBUG - [GUARDIAN] Service OK: server_hub
2025-10-24 01:12:34,943 - CelsiusGuardian - DEBUG - [GUARDIAN] Service OK: mobile_server
2025-10-24 01:12:34,943 - CelsiusGuardian - DEBUG - [GUARDIAN] Service OK: celsius_core
2025-10-24 01:12:44,944 - CelsiusGuardian - DEBUG - [GUARDIAN] Performing health check...
2025-10-24 01:12:44,944 - CelsiusGuardian - DEBUG - [GUARDIAN] Service OK: server_hub
2025-10-24 01:12:44,944 - CelsiusGuardian - DEBUG - [GUARDIAN] Service OK: mobile_server
2025-10-24 01:12:44,944 - CelsiusGuardian - DEBUG - [GUARDIAN] Service OK: celsius_core
2025-10-24 01:12:54,945 - CelsiusGuardian - DEBUG - [GUARDIAN] Performing health check...
2025-10-24 01:12:54,945 - CelsiusGuardian - DEBUG - [GUARDIAN] Service OK: server_hub
2025-10-24 01:12:54,945 - CelsiusGuardian - DEBUG - [GUARDIAN] Service OK: mobile_server
2025-10-24 01:12:54,945 - CelsiusGuardian - DEBUG - [GUARDIAN] Service OK: celsius_core
2025-10-24 01:13:04,947 - CelsiusGuardian - DEBUG - [GUARDIAN] Performing health check...
2025-10-24 01:13:04,947 - CelsiusGuardian - DEBUG - [GUARDIAN] Service OK: server_hub
2025-10-24 01:13:04,947 - CelsiusGuardian - DEBUG - [GUARDIAN] Service OK: mobile_server
2025-10-24 01:13:04,947 - CelsiusGuardian - DEBUG - [GUARDIAN] Service OK: celsius_core
2025-10-24 01:13:14,948 - CelsiusGuardian - DEBUG - [GUARDIAN] Performing health check...
2025-10-24 01:13:14,948 - CelsiusGuardian - DEBUG - [GUARDIAN] Service OK: server_hub
2025-10-24 01:13:14,948 - CelsiusGuardian - DEBUG - [GUARDIAN] Service OK: mobile_server
2025-10-24 01:13:14,948 - CelsiusGuardian - DEBUG - [GUARDIAN] Service OK: celsius_core
2025-10-24 01:13:24,949 - CelsiusGuardian - DEBUG - [GUARDIAN] Performing health check...
2025-10-24 01:13:24,949 - CelsiusGuardian - DEBUG - [GUARDIAN] Service OK: server_hub
2025-10-24 01:13:24,949 - CelsiusGuardian - DEBUG - [GUARDIAN] Service OK: mobile_server
2025-10-24 01:13:24,949 - CelsiusGuardian - DEBUG - [GUARDIAN] Service OK: celsius_core
2025-10-24 01:13:34,950 - CelsiusGuardian - DEBUG - [GUARDIAN] Performing health check...
2025-10-24 01:13:34,950 - CelsiusGuardian - DEBUG - [GUARDIAN] Service OK: server_hub
2025-10-24 01:13:34,950 - CelsiusGuardian - DEBUG - [GUARDIAN] Service OK: mobile_server
2025-10-24 01:13:34,950 - CelsiusGuardian - DEBUG - [GUARDIAN] Service OK: celsius_core
2025-10-24 01:13:44,951 - CelsiusGuardian - DEBUG - [GUARDIAN] Performing health check...
2025-10-24 01:13:44,951 - CelsiusGuardian - DEBUG - [GUARDIAN] Service OK: server_hub
2025-10-24 01:13:44,951 - CelsiusGuardian - DEBUG - [GUARDIAN] Service OK: mobile_server
2025-10-24 01:13:44,951 - CelsiusGuardian - DEBUG - [GUARDIAN] Service OK: celsius_core
2025-10-24 01:13:54,952 - CelsiusGuardian - DEBUG - [GUARDIAN] Performing health check...
2025-10-24 01:13:54,952 - CelsiusGuardian - DEBUG - [GUARDIAN] Service OK: server_hub
2025-10-24 01:13:54,952 - CelsiusGuardian - DEBUG - [GUARDIAN] Service OK: mobile_server
2025-10-24 01:13:54,952 - CelsiusGuardian - DEBUG - [GUARDIAN] Service OK: celsius_core
2025-10-24 01:14:04,954 - CelsiusGuardian - DEBUG - [GUARDIAN] Performing health check...
2025-10-24 01:14:04,954 - CelsiusGuardian - DEBUG - [GUARDIAN] Service OK: server_hub
2025-10-24 01:14:04,954 - CelsiusGuardian - DEBUG - [GUARDIAN] Service OK: mobile_server
2025-10-24 01:14:04,954 - CelsiusGuardian - DEBUG - [GUARDIAN] Service OK: celsius_core
2025-10-24 01:14:14,955 - CelsiusGuardian - DEBUG - [GUARDIAN] Performing health check...
2025-10-24 01:14:14,955 - CelsiusGuardian - DEBUG - [GUARDIAN] Service OK: server_hub
2025-10-24 01:14:14,955 - CelsiusGuardian - DEBUG - [GUARDIAN] Service OK: mobile_server
2025-10-24 01:14:14,955 - CelsiusGuardian - DEBUG - [GUARDIAN] Service OK: celsius_core
2025-10-24 01:14:24,956 - CelsiusGuardian - DEBUG - [GUARDIAN] Performing health check...
2025-10-24 01:14:24,956 - CelsiusGuardian - DEBUG - [GUARDIAN] Service OK: server_hub
2025-10-24 01:14:24,956 - CelsiusGuardian - DEBUG - [GUARDIAN] Service OK: mobile_server
2025-10-24 01:14:24,956 - CelsiusGuardian - DEBUG - [GUARDIAN] Service OK: celsius_core
2025-10-24 01:14:34,957 - CelsiusGuardian - DEBUG - [GUARDIAN] Performing health check...
2025-10-24 01:14:34,957 - CelsiusGuardian - DEBUG - [GUARDIAN] Service OK: server_hub
2025-10-24 01:14:34,957 - CelsiusGuardian - DEBUG - [GUARDIAN] Service OK: mobile_server
2025-10-24 01:14:34,957 - CelsiusGuardian - DEBUG - [GUARDIAN] Service OK: celsius_core
2025-10-24 01:14:44,958 - CelsiusGuardian - DEBUG - [GUARDIAN] Performing health check...
2025-10-24 01:14:44,958 - CelsiusGuardian - DEBUG - [GUARDIAN] Service OK: server_hub
2025-10-24 01:14:44,958 - CelsiusGuardian - DEBUG - [GUARDIAN] Service OK: mobile_server
2025-10-24 01:14:44,958 - CelsiusGuardian - DEBUG - [GUARDIAN] Service OK: celsius_core
2025-10-24 01:14:54,959 - CelsiusGuardian - DEBUG - [GUARDIAN] Performing health check...
2025-10-24 01:14:54,959 - CelsiusGuardian - DEBUG - [GUARDIAN] Service OK: server_hub
2025-10-24 01:14:54,959 - CelsiusGuardian - DEBUG - [GUARDIAN] Service OK: mobile_server
2025-10-24 01:14:54,959 - CelsiusGuardian - DEBUG - [GUARDIAN] Service OK: celsius_core
2025-10-24 01:15:04,960 - CelsiusGuardian - DEBUG - [GUARDIAN] Performing health check...
2025-10-24 01:15:04,960 - CelsiusGuardian - DEBUG - [GUARDIAN] Service OK: server_hub
2025-10-24 01:15:04,960 - CelsiusGuardian - DEBUG - [GUARDIAN] Service OK: mobile_server
2025-10-24 01:15:04,960 - CelsiusGuardian - DEBUG - [GUARDIAN] Service OK: celsius_core
2025-10-24 01:15:14,962 - CelsiusGuardian - DEBUG - [GUARDIAN] Performing health check...
2025-10-24 01:15:14,962 - CelsiusGuardian - DEBUG - [GUARDIAN] Service OK: server_hub
2025-10-24 01:15:14,962 - CelsiusGuardian - DEBUG - [GUARDIAN] Service OK: mobile_server
2025-10-24 01:15:14,962 - CelsiusGuardian - DEBUG - [GUARDIAN] Service OK: celsius_core
2025-10-24 01:15:24,963 - CelsiusGuardian - DEBUG - [GUARDIAN] Performing health check...
2025-10-24 01:15:24,963 - CelsiusGuardian - DEBUG - [GUARDIAN] Service OK: server_hub
2025-10-24 01:15:24,963 - CelsiusGuardian - DEBUG - [GUARDIAN] Service OK: mobile_server
2025-10-24 01:15:24,963 - CelsiusGuardian - DEBUG - [GUARDIAN] Service OK: celsius_core
2025-10-24 01:15:34,964 - CelsiusGuardian - DEBUG - [GUARDIAN] Performing health check...
2025-10-24 01:15:34,964 - CelsiusGuardian - DEBUG - [GUARDIAN] Service OK: server_hub
2025-10-24 01:15:34,964 - CelsiusGuardian - DEBUG - [GUARDIAN] Service OK: mobile_server
2025-10-24 01:15:34,964 - CelsiusGuardian - DEBUG - [GUARDIAN] Service OK: celsius_core
2025-10-24 01:15:44,965 - CelsiusGuardian - DEBUG - [GUARDIAN] Performing health check...
2025-10-24 01:15:44,965 - CelsiusGuardian - DEBUG - [GUARDIAN] Service OK: server_hub
2025-10-24 01:15:44,965 - CelsiusGuardian - DEBUG - [GUARDIAN] Service OK: mobile_server
2025-10-24 01:15:44,965 - CelsiusGuardian - DEBUG - [GUARDIAN] Service OK: celsius_core
2025-10-24 01:15:54,966 - CelsiusGuardian - DEBUG - [GUARDIAN] Performing health check...
2025-10-24 01:15:54,966 - CelsiusGuardian - DEBUG - [GUARDIAN] Service OK: server_hub
2025-10-24 01:15:54,966 - CelsiusGuardian - DEBUG - [GUARDIAN] Service OK: mobile_server
2025-10-24 01:15:54,966 - CelsiusGuardian - DEBUG - [GUARDIAN] Service OK: celsius_core
2025-10-24 01:16:04,967 - CelsiusGuardian - DEBUG - [GUARDIAN] Performing health check...
2025-10-24 01:16:04,967 - CelsiusGuardian - DEBUG - [GUARDIAN] Service OK: server_hub
2025-10-24 01:16:04,967 - CelsiusGuardian - DEBUG - [GUARDIAN] Service OK: mobile_server
2025-10-24 01:16:04,967 - CelsiusGuardian - DEBUG - [GUARDIAN] Service OK: celsius_core
2025-10-24 01:16:14,968 - CelsiusGuardian - DEBUG - [GUARDIAN] Performing health check...
2025-10-24 01:16:14,968 - CelsiusGuardian - DEBUG - [GUARDIAN] Service OK: server_hub
2025-10-24 01:16:14,968 - CelsiusGuardian - DEBUG - [GUARDIAN] Service OK: mobile_server
2025-10-24 01:16:14,968 - CelsiusGuardian - DEBUG - [GUARDIAN] Service OK: celsius_core
2025-10-24 01:16:24,969 - CelsiusGuardian - DEBUG - [GUARDIAN] Performing health check...
2025-10-24 01:16:24,969 - CelsiusGuardian - DEBUG - [GUARDIAN] Service OK: server_hub
2025-10-24 01:16:24,969 - CelsiusGuardian - DEBUG - [GUARDIAN] Service OK: mobile_server
2025-10-24 01:16:24,969 - CelsiusGuardian - DEBUG - [GUARDIAN] Service OK: celsius_core
2025-10-24 01:16:34,970 - CelsiusGuardian - DEBUG - [GUARDIAN] Performing health check...
2025-10-24 01:16:34,970 - CelsiusGuardian - DEBUG - [GUARDIAN] Service OK: server_hub
2025-10-24 01:16:34,970 - CelsiusGuardian - DEBUG - [GUARDIAN] Service OK: mobile_server
2025-10-24 01:16:34,970 - CelsiusGuardian - DEBUG - [GUARDIAN] Service OK: celsius_core
2025-10-24 01:16:44,972 - CelsiusGuardian - DEBUG - [GUARDIAN] Performing health check...
2025-10-24 01:16:44,972 - CelsiusGuardian - DEBUG - [GUARDIAN] Service OK: server_hub
2025-10-24 01:16:44,972 - CelsiusGuardian - DEBUG - [GUARDIAN] Service OK: mobile_server
2025-10-24 01:16:44,972 - CelsiusGuardian - DEBUG - [GUARDIAN] Service OK: celsius_core
2025-10-24 01:16:54,973 - CelsiusGuardian - DEBUG - [GUARDIAN] Performing health check...
2025-10-24 01:16:54,973 - CelsiusGuardian - DEBUG - [GUARDIAN] Service OK: server_hub
2025-10-24 01:16:54,973 - CelsiusGuardian - DEBUG - [GUARDIAN] Service OK: mobile_server
2025-10-24 01:16:54,973 - CelsiusGuardian - DEBUG - [GUARDIAN] Service OK: celsius_core
2025-10-24 01:17:04,974 - CelsiusGuardian - DEBUG - [GUARDIAN] Performing health check...
2025-10-24 01:17:04,974 - CelsiusGuardian - DEBUG - [GUARDIAN] Service OK: server_hub
2025-10-24 01:17:04,974 - CelsiusGuardian - DEBUG - [GUARDIAN] Service OK: mobile_server
2025-10-24 01:17:04,974 - CelsiusGuardian - DEBUG - [GUARDIAN] Service OK: celsius_core
2025-10-24 01:17:14,975 - CelsiusGuardian - DEBUG - [GUARDIAN] Performing health check...
2025-10-24 01:17:14,975 - CelsiusGuardian - DEBUG - [GUARDIAN] Service OK: server_hub
2025-10-24 01:17:14,975 - CelsiusGuardian - DEBUG - [GUARDIAN] Service OK: mobile_server
2025-10-24 01:17:14,975 - CelsiusGuardian - DEBUG - [GUARDIAN] Service OK: celsius_core
2025-10-24 01:17:24,976 - CelsiusGuardian - DEBUG - [GUARDIAN] Performing health check...
2025-10-24 01:17:24,976 - CelsiusGuardian - DEBUG - [GUARDIAN] Service OK: server_hub
2025-10-24 01:17:24,976 - CelsiusGuardian - DEBUG - [GUARDIAN] Service OK: mobile_server
2025-10-24 01:17:24,977 - CelsiusGuardian - DEBUG - [GUARDIAN] Service OK: celsius_core
2025-10-24 01:17:34,977 - CelsiusGuardian - DEBUG - [GUARDIAN] Performing health check...
2025-10-24 01:17:34,977 - CelsiusGuardian - DEBUG - [GUARDIAN] Service OK: server_hub
2025-10-24 01:17:34,977 - CelsiusGuardian - DEBUG - [GUARDIAN] Service OK: mobile_server
2025-10-24 01:17:34,977 - CelsiusGuardian - DEBUG - [GUARDIAN] Service OK: celsius_core
2025-10-24 01:17:44,979 - CelsiusGuardian - DEBUG - [GUARDIAN] Performing health check...
2025-10-24 01:17:44,979 - CelsiusGuardian - DEBUG - [GUARDIAN] Service OK: server_hub
2025-10-24 01:17:44,979 - CelsiusGuardian - DEBUG - [GUARDIAN] Service OK: mobile_server
2025-10-24 01:17:44,979 - CelsiusGuardian - DEBUG - [GUARDIAN] Service OK: celsius_core
2025-10-24 01:17:54,980 - CelsiusGuardian - DEBUG - [GUARDIAN] Performing health check...
2025-10-24 01:17:54,980 - CelsiusGuardian - DEBUG - [GUARDIAN] Service OK: server_hub
2025-10-24 01:17:54,980 - CelsiusGuardian - DEBUG - [GUARDIAN] Service OK: mobile_server
2025-10-24 01:17:54,980 - CelsiusGuardian - DEBUG - [GUARDIAN] Service OK: celsius_core
2025-10-24 01:18:04,981 - CelsiusGuardian - DEBUG - [GUARDIAN] Performing health check...
2025-10-24 01:18:04,981 - CelsiusGuardian - DEBUG - [GUARDIAN] Service OK: server_hub
2025-10-24 01:18:04,981 - CelsiusGuardian - DEBUG - [GUARDIAN] Service OK: mobile_server
2025-10-24 01:18:04,981 - CelsiusGuardian - DEBUG - [GUARDIAN] Service OK: celsius_core
2025-10-24 01:18:14,982 - CelsiusGuardian - DEBUG - [GUARDIAN] Performing health check...
2025-10-24 01:18:14,982 - CelsiusGuardian - DEBUG - [GUARDIAN] Service OK: server_hub
2025-10-24 01:18:14,982 - CelsiusGuardian - DEBUG - [GUARDIAN] Service OK: mobile_server
2025-10-24 01:18:14,982 - CelsiusGuardian - DEBUG - [GUARDIAN] Service OK: celsius_core
2025-10-24 01:18:24,983 - CelsiusGuardian - DEBUG - [GUARDIAN] Performing health check...
2025-10-24 01:18:24,983 - CelsiusGuardian - DEBUG - [GUARDIAN] Service OK: server_hub
2025-10-24 01:18:24,983 - CelsiusGuardian - DEBUG - [GUARDIAN] Service OK: mobile_server
2025-10-24 01:18:24,983 - CelsiusGuardian - DEBUG - [GUARDIAN] Service OK: celsius_core
2025-10-24 01:18:34,984 - CelsiusGuardian - DEBUG - [GUARDIAN] Performing health check...
2025-10-24 01:18:34,984 - CelsiusGuardian - DEBUG - [GUARDIAN] Service OK: server_hub
2025-10-24 01:18:34,984 - CelsiusGuardian - DEBUG - [GUARDIAN] Service OK: mobile_server
2025-10-24 01:18:34,984 - CelsiusGuardian - DEBUG - [GUARDIAN] Service OK: celsius_core
2025-10-24 01:18:44,985 - CelsiusGuardian - DEBUG - [GUARDIAN] Performing health check...
2025-10-24 01:18:44,985 - CelsiusGuardian - DEBUG - [GUARDIAN] Service OK: server_hub
2025-10-24 01:18:44,985 - CelsiusGuardian - DEBUG - [GUARDIAN] Service OK: mobile_server
2025-10-24 01:18:44,985 - CelsiusGuardian - DEBUG - [GUARDIAN] Service OK: celsius_core
2025-10-24 01:18:54,987 - CelsiusGuardian - DEBUG - [GUARDIAN] Performing health check...
2025-10-24 01:18:54,987 - CelsiusGuardian - DEBUG - [GUARDIAN] Service OK: server_hub
2025-10-24 01:18:54,987 - CelsiusGuardian - DEBUG - [GUARDIAN] Service OK: mobile_server
2025-10-24 01:18:54,987 - CelsiusGuardian - DEBUG - [GUARDIAN] Service OK: celsius_core
2025-10-24 01:19:04,988 - CelsiusGuardian - DEBUG - [GUARDIAN] Performing health check...
2025-10-24 01:19:04,988 - CelsiusGuardian - DEBUG - [GUARDIAN] Service OK: server_hub
2025-10-24 01:19:04,988 - CelsiusGuardian - DEBUG - [GUARDIAN] Service OK: mobile_server
2025-10-24 01:19:04,988 - CelsiusGuardian - DEBUG - [GUARDIAN] Service OK: celsius_core
2025-10-24 01:19:14,989 - CelsiusGuardian - DEBUG - [GUARDIAN] Performing health check...
2025-10-24 01:19:14,989 - CelsiusGuardian - DEBUG - [GUARDIAN] Service OK: server_hub
2025-10-24 01:19:14,989 - CelsiusGuardian - DEBUG - [GUARDIAN] Service OK: mobile_server
2025-10-24 01:19:14,989 - CelsiusGuardian - DEBUG - [GUARDIAN] Service OK: celsius_core
2025-10-24 01:19:24,990 - CelsiusGuardian - DEBUG - [GUARDIAN] Performing health check...
2025-10-24 01:19:24,990 - CelsiusGuardian - DEBUG - [GUARDIAN] Service OK: server_hub
2025-10-24 01:19:24,990 - CelsiusGuardian - DEBUG - [GUARDIAN] Service OK: mobile_server
2025-10-24 01:19:24,990 - CelsiusGuardian - DEBUG - [GUARDIAN] Service OK: celsius_core
2025-10-24 01:19:34,991 - CelsiusGuardian - DEBUG - [GUARDIAN] Performing health check...
2025-10-24 01:19:34,991 - CelsiusGuardian - DEBUG - [GUARDIAN] Service OK: server_hub
2025-10-24 01:19:34,991 - CelsiusGuardian - DEBUG - [GUARDIAN] Service OK: mobile_server
2025-10-24 01:19:34,991 - CelsiusGuardian - DEBUG - [GUARDIAN] Service OK: celsius_core
2025-10-24 01:19:44,992 - CelsiusGuardian - DEBUG - [GUARDIAN] Performing health check...
2025-10-24 01:19:44,992 - CelsiusGuardian - DEBUG - [GUARDIAN] Service OK: server_hub
2025-10-24 01:19:44,992 - CelsiusGuardian - DEBUG - [GUARDIAN] Service OK: mobile_server
2025-10-24 01:19:44,992 - CelsiusGuardian - DEBUG - [GUARDIAN] Service OK: celsius_core
2025-10-24 01:19:54,993 - CelsiusGuardian - DEBUG - [GUARDIAN] Performing health check...
2025-10-24 01:19:54,993 - CelsiusGuardian - DEBUG - [GUARDIAN] Service OK: server_hub
2025-10-24 01:19:54,993 - CelsiusGuardian - DEBUG - [GUARDIAN] Service OK: mobile_server
2025-10-24 01:19:54,993 - CelsiusGuardian - DEBUG - [GUARDIAN] Service OK: celsius_core
2025-10-24 01:20:04,994 - CelsiusGuardian - DEBUG - [GUARDIAN] Performing health check...
2025-10-24 01:20:04,994 - CelsiusGuardian - DEBUG - [GUARDIAN] Service OK: server_hub
2025-10-24 01:20:04,994 - CelsiusGuardian - DEBUG - [GUARDIAN] Service OK: mobile_server
2025-10-24 01:20:04,994 - CelsiusGuardian - DEBUG - [GUARDIAN] Service OK: celsius_core
2025-10-24 01:20:14,996 - CelsiusGuardian - DEBUG - [GUARDIAN] Performing health check...
2025-10-24 01:20:14,996 - CelsiusGuardian - DEBUG - [GUARDIAN] Service OK: server_hub
2025-10-24 01:20:14,996 - CelsiusGuardian - DEBUG - [GUARDIAN] Service OK: mobile_server
2025-10-24 01:20:14,996 - CelsiusGuardian - DEBUG - [GUARDIAN] Service OK: celsius_core
2025-10-24 01:20:24,997 - CelsiusGuardian - DEBUG - [GUARDIAN] Performing health check...
2025-10-24 01:20:24,997 - CelsiusGuardian - DEBUG - [GUARDIAN] Service OK: server_hub
2025-10-24 01:20:24,997 - CelsiusGuardian - DEBUG - [GUARDIAN] Service OK: mobile_server
2025-10-24 01:20:24,997 - CelsiusGuardian - DEBUG - [GUARDIAN] Service OK: celsius_core
2025-10-24 01:20:34,998 - CelsiusGuardian - DEBUG - [GUARDIAN] Performing health check...
2025-10-24 01:20:34,998 - CelsiusGuardian - DEBUG - [GUARDIAN] Service OK: server_hub
2025-10-24 01:20:34,998 - CelsiusGuardian - DEBUG - [GUARDIAN] Service OK: mobile_server
2025-10-24 01:20:34,998 - CelsiusGuardian - DEBUG - [GUARDIAN] Service OK: celsius_core
2025-10-24 01:20:44,999 - CelsiusGuardian - DEBUG - [GUARDIAN] Performing health check...
2025-10-24 01:20:44,999 - CelsiusGuardian - DEBUG - [GUARDIAN] Service OK: server_hub
2025-10-24 01:20:44,999 - CelsiusGuardian - DEBUG - [GUARDIAN] Service OK: mobile_server
2025-10-24 01:20:44,999 - CelsiusGuardian - DEBUG - [GUARDIAN] Service OK: celsius_core
2025-10-24 01:20:55,000 - CelsiusGuardian - DEBUG - [GUARDIAN] Performing health check...
2025-10-24 01:20:55,000 - CelsiusGuardian - DEBUG - [GUARDIAN] Service OK: server_hub
2025-10-24 01:20:55,000 - CelsiusGuardian - DEBUG - [GUARDIAN] Service OK: mobile_server
2025-10-24 01:20:55,000 - CelsiusGuardian - DEBUG - [GUARDIAN] Service OK: celsius_core
2025-10-24 01:21:05,001 - CelsiusGuardian - DEBUG - [GUARDIAN] Performing health check...
2025-10-24 01:21:05,001 - CelsiusGuardian - DEBUG - [GUARDIAN] Service OK: server_hub
2025-10-24 01:21:05,001 - CelsiusGuardian - DEBUG - [GUARDIAN] Service OK: mobile_server
2025-10-24 01:21:05,001 - CelsiusGuardian - DEBUG - [GUARDIAN] Service OK: celsius_core
2025-10-24 01:21:15,002 - CelsiusGuardian - DEBUG - [GUARDIAN] Performing health check...
2025-10-24 01:21:15,002 - CelsiusGuardian - DEBUG - [GUARDIAN] Service OK: server_hub
2025-10-24 01:21:15,002 - CelsiusGuardian - DEBUG - [GUARDIAN] Service OK: mobile_server
2025-10-24 01:21:15,002 - CelsiusGuardian - DEBUG - [GUARDIAN] Service OK: celsius_core
2025-10-24 01:21:25,004 - CelsiusGuardian - DEBUG - [GUARDIAN] Performing health check...
2025-10-24 01:21:25,004 - CelsiusGuardian - DEBUG - [GUARDIAN] Service OK: server_hub
2025-10-24 01:21:25,004 - CelsiusGuardian - DEBUG - [GUARDIAN] Service OK: mobile_server
2025-10-24 01:21:25,004 - CelsiusGuardian - DEBUG - [GUARDIAN] Service OK: celsius_core
2025-10-24 01:21:35,004 - CelsiusGuardian - DEBUG - [GUARDIAN] Performing health check...
2025-10-24 01:21:35,004 - CelsiusGuardian - DEBUG - [GUARDIAN] Service OK: server_hub
2025-10-24 01:21:35,004 - CelsiusGuardian - DEBUG - [GUARDIAN] Service OK: mobile_server
2025-10-24 01:21:35,004 - CelsiusGuardian - DEBUG - [GUARDIAN] Service OK: celsius_core
2025-10-24 01:21:45,006 - CelsiusGuardian - DEBUG - [GUARDIAN] Performing health check...
2025-10-24 01:21:45,006 - CelsiusGuardian - DEBUG - [GUARDIAN] Service OK: server_hub
2025-10-24 01:21:45,006 - CelsiusGuardian - DEBUG - [GUARDIAN] Service OK: mobile_server
2025-10-24 01:21:45,006 - CelsiusGuardian - DEBUG - [GUARDIAN] Service OK: celsius_core
2025-10-24 01:21:55,007 - CelsiusGuardian - DEBUG - [GUARDIAN] Performing health check...
2025-10-24 01:21:55,007 - CelsiusGuardian - DEBUG - [GUARDIAN] Service OK: server_hub
2025-10-24 01:21:55,007 - CelsiusGuardian - DEBUG - [GUARDIAN] Service OK: mobile_server
2025-10-24 01:21:55,007 - CelsiusGuardian - DEBUG - [GUARDIAN] Service OK: celsius_core
2025-10-24 01:22:05,008 - CelsiusGuardian - DEBUG - [GUARDIAN] Performing health check...
2025-10-24 01:22:05,008 - CelsiusGuardian - DEBUG - [GUARDIAN] Service OK: server_hub
2025-10-24 01:22:05,008 - CelsiusGuardian - DEBUG - [GUARDIAN] Service OK: mobile_server
2025-10-24 01:22:05,008 - CelsiusGuardian - DEBUG - [GUARDIAN] Service OK: celsius_core
2025-10-24 01:22:15,009 - CelsiusGuardian - DEBUG - [GUARDIAN] Performing health check...
2025-10-24 01:22:15,009 - CelsiusGuardian - DEBUG - [GUARDIAN] Service OK: server_hub
2025-10-24 01:22:15,009 - CelsiusGuardian - DEBUG - [GUARDIAN] Service OK: mobile_server
2025-10-24 01:22:15,009 - CelsiusGuardian - DEBUG - [GUARDIAN] Service OK: celsius_core
2025-10-24 01:22:25,010 - CelsiusGuardian - DEBUG - [GUARDIAN] Performing health check...
2025-10-24 01:22:25,010 - CelsiusGuardian - DEBUG - [GUARDIAN] Service OK: server_hub
2025-10-24 01:22:25,010 - CelsiusGuardian - DEBUG - [GUARDIAN] Service OK: mobile_server
2025-10-24 01:22:25,010 - CelsiusGuardian - DEBUG - [GUARDIAN] Service OK: celsius_core
2025-10-24 01:22:35,011 - CelsiusGuardian - DEBUG - [GUARDIAN] Performing health check...
2025-10-24 01:22:35,011 - CelsiusGuardian - DEBUG - [GUARDIAN] Service OK: server_hub
2025-10-24 01:22:35,011 - CelsiusGuardian - DEBUG - [GUARDIAN] Service OK: mobile_server
2025-10-24 01:22:35,011 - CelsiusGuardian - DEBUG - [GUARDIAN] Service OK: celsius_core
2025-10-24 01:22:45,012 - CelsiusGuardian - DEBUG - [GUARDIAN] Performing health check...
2025-10-24 01:22:45,012 - CelsiusGuardian - DEBUG - [GUARDIAN] Service OK: server_hub
2025-10-24 01:22:45,012 - CelsiusGuardian - DEBUG - [GUARDIAN] Service OK: mobile_server
2025-10-24 01:22:45,012 - CelsiusGuardian - DEBUG - [GUARDIAN] Service OK: celsius_core
2025-10-24 01:22:55,013 - CelsiusGuardian - DEBUG - [GUARDIAN] Performing health check...
2025-10-24 01:22:55,013 - CelsiusGuardian - DEBUG - [GUARDIAN] Service OK: server_hub
2025-10-24 01:22:55,013 - CelsiusGuardian - DEBUG - [GUARDIAN] Service OK: mobile_server
2025-10-24 01:22:55,013 - CelsiusGuardian - DEBUG - [GUARDIAN] Service OK: celsius_core
2025-10-24 01:23:05,014 - CelsiusGuardian - DEBUG - [GUARDIAN] Performing health check...
2025-10-24 01:23:05,014 - CelsiusGuardian - DEBUG - [GUARDIAN] Service OK: server_hub
2025-10-24 01:23:05,014 - CelsiusGuardian - DEBUG - [GUARDIAN] Service OK: mobile_server
2025-10-24 01:23:05,014 - CelsiusGuardian - DEBUG - [GUARDIAN] Service OK: celsius_core
2025-10-24 01:23:15,015 - CelsiusGuardian - DEBUG - [GUARDIAN] Performing health check...
2025-10-24 01:23:15,015 - CelsiusGuardian - DEBUG - [GUARDIAN] Service OK: server_hub
2025-10-24 01:23:15,015 - CelsiusGuardian - DEBUG - [GUARDIAN] Service OK: mobile_server
2025-10-24 01:23:15,015 - CelsiusGuardian - DEBUG - [GUARDIAN] Service OK: celsius_core
2025-10-24 01:23:25,017 - CelsiusGuardian - DEBUG - [GUARDIAN] Performing health check...
2025-10-24 01:23:25,017 - CelsiusGuardian - DEBUG - [GUARDIAN] Service OK: server_hub
2025-10-24 01:23:25,017 - CelsiusGuardian - DEBUG - [GUARDIAN] Service OK: mobile_server
2025-10-24 01:23:25,017 - CelsiusGuardian - DEBUG - [GUARDIAN] Service OK: celsius_core
2025-10-24 01:23:35,018 - CelsiusGuardian - DEBUG - [GUARDIAN] Performing health check...
2025-10-24 01:23:35,018 - CelsiusGuardian - DEBUG - [GUARDIAN] Service OK: server_hub
2025-10-24 01:23:35,018 - CelsiusGuardian - DEBUG - [GUARDIAN] Service OK: mobile_server
2025-10-24 01:23:35,018 - CelsiusGuardian - DEBUG - [GUARDIAN] Service OK: celsius_core
2025-10-24 01:23:45,019 - CelsiusGuardian - DEBUG - [GUARDIAN] Performing health check...
2025-10-24 01:23:45,019 - CelsiusGuardian - DEBUG - [GUARDIAN] Service OK: server_hub
2025-10-24 01:23:45,019 - CelsiusGuardian - DEBUG - [GUARDIAN] Service OK: mobile_server
2025-10-24 01:23:45,019 - CelsiusGuardian - DEBUG - [GUARDIAN] Service OK: celsius_core
2025-10-24 01:23:55,020 - CelsiusGuardian - DEBUG - [GUARDIAN] Performing health check...
2025-10-24 01:23:55,020 - CelsiusGuardian - DEBUG - [GUARDIAN] Service OK: server_hub
2025-10-24 01:23:55,020 - CelsiusGuardian - DEBUG - [GUARDIAN] Service OK: mobile_server
2025-10-24 01:23:55,020 - CelsiusGuardian - DEBUG - [GUARDIAN] Service OK: celsius_core
2025-10-24 01:24:05,021 - CelsiusGuardian - DEBUG - [GUARDIAN] Performing health check...
2025-10-24 01:24:05,021 - CelsiusGuardian - DEBUG - [GUARDIAN] Service OK: server_hub
2025-10-24 01:24:05,021 - CelsiusGuardian - DEBUG - [GUARDIAN] Service OK: mobile_server
2025-10-24 01:24:05,021 - CelsiusGuardian - DEBUG - [GUARDIAN] Service OK: celsius_core
2025-10-24 01:24:15,022 - CelsiusGuardian - DEBUG - [GUARDIAN] Performing health check...
2025-10-24 01:24:15,022 - CelsiusGuardian - DEBUG - [GUARDIAN] Service OK: server_hub
2025-10-24 01:24:15,022 - CelsiusGuardian - DEBUG - [GUARDIAN] Service OK: mobile_server
2025-10-24 01:24:15,022 - CelsiusGuardian - DEBUG - [GUARDIAN] Service OK: celsius_core
2025-10-24 01:24:25,023 - CelsiusGuardian - DEBUG - [GUARDIAN] Performing health check...
2025-10-24 01:24:25,023 - CelsiusGuardian - DEBUG - [GUARDIAN] Service OK: server_hub
2025-10-24 01:24:25,023 - CelsiusGuardian - DEBUG - [GUARDIAN] Service OK: mobile_server
2025-10-24 01:24:25,023 - CelsiusGuardian - DEBUG - [GUARDIAN] Service OK: celsius_core
2025-10-24 01:24:35,024 - CelsiusGuardian - DEBUG - [GUARDIAN] Performing health check...
2025-10-24 01:24:35,024 - CelsiusGuardian - DEBUG - [GUARDIAN] Service OK: server_hub
2025-10-24 01:24:35,024 - CelsiusGuardian - DEBUG - [GUARDIAN] Service OK: mobile_server
2025-10-24 01:24:35,024 - CelsiusGuardian - DEBUG - [GUARDIAN] Service OK: celsius_core
2025-10-24 01:24:45,025 - CelsiusGuardian - DEBUG - [GUARDIAN] Performing health check...
2025-10-24 01:24:45,025 - CelsiusGuardian - DEBUG - [GUARDIAN] Service OK: server_hub
2025-10-24 01:24:45,025 - CelsiusGuardian - DEBUG - [GUARDIAN] Service OK: mobile_server
2025-10-24 01:24:45,025 - CelsiusGuardian - DEBUG - [GUARDIAN] Service OK: celsius_core
2025-10-24 01:24:55,026 - CelsiusGuardian - DEBUG - [GUARDIAN] Performing health check...
2025-10-24 01:24:55,026 - CelsiusGuardian - DEBUG - [GUARDIAN] Service OK: server_hub
2025-10-24 01:24:55,026 - CelsiusGuardian - DEBUG - [GUARDIAN] Service OK: mobile_server
2025-10-24 01:24:55,026 - CelsiusGuardian - DEBUG - [GUARDIAN] Service OK: celsius_core
2025-10-24 01:25:05,027 - CelsiusGuardian - DEBUG - [GUARDIAN] Performing health check...
2025-10-24 01:25:05,027 - CelsiusGuardian - DEBUG - [GUARDIAN] Service OK: server_hub
2025-10-24 01:25:05,027 - CelsiusGuardian - DEBUG - [GUARDIAN] Service OK: mobile_server
2025-10-24 01:25:05,027 - CelsiusGuardian - DEBUG - [GUARDIAN] Service OK: celsius_core
2025-10-24 01:25:15,028 - CelsiusGuardian - DEBUG - [GUARDIAN] Performing health check...
2025-10-24 01:25:15,028 - CelsiusGuardian - DEBUG - [GUARDIAN] Service OK: server_hub
2025-10-24 01:25:15,028 - CelsiusGuardian - DEBUG - [GUARDIAN] Service OK: mobile_server
2025-10-24 01:25:15,028 - CelsiusGuardian - DEBUG - [GUARDIAN] Service OK: celsius_core
2025-10-24 01:25:25,029 - CelsiusGuardian - DEBUG - [GUARDIAN] Performing health check...
2025-10-24 01:25:25,029 - CelsiusGuardian - DEBUG - [GUARDIAN] Service OK: server_hub
2025-10-24 01:25:25,029 - CelsiusGuardian - DEBUG - [GUARDIAN] Service OK: mobile_server
2025-10-24 01:25:25,029 - CelsiusGuardian - DEBUG - [GUARDIAN] Service OK: celsius_core
2025-10-24 01:25:35,030 - CelsiusGuardian - DEBUG - [GUARDIAN] Performing health check...
2025-10-24 01:25:35,030 - CelsiusGuardian - DEBUG - [GUARDIAN] Service OK: server_hub
2025-10-24 01:25:35,030 - CelsiusGuardian - DEBUG - [GUARDIAN] Service OK: mobile_server
2025-10-24 01:25:35,030 - CelsiusGuardian - DEBUG - [GUARDIAN] Service OK: celsius_core
2025-10-24 01:25:45,031 - CelsiusGuardian - DEBUG - [GUARDIAN] Performing health check...
2025-10-24 01:25:45,031 - CelsiusGuardian - DEBUG - [GUARDIAN] Service OK: server_hub
2025-10-24 01:25:45,031 - CelsiusGuardian - DEBUG - [GUARDIAN] Service OK: mobile_server
2025-10-24 01:25:45,031 - CelsiusGuardian - DEBUG - [GUARDIAN] Service OK: celsius_core
2025-10-24 01:25:55,033 - CelsiusGuardian - DEBUG - [GUARDIAN] Performing health check...
2025-10-24 01:25:55,033 - CelsiusGuardian - DEBUG - [GUARDIAN] Service OK: server_hub
2025-10-24 01:25:55,033 - CelsiusGuardian - DEBUG - [GUARDIAN] Service OK: mobile_server
2025-10-24 01:25:55,033 - CelsiusGuardian - DEBUG - [GUARDIAN] Service OK: celsius_core
2025-10-24 01:26:05,034 - CelsiusGuardian - DEBUG - [GUARDIAN] Performing health check...
2025-10-24 01:26:05,034 - CelsiusGuardian - DEBUG - [GUARDIAN] Service OK: server_hub
2025-10-24 01:26:05,034 - CelsiusGuardian - DEBUG - [GUARDIAN] Service OK: mobile_server
2025-10-24 01:26:05,034 - CelsiusGuardian - DEBUG - [GUARDIAN] Service OK: celsius_core
2025-10-24 01:26:15,035 - CelsiusGuardian - DEBUG - [GUARDIAN] Performing health check...
2025-10-24 01:26:15,035 - CelsiusGuardian - DEBUG - [GUARDIAN] Service OK: server_hub
2025-10-24 01:26:15,035 - CelsiusGuardian - DEBUG - [GUARDIAN] Service OK: mobile_server
2025-10-24 01:26:15,035 - CelsiusGuardian - DEBUG - [GUARDIAN] Service OK: celsius_core
2025-10-24 01:26:25,036 - CelsiusGuardian - DEBUG - [GUARDIAN] Performing health check...
2025-10-24 01:26:25,036 - CelsiusGuardian - DEBUG - [GUARDIAN] Service OK: server_hub
2025-10-24 01:26:25,036 - CelsiusGuardian - DEBUG - [GUARDIAN] Service OK: mobile_server
2025-10-24 01:26:25,036 - CelsiusGuardian - DEBUG - [GUARDIAN] Service OK: celsius_core
2025-10-24 01:26:35,037 - CelsiusGuardian - DEBUG - [GUARDIAN] Performing health check...
2025-10-24 01:26:35,037 - CelsiusGuardian - DEBUG - [GUARDIAN] Service OK: server_hub
2025-10-24 01:26:35,037 - CelsiusGuardian - DEBUG - [GUARDIAN] Service OK: mobile_server
2025-10-24 01:26:35,037 - CelsiusGuardian - DEBUG - [GUARDIAN] Service OK: celsius_core
2025-10-24 01:26:45,038 - CelsiusGuardian - DEBUG - [GUARDIAN] Performing health check...
2025-10-24 01:26:45,038 - CelsiusGuardian - DEBUG - [GUARDIAN] Service OK: server_hub
2025-10-24 01:26:45,038 - CelsiusGuardian - DEBUG - [GUARDIAN] Service OK: mobile_server
2025-10-24 01:26:45,038 - CelsiusGuardian - DEBUG - [GUARDIAN] Service OK: celsius_core
2025-10-24 01:26:55,039 - CelsiusGuardian - DEBUG - [GUARDIAN] Performing health check...
2025-10-24 01:26:55,039 - CelsiusGuardian - DEBUG - [GUARDIAN] Service OK: server_hub
2025-10-24 01:26:55,039 - CelsiusGuardian - DEBUG - [GUARDIAN] Service OK: mobile_server
2025-10-24 01:26:55,039 - CelsiusGuardian - DEBUG - [GUARDIAN] Service OK: celsius_core
2025-10-24 01:27:05,040 - CelsiusGuardian - DEBUG - [GUARDIAN] Performing health check...
2025-10-24 01:27:05,040 - CelsiusGuardian - DEBUG - [GUARDIAN] Service OK: server_hub
2025-10-24 01:27:05,040 - CelsiusGuardian - DEBUG - [GUARDIAN] Service OK: mobile_server
2025-10-24 01:27:05,040 - CelsiusGuardian - DEBUG - [GUARDIAN] Service OK: celsius_core
2025-10-24 01:27:15,041 - CelsiusGuardian - DEBUG - [GUARDIAN] Performing health check...
2025-10-24 01:27:15,041 - CelsiusGuardian - DEBUG - [GUARDIAN] Service OK: server_hub
2025-10-24 01:27:15,041 - CelsiusGuardian - DEBUG - [GUARDIAN] Service OK: mobile_server
2025-10-24 01:27:15,041 - CelsiusGuardian - DEBUG - [GUARDIAN] Service OK: celsius_core
2025-10-24 01:27:25,042 - CelsiusGuardian - DEBUG - [GUARDIAN] Performing health check...
2025-10-24 01:27:25,042 - CelsiusGuardian - DEBUG - [GUARDIAN] Service OK: server_hub
2025-10-24 01:27:25,042 - CelsiusGuardian - DEBUG - [GUARDIAN] Service OK: mobile_server
2025-10-24 01:27:25,042 - CelsiusGuardian - DEBUG - [GUARDIAN] Service OK: celsius_core
2025-10-24 01:27:35,044 - CelsiusGuardian - DEBUG - [GUARDIAN] Performing health check...
2025-10-24 01:27:35,044 - CelsiusGuardian - DEBUG - [GUARDIAN] Service OK: server_hub
2025-10-24 01:27:35,044 - CelsiusGuardian - DEBUG - [GUARDIAN] Service OK: mobile_server
2025-10-24 01:27:35,044 - CelsiusGuardian - DEBUG - [GUARDIAN] Service OK: celsius_core
2025-10-24 01:27:45,045 - CelsiusGuardian - DEBUG - [GUARDIAN] Performing health check...
2025-10-24 01:27:45,045 - CelsiusGuardian - DEBUG - [GUARDIAN] Service OK: server_hub
2025-10-24 01:27:45,045 - CelsiusGuardian - DEBUG - [GUARDIAN] Service OK: mobile_server
2025-10-24 01:27:45,045 - CelsiusGuardian - DEBUG - [GUARDIAN] Service OK: celsius_core
2025-10-24 01:27:55,046 - CelsiusGuardian - DEBUG - [GUARDIAN] Performing health check...
2025-10-24 01:27:55,046 - CelsiusGuardian - DEBUG - [GUARDIAN] Service OK: server_hub
2025-10-24 01:27:55,046 - CelsiusGuardian - DEBUG - [GUARDIAN] Service OK: mobile_server
2025-10-24 01:27:55,046 - CelsiusGuardian - DEBUG - [GUARDIAN] Service OK: celsius_core
2025-10-24 01:28:05,047 - CelsiusGuardian - DEBUG - [GUARDIAN] Performing health check...
2025-10-24 01:28:05,047 - CelsiusGuardian - DEBUG - [GUARDIAN] Service OK: server_hub
2025-10-24 01:28:05,047 - CelsiusGuardian - DEBUG - [GUARDIAN] Service OK: mobile_server
2025-10-24 01:28:05,047 - CelsiusGuardian - DEBUG - [GUARDIAN] Service OK: celsius_core
2025-10-24 01:28:15,048 - CelsiusGuardian - DEBUG - [GUARDIAN] Performing health check...
2025-10-24 01:28:15,048 - CelsiusGuardian - DEBUG - [GUARDIAN] Service OK: server_hub
2025-10-24 01:28:15,048 - CelsiusGuardian - DEBUG - [GUARDIAN] Service OK: mobile_server
2025-10-24 01:28:15,048 - CelsiusGuardian - DEBUG - [GUARDIAN] Service OK: celsius_core
2025-10-24 01:28:25,049 - CelsiusGuardian - DEBUG - [GUARDIAN] Performing health check...
2025-10-24 01:28:25,049 - CelsiusGuardian - DEBUG - [GUARDIAN] Service OK: server_hub
2025-10-24 01:28:25,049 - CelsiusGuardian - DEBUG - [GUARDIAN] Service OK: mobile_server
2025-10-24 01:28:25,049 - CelsiusGuardian - DEBUG - [GUARDIAN] Service OK: celsius_core
2025-10-24 01:28:35,050 - CelsiusGuardian - DEBUG - [GUARDIAN] Performing health check...
2025-10-24 01:28:35,050 - CelsiusGuardian - DEBUG - [GUARDIAN] Service OK: server_hub
2025-10-24 01:28:35,050 - CelsiusGuardian - DEBUG - [GUARDIAN] Service OK: mobile_server
2025-10-24 01:28:35,050 - CelsiusGuardian - DEBUG - [GUARDIAN] Service OK: celsius_core
2025-10-24 01:28:45,051 - CelsiusGuardian - DEBUG - [GUARDIAN] Performing health check...
2025-10-24 01:28:45,051 - CelsiusGuardian - DEBUG - [GUARDIAN] Service OK: server_hub
2025-10-24 01:28:45,051 - CelsiusGuardian - DEBUG - [GUARDIAN] Service OK: mobile_server
2025-10-24 01:28:45,051 - CelsiusGuardian - DEBUG - [GUARDIAN] Service OK: celsius_core
2025-10-24 01:28:55,052 - CelsiusGuardian - DEBUG - [GUARDIAN] Performing health check...
2025-10-24 01:28:55,052 - CelsiusGuardian - DEBUG - [GUARDIAN] Service OK: server_hub
2025-10-24 01:28:55,052 - CelsiusGuardian - DEBUG - [GUARDIAN] Service OK: mobile_server
2025-10-24 01:28:55,052 - CelsiusGuardian - DEBUG - [GUARDIAN] Service OK: celsius_core
2025-10-24 01:29:05,053 - CelsiusGuardian - DEBUG - [GUARDIAN] Performing health check...
2025-10-24 01:29:05,053 - CelsiusGuardian - DEBUG - [GUARDIAN] Service OK: server_hub
2025-10-24 01:29:05,053 - CelsiusGuardian - DEBUG - [GUARDIAN] Service OK: mobile_server
2025-10-24 01:29:05,053 - CelsiusGuardian - DEBUG - [GUARDIAN] Service OK: celsius_core
2025-10-24 01:29:15,055 - CelsiusGuardian - DEBUG - [GUARDIAN] Performing health check...
2025-10-24 01:29:15,055 - CelsiusGuardian - DEBUG - [GUARDIAN] Service OK: server_hub
2025-10-24 01:29:15,055 - CelsiusGuardian - DEBUG - [GUARDIAN] Service OK: mobile_server
2025-10-24 01:29:15,055 - CelsiusGuardian - DEBUG - [GUARDIAN] Service OK: celsius_core
2025-10-24 01:29:25,056 - CelsiusGuardian - DEBUG - [GUARDIAN] Performing health check...
2025-10-24 01:29:25,056 - CelsiusGuardian - DEBUG - [GUARDIAN] Service OK: server_hub
2025-10-24 01:29:25,056 - CelsiusGuardian - DEBUG - [GUARDIAN] Service OK: mobile_server
2025-10-24 01:29:25,056 - CelsiusGuardian - DEBUG - [GUARDIAN] Service OK: celsius_core
2025-10-24 01:29:35,057 - CelsiusGuardian - DEBUG - [GUARDIAN] Performing health check...
2025-10-24 01:29:35,057 - CelsiusGuardian - DEBUG - [GUARDIAN] Service OK: server_hub
2025-10-24 01:29:35,057 - CelsiusGuardian - DEBUG - [GUARDIAN] Service OK: mobile_server
2025-10-24 01:29:35,057 - CelsiusGuardian - DEBUG - [GUARDIAN] Service OK: celsius_core
2025-10-24 01:29:45,058 - CelsiusGuardian - DEBUG - [GUARDIAN] Performing health check...
2025-10-24 01:29:45,058 - CelsiusGuardian - DEBUG - [GUARDIAN] Service OK: server_hub
2025-10-24 01:29:45,058 - CelsiusGuardian - DEBUG - [GUARDIAN] Service OK: mobile_server
2025-10-24 01:29:45,058 - CelsiusGuardian - DEBUG - [GUARDIAN] Service OK: celsius_core
2025-10-24 01:29:55,059 - CelsiusGuardian - DEBUG - [GUARDIAN] Performing health check...
2025-10-24 01:29:55,059 - CelsiusGuardian - DEBUG - [GUARDIAN] Service OK: server_hub
2025-10-24 01:29:55,059 - CelsiusGuardian - DEBUG - [GUARDIAN] Service OK: mobile_server
2025-10-24 01:29:55,059 - CelsiusGuardian - DEBUG - [GUARDIAN] Service OK: celsius_core
2025-10-24 01:30:05,060 - CelsiusGuardian - DEBUG - [GUARDIAN] Performing health check...
2025-10-24 01:30:05,060 - CelsiusGuardian - DEBUG - [GUARDIAN] Service OK: server_hub
2025-10-24 01:30:05,060 - CelsiusGuardian - DEBUG - [GUARDIAN] Service OK: mobile_server
2025-10-24 01:30:05,060 - CelsiusGuardian - DEBUG - [GUARDIAN] Service OK: celsius_core
2025-10-24 01:30:15,061 - CelsiusGuardian - DEBUG - [GUARDIAN] Performing health check...
2025-10-24 01:30:15,061 - CelsiusGuardian - DEBUG - [GUARDIAN] Service OK: server_hub
2025-10-24 01:30:15,061 - CelsiusGuardian - DEBUG - [GUARDIAN] Service OK: mobile_server
2025-10-24 01:30:15,061 - CelsiusGuardian - DEBUG - [GUARDIAN] Service OK: celsius_core
2025-10-24 01:30:25,062 - CelsiusGuardian - DEBUG - [GUARDIAN] Performing health check...
2025-10-24 01:30:25,062 - CelsiusGuardian - DEBUG - [GUARDIAN] Service OK: server_hub
2025-10-24 01:30:25,062 - CelsiusGuardian - DEBUG - [GUARDIAN] Service OK: mobile_server
2025-10-24 01:30:25,062 - CelsiusGuardian - DEBUG - [GUARDIAN] Service OK: celsius_core
2025-10-24 01:30:35,063 - CelsiusGuardian - DEBUG - [GUARDIAN] Performing health check...
2025-10-24 01:30:35,063 - CelsiusGuardian - DEBUG - [GUARDIAN] Service OK: server_hub
2025-10-24 01:30:35,063 - CelsiusGuardian - DEBUG - [GUARDIAN] Service OK: mobile_server
2025-10-24 01:30:35,063 - CelsiusGuardian - DEBUG - [GUARDIAN] Service OK: celsius_core
2025-10-24 01:30:45,064 - CelsiusGuardian - DEBUG - [GUARDIAN] Performing health check...
2025-10-24 01:30:45,064 - CelsiusGuardian - DEBUG - [GUARDIAN] Service OK: server_hub
2025-10-24 01:30:45,064 - CelsiusGuardian - DEBUG - [GUARDIAN] Service OK: mobile_server
2025-10-24 01:30:45,064 - CelsiusGuardian - DEBUG - [GUARDIAN] Service OK: celsius_core
2025-10-24 01:30:55,065 - CelsiusGuardian - DEBUG - [GUARDIAN] Performing health check...
2025-10-24 01:30:55,065 - CelsiusGuardian - DEBUG - [GUARDIAN] Service OK: server_hub
2025-10-24 01:30:55,065 - CelsiusGuardian - DEBUG - [GUARDIAN] Service OK: mobile_server
2025-10-24 01:30:55,065 - CelsiusGuardian - DEBUG - [GUARDIAN] Service OK: celsius_core
2025-10-24 01:31:05,066 - CelsiusGuardian - DEBUG - [GUARDIAN] Performing health check...
2025-10-24 01:31:05,066 - CelsiusGuardian - DEBUG - [GUARDIAN] Service OK: server_hub
2025-10-24 01:31:05,066 - CelsiusGuardian - DEBUG - [GUARDIAN] Service OK: mobile_server
2025-10-24 01:31:05,066 - CelsiusGuardian - DEBUG - [GUARDIAN] Service OK: celsius_core
2025-10-24 01:31:15,067 - CelsiusGuardian - DEBUG - [GUARDIAN] Performing health check...
2025-10-24 01:31:15,067 - CelsiusGuardian - DEBUG - [GUARDIAN] Service OK: server_hub
2025-10-24 01:31:15,067 - CelsiusGuardian - DEBUG - [GUARDIAN] Service OK: mobile_server
2025-10-24 01:31:15,067 - CelsiusGuardian - DEBUG - [GUARDIAN] Service OK: celsius_core
2025-10-24 01:31:25,068 - CelsiusGuardian - DEBUG - [GUARDIAN] Performing health check...
2025-10-24 01:31:25,068 - CelsiusGuardian - DEBUG - [GUARDIAN] Service OK: server_hub
2025-10-24 01:31:25,068 - CelsiusGuardian - DEBUG - [GUARDIAN] Service OK: mobile_server
2025-10-24 01:31:25,068 - CelsiusGuardian - DEBUG - [GUARDIAN] Service OK: celsius_core
2025-10-24 01:31:35,070 - CelsiusGuardian - DEBUG - [GUARDIAN] Performing health check...
2025-10-24 01:31:35,070 - CelsiusGuardian - DEBUG - [GUARDIAN] Service OK: server_hub
2025-10-24 01:31:35,070 - CelsiusGuardian - DEBUG - [GUARDIAN] Service OK: mobile_server
2025-10-24 01:31:35,070 - CelsiusGuardian - DEBUG - [GUARDIAN] Service OK: celsius_core
2025-10-24 01:31:45,070 - CelsiusGuardian - DEBUG - [GUARDIAN] Performing health check...
2025-10-24 01:31:45,070 - CelsiusGuardian - DEBUG - [GUARDIAN] Service OK: server_hub
2025-10-24 01:31:45,070 - CelsiusGuardian - DEBUG - [GUARDIAN] Service OK: mobile_server
2025-10-24 01:31:45,070 - CelsiusGuardian - DEBUG - [GUARDIAN] Service OK: celsius_core
2025-10-24 01:31:55,072 - CelsiusGuardian - DEBUG - [GUARDIAN] Performing health check...
2025-10-24 01:31:55,072 - CelsiusGuardian - DEBUG - [GUARDIAN] Service OK: server_hub
2025-10-24 01:31:55,072 - CelsiusGuardian - DEBUG - [GUARDIAN] Service OK: mobile_server
2025-10-24 01:31:55,072 - CelsiusGuardian - DEBUG - [GUARDIAN] Service OK: celsius_core
2025-10-24 01:32:05,072 - CelsiusGuardian - DEBUG - [GUARDIAN] Performing health check...
2025-10-24 01:32:05,072 - CelsiusGuardian - DEBUG - [GUARDIAN] Service OK: server_hub
2025-10-24 01:32:05,072 - CelsiusGuardian - DEBUG - [GUARDIAN] Service OK: mobile_server
2025-10-24 01:32:05,072 - CelsiusGuardian - DEBUG - [GUARDIAN] Service OK: celsius_core
2025-10-24 01:32:15,073 - CelsiusGuardian - DEBUG - [GUARDIAN] Performing health check...
2025-10-24 01:32:15,073 - CelsiusGuardian - DEBUG - [GUARDIAN] Service OK: server_hub
2025-10-24 01:32:15,073 - CelsiusGuardian - DEBUG - [GUARDIAN] Service OK: mobile_server
2025-10-24 01:32:15,073 - CelsiusGuardian - DEBUG - [GUARDIAN] Service OK: celsius_core
2025-10-24 01:32:25,074 - CelsiusGuardian - DEBUG - [GUARDIAN] Performing health check...
2025-10-24 01:32:25,074 - CelsiusGuardian - DEBUG - [GUARDIAN] Service OK: server_hub
2025-10-24 01:32:25,074 - CelsiusGuardian - DEBUG - [GUARDIAN] Service OK: mobile_server
2025-10-24 01:32:25,074 - CelsiusGuardian - DEBUG - [GUARDIAN] Service OK: celsius_core
2025-10-24 01:32:35,076 - CelsiusGuardian - DEBUG - [GUARDIAN] Performing health check...
2025-10-24 01:32:35,076 - CelsiusGuardian - DEBUG - [GUARDIAN] Service OK: server_hub
2025-10-24 01:32:35,076 - CelsiusGuardian - DEBUG - [GUARDIAN] Service OK: mobile_server
2025-10-24 01:32:35,076 - CelsiusGuardian - DEBUG - [GUARDIAN] Service OK: celsius_core
2025-10-24 01:32:45,077 - CelsiusGuardian - DEBUG - [GUARDIAN] Performing health check...
2025-10-24 01:32:45,077 - CelsiusGuardian - DEBUG - [GUARDIAN] Service OK: server_hub
2025-10-24 01:32:45,077 - CelsiusGuardian - DEBUG - [GUARDIAN] Service OK: mobile_server
2025-10-24 01:32:45,077 - CelsiusGuardian - DEBUG - [GUARDIAN] Service OK: celsius_core
2025-10-24 01:32:55,078 - CelsiusGuardian - DEBUG - [GUARDIAN] Performing health check...
2025-10-24 01:32:55,078 - CelsiusGuardian - DEBUG - [GUARDIAN] Service OK: server_hub
2025-10-24 01:32:55,078 - CelsiusGuardian - DEBUG - [GUARDIAN] Service OK: mobile_server
2025-10-24 01:32:55,078 - CelsiusGuardian - DEBUG - [GUARDIAN] Service OK: celsius_core
2025-10-24 01:33:05,079 - CelsiusGuardian - DEBUG - [GUARDIAN] Performing health check...
2025-10-24 01:33:05,079 - CelsiusGuardian - DEBUG - [GUARDIAN] Service OK: server_hub
2025-10-24 01:33:05,079 - CelsiusGuardian - DEBUG - [GUARDIAN] Service OK: mobile_server
2025-10-24 01:33:05,079 - CelsiusGuardian - DEBUG - [GUARDIAN] Service OK: celsius_core
2025-10-24 01:33:15,080 - CelsiusGuardian - DEBUG - [GUARDIAN] Performing health check...
2025-10-24 01:33:15,080 - CelsiusGuardian - DEBUG - [GUARDIAN] Service OK: server_hub
2025-10-24 01:33:15,080 - CelsiusGuardian - DEBUG - [GUARDIAN] Service OK: mobile_server
2025-10-24 01:33:15,080 - CelsiusGuardian - DEBUG - [GUARDIAN] Service OK: celsius_core
2025-10-24 01:33:25,081 - CelsiusGuardian - DEBUG - [GUARDIAN] Performing health check...
2025-10-24 01:33:25,081 - CelsiusGuardian - DEBUG - [GUARDIAN] Service OK: server_hub
2025-10-24 01:33:25,081 - CelsiusGuardian - DEBUG - [GUARDIAN] Service OK: mobile_server
2025-10-24 01:33:25,081 - CelsiusGuardian - DEBUG - [GUARDIAN] Service OK: celsius_core
2025-10-24 01:33:35,082 - CelsiusGuardian - DEBUG - [GUARDIAN] Performing health check...
2025-10-24 01:33:35,082 - CelsiusGuardian - DEBUG - [GUARDIAN] Service OK: server_hub
2025-10-24 01:33:35,082 - CelsiusGuardian - DEBUG - [GUARDIAN] Service OK: mobile_server
2025-10-24 01:33:35,082 - CelsiusGuardian - DEBUG - [GUARDIAN] Service OK: celsius_core
2025-10-24 01:33:45,084 - CelsiusGuardian - DEBUG - [GUARDIAN] Performing health check...
2025-10-24 01:33:45,084 - CelsiusGuardian - DEBUG - [GUARDIAN] Service OK: server_hub
2025-10-24 01:33:45,084 - CelsiusGuardian - DEBUG - [GUARDIAN] Service OK: mobile_server
2025-10-24 01:33:45,084 - CelsiusGuardian - DEBUG - [GUARDIAN] Service OK: celsius_core
2025-10-24 01:33:55,085 - CelsiusGuardian - DEBUG - [GUARDIAN] Performing health check...
2025-10-24 01:33:55,085 - CelsiusGuardian - DEBUG - [GUARDIAN] Service OK: server_hub
2025-10-24 01:33:55,085 - CelsiusGuardian - DEBUG - [GUARDIAN] Service OK: mobile_server
2025-10-24 01:33:55,085 - CelsiusGuardian - DEBUG - [GUARDIAN] Service OK: celsius_core
2025-10-24 01:34:05,086 - CelsiusGuardian - DEBUG - [GUARDIAN] Performing health check...
2025-10-24 01:34:05,086 - CelsiusGuardian - DEBUG - [GUARDIAN] Service OK: server_hub
2025-10-24 01:34:05,086 - CelsiusGuardian - DEBUG - [GUARDIAN] Service OK: mobile_server
2025-10-24 01:34:05,086 - CelsiusGuardian - DEBUG - [GUARDIAN] Service OK: celsius_core
2025-10-24 01:34:15,087 - CelsiusGuardian - DEBUG - [GUARDIAN] Performing health check...
2025-10-24 01:34:15,087 - CelsiusGuardian - DEBUG - [GUARDIAN] Service OK: server_hub
2025-10-24 01:34:15,087 - CelsiusGuardian - DEBUG - [GUARDIAN] Service OK: mobile_server
2025-10-24 01:34:15,087 - CelsiusGuardian - DEBUG - [GUARDIAN] Service OK: celsius_core
2025-10-24 01:34:25,088 - CelsiusGuardian - DEBUG - [GUARDIAN] Performing health check...
2025-10-24 01:34:25,088 - CelsiusGuardian - DEBUG - [GUARDIAN] Service OK: server_hub
2025-10-24 01:34:25,088 - CelsiusGuardian - DEBUG - [GUARDIAN] Service OK: mobile_server
2025-10-24 01:34:25,088 - CelsiusGuardian - DEBUG - [GUARDIAN] Service OK: celsius_core
2025-10-24 01:34:35,089 - CelsiusGuardian - DEBUG - [GUARDIAN] Performing health check...
2025-10-24 01:34:35,089 - CelsiusGuardian - DEBUG - [GUARDIAN] Service OK: server_hub
2025-10-24 01:34:35,089 - CelsiusGuardian - DEBUG - [GUARDIAN] Service OK: mobile_server
2025-10-24 01:34:35,089 - CelsiusGuardian - DEBUG - [GUARDIAN] Service OK: celsius_core
2025-10-24 01:34:45,090 - CelsiusGuardian - DEBUG - [GUARDIAN] Performing health check...
2025-10-24 01:34:45,090 - CelsiusGuardian - DEBUG - [GUARDIAN] Service OK: server_hub
2025-10-24 01:34:45,090 - CelsiusGuardian - DEBUG - [GUARDIAN] Service OK: mobile_server
2025-10-24 01:34:45,090 - CelsiusGuardian - DEBUG - [GUARDIAN] Service OK: celsius_core
2025-10-24 01:34:55,091 - CelsiusGuardian - DEBUG - [GUARDIAN] Performing health check...
2025-10-24 01:34:55,091 - CelsiusGuardian - DEBUG - [GUARDIAN] Service OK: server_hub
2025-10-24 01:34:55,091 - CelsiusGuardian - DEBUG - [GUARDIAN] Service OK: mobile_server
2025-10-24 01:34:55,091 - CelsiusGuardian - DEBUG - [GUARDIAN] Service OK: celsius_core
2025-10-24 01:35:05,093 - CelsiusGuardian - DEBUG - [GUARDIAN] Performing health check...
2025-10-24 01:35:05,093 - CelsiusGuardian - DEBUG - [GUARDIAN] Service OK: server_hub
2025-10-24 01:35:05,093 - CelsiusGuardian - DEBUG - [GUARDIAN] Service OK: mobile_server
2025-10-24 01:35:05,093 - CelsiusGuardian - DEBUG - [GUARDIAN] Service OK: celsius_core
2025-10-24 01:35:15,094 - CelsiusGuardian - DEBUG - [GUARDIAN] Performing health check...
2025-10-24 01:35:15,094 - CelsiusGuardian - DEBUG - [GUARDIAN] Service OK: server_hub
2025-10-24 01:35:15,094 - CelsiusGuardian - DEBUG - [GUARDIAN] Service OK: mobile_server
2025-10-24 01:35:15,094 - CelsiusGuardian - DEBUG - [GUARDIAN] Service OK: celsius_core
2025-10-24 01:35:25,095 - CelsiusGuardian - DEBUG - [GUARDIAN] Performing health check...
2025-10-24 01:35:25,095 - CelsiusGuardian - DEBUG - [GUARDIAN] Service OK: server_hub
2025-10-24 01:35:25,095 - CelsiusGuardian - DEBUG - [GUARDIAN] Service OK: mobile_server
2025-10-24 01:35:25,095 - CelsiusGuardian - DEBUG - [GUARDIAN] Service OK: celsius_core
2025-10-24 01:35:35,096 - CelsiusGuardian - DEBUG - [GUARDIAN] Performing health check...
2025-10-24 01:35:35,096 - CelsiusGuardian - DEBUG - [GUARDIAN] Service OK: server_hub
2025-10-24 01:35:35,096 - CelsiusGuardian - DEBUG - [GUARDIAN] Service OK: mobile_server
2025-10-24 01:35:35,096 - CelsiusGuardian - DEBUG - [GUARDIAN] Service OK: celsius_core
2025-10-24 01:35:45,097 - CelsiusGuardian - DEBUG - [GUARDIAN] Performing health check...
2025-10-24 01:35:45,097 - CelsiusGuardian - DEBUG - [GUARDIAN] Service OK: server_hub
2025-10-24 01:35:45,097 - CelsiusGuardian - DEBUG - [GUARDIAN] Service OK: mobile_server
2025-10-24 01:35:45,097 - CelsiusGuardian - DEBUG - [GUARDIAN] Service OK: celsius_core
2025-10-24 01:35:55,098 - CelsiusGuardian - DEBUG - [GUARDIAN] Performing health check...
2025-10-24 01:35:55,098 - CelsiusGuardian - DEBUG - [GUARDIAN] Service OK: server_hub
2025-10-24 01:35:55,098 - CelsiusGuardian - DEBUG - [GUARDIAN] Service OK: mobile_server
2025-10-24 01:35:55,098 - CelsiusGuardian - DEBUG - [GUARDIAN] Service OK: celsius_core
2025-10-24 01:36:05,099 - CelsiusGuardian - DEBUG - [GUARDIAN] Performing health check...
2025-10-24 01:36:05,099 - CelsiusGuardian - DEBUG - [GUARDIAN] Service OK: server_hub
2025-10-24 01:36:05,099 - CelsiusGuardian - DEBUG - [GUARDIAN] Service OK: mobile_server
2025-10-24 01:36:05,099 - CelsiusGuardian - DEBUG - [GUARDIAN] Service OK: celsius_core
2025-10-24 01:36:15,100 - CelsiusGuardian - DEBUG - [GUARDIAN] Performing health check...
2025-10-24 01:36:15,100 - CelsiusGuardian - DEBUG - [GUARDIAN] Service OK: server_hub
2025-10-24 01:36:15,100 - CelsiusGuardian - DEBUG - [GUARDIAN] Service OK: mobile_server
2025-10-24 01:36:15,100 - CelsiusGuardian - DEBUG - [GUARDIAN] Service OK: celsius_core
2025-10-24 01:36:25,101 - CelsiusGuardian - DEBUG - [GUARDIAN] Performing health check...
2025-10-24 01:36:25,101 - CelsiusGuardian - DEBUG - [GUARDIAN] Service OK: server_hub
2025-10-24 01:36:25,101 - CelsiusGuardian - DEBUG - [GUARDIAN] Service OK: mobile_server
2025-10-24 01:36:25,101 - CelsiusGuardian - DEBUG - [GUARDIAN] Service OK: celsius_core
2025-10-24 01:36:35,103 - CelsiusGuardian - DEBUG - [GUARDIAN] Performing health check...
2025-10-24 01:36:35,103 - CelsiusGuardian - DEBUG - [GUARDIAN] Service OK: server_hub
2025-10-24 01:36:35,103 - CelsiusGuardian - DEBUG - [GUARDIAN] Service OK: mobile_server
2025-10-24 01:36:35,103 - CelsiusGuardian - DEBUG - [GUARDIAN] Service OK: celsius_core
2025-10-24 01:36:45,104 - CelsiusGuardian - DEBUG - [GUARDIAN] Performing health check...
2025-10-24 01:36:45,104 - CelsiusGuardian - DEBUG - [GUARDIAN] Service OK: server_hub
2025-10-24 01:36:45,104 - CelsiusGuardian - DEBUG - [GUARDIAN] Service OK: mobile_server
2025-10-24 01:36:45,104 - CelsiusGuardian - DEBUG - [GUARDIAN] Service OK: celsius_core
2025-10-24 01:36:55,106 - CelsiusGuardian - DEBUG - [GUARDIAN] Performing health check...
2025-10-24 01:36:55,106 - CelsiusGuardian - DEBUG - [GUARDIAN] Service OK: server_hub
2025-10-24 01:36:55,106 - CelsiusGuardian - DEBUG - [GUARDIAN] Service OK: mobile_server
2025-10-24 01:36:55,106 - CelsiusGuardian - DEBUG - [GUARDIAN] Service OK: celsius_core
2025-10-24 01:37:05,107 - CelsiusGuardian - DEBUG - [GUARDIAN] Performing health check...
2025-10-24 01:37:05,107 - CelsiusGuardian - DEBUG - [GUARDIAN] Service OK: server_hub
2025-10-24 01:37:05,107 - CelsiusGuardian - DEBUG - [GUARDIAN] Service OK: mobile_server
2025-10-24 01:37:05,107 - CelsiusGuardian - DEBUG - [GUARDIAN] Service OK: celsius_core
2025-10-24 01:37:15,108 - CelsiusGuardian - DEBUG - [GUARDIAN] Performing health check...
2025-10-24 01:37:15,108 - CelsiusGuardian - DEBUG - [GUARDIAN] Service OK: server_hub
2025-10-24 01:37:15,108 - CelsiusGuardian - DEBUG - [GUARDIAN] Service OK: mobile_server
2025-10-24 01:37:15,108 - CelsiusGuardian - DEBUG - [GUARDIAN] Service OK: celsius_core
2025-10-24 01:37:25,109 - CelsiusGuardian - DEBUG - [GUARDIAN] Performing health check...
2025-10-24 01:37:25,109 - CelsiusGuardian - DEBUG - [GUARDIAN] Service OK: server_hub
2025-10-24 01:37:25,109 - CelsiusGuardian - DEBUG - [GUARDIAN] Service OK: mobile_server
2025-10-24 01:37:25,109 - CelsiusGuardian - DEBUG - [GUARDIAN] Service OK: celsius_core
2025-10-24 01:37:35,110 - CelsiusGuardian - DEBUG - [GUARDIAN] Performing health check...
2025-10-24 01:37:35,110 - CelsiusGuardian - DEBUG - [GUARDIAN] Service OK: server_hub
2025-10-24 01:37:35,110 - CelsiusGuardian - DEBUG - [GUARDIAN] Service OK: mobile_server
2025-10-24 01:37:35,110 - CelsiusGuardian - DEBUG - [GUARDIAN] Service OK: celsius_core
2025-10-24 01:37:45,111 - CelsiusGuardian - DEBUG - [GUARDIAN] Performing health check...
2025-10-24 01:37:45,111 - CelsiusGuardian - DEBUG - [GUARDIAN] Service OK: server_hub
2025-10-24 01:37:45,111 - CelsiusGuardian - DEBUG - [GUARDIAN] Service OK: mobile_server
2025-10-24 01:37:45,111 - CelsiusGuardian - DEBUG - [GUARDIAN] Service OK: celsius_core
2025-10-24 01:37:55,112 - CelsiusGuardian - DEBUG - [GUARDIAN] Performing health check...
2025-10-24 01:37:55,112 - CelsiusGuardian - DEBUG - [GUARDIAN] Service OK: server_hub
2025-10-24 01:37:55,112 - CelsiusGuardian - DEBUG - [GUARDIAN] Service OK: mobile_server
2025-10-24 01:37:55,112 - CelsiusGuardian - DEBUG - [GUARDIAN] Service OK: celsius_core
2025-10-24 01:38:05,113 - CelsiusGuardian - DEBUG - [GUARDIAN] Performing health check...
2025-10-24 01:38:05,113 - CelsiusGuardian - DEBUG - [GUARDIAN] Service OK: server_hub
2025-10-24 01:38:05,113 - CelsiusGuardian - DEBUG - [GUARDIAN] Service OK: mobile_server
2025-10-24 01:38:05,113 - CelsiusGuardian - DEBUG - [GUARDIAN] Service OK: celsius_core
2025-10-24 01:38:15,115 - CelsiusGuardian - DEBUG - [GUARDIAN] Performing health check...
2025-10-24 01:38:15,115 - CelsiusGuardian - DEBUG - [GUARDIAN] Service OK: server_hub
2025-10-24 01:38:15,115 - CelsiusGuardian - DEBUG - [GUARDIAN] Service OK: mobile_server
2025-10-24 01:38:15,115 - CelsiusGuardian - DEBUG - [GUARDIAN] Service OK: celsius_core
2025-10-24 01:38:25,116 - CelsiusGuardian - DEBUG - [GUARDIAN] Performing health check...
2025-10-24 01:38:25,116 - CelsiusGuardian - DEBUG - [GUARDIAN] Service OK: server_hub
2025-10-24 01:38:25,116 - CelsiusGuardian - DEBUG - [GUARDIAN] Service OK: mobile_server
2025-10-24 01:38:25,116 - CelsiusGuardian - DEBUG - [GUARDIAN] Service OK: celsius_core
2025-10-24 01:38:35,117 - CelsiusGuardian - DEBUG - [GUARDIAN] Performing health check...
2025-10-24 01:38:35,117 - CelsiusGuardian - DEBUG - [GUARDIAN] Service OK: server_hub
2025-10-24 01:38:35,117 - CelsiusGuardian - DEBUG - [GUARDIAN] Service OK: mobile_server
2025-10-24 01:38:35,117 - CelsiusGuardian - DEBUG - [GUARDIAN] Service OK: celsius_core
2025-10-24 01:38:45,119 - CelsiusGuardian - DEBUG - [GUARDIAN] Performing health check...
2025-10-24 01:38:45,119 - CelsiusGuardian - DEBUG - [GUARDIAN] Service OK: server_hub
2025-10-24 01:38:45,119 - CelsiusGuardian - DEBUG - [GUARDIAN] Service OK: mobile_server
2025-10-24 01:38:45,119 - CelsiusGuardian - DEBUG - [GUARDIAN] Service OK: celsius_core
2025-10-24 01:38:55,120 - CelsiusGuardian - DEBUG - [GUARDIAN] Performing health check...
2025-10-24 01:38:55,120 - CelsiusGuardian - DEBUG - [GUARDIAN] Service OK: server_hub
2025-10-24 01:38:55,120 - CelsiusGuardian - DEBUG - [GUARDIAN] Service OK: mobile_server
2025-10-24 01:38:55,120 - CelsiusGuardian - DEBUG - [GUARDIAN] Service OK: celsius_core
2025-10-24 01:39:05,122 - CelsiusGuardian - DEBUG - [GUARDIAN] Performing health check...
2025-10-24 01:39:05,122 - CelsiusGuardian - DEBUG - [GUARDIAN] Service OK: server_hub
2025-10-24 01:39:05,122 - CelsiusGuardian - DEBUG - [GUARDIAN] Service OK: mobile_server
2025-10-24 01:39:05,122 - CelsiusGuardian - DEBUG - [GUARDIAN] Service OK: celsius_core
2025-10-24 01:39:15,123 - CelsiusGuardian - DEBUG - [GUARDIAN] Performing health check...
2025-10-24 01:39:15,123 - CelsiusGuardian - DEBUG - [GUARDIAN] Service OK: server_hub
2025-10-24 01:39:15,123 - CelsiusGuardian - DEBUG - [GUARDIAN] Service OK: mobile_server
2025-10-24 01:39:15,123 - CelsiusGuardian - DEBUG - [GUARDIAN] Service OK: celsius_core
2025-10-24 01:39:25,124 - CelsiusGuardian - DEBUG - [GUARDIAN] Performing health check...
2025-10-24 01:39:25,124 - CelsiusGuardian - DEBUG - [GUARDIAN] Service OK: server_hub
2025-10-24 01:39:25,124 - CelsiusGuardian - DEBUG - [GUARDIAN] Service OK: mobile_server
2025-10-24 01:39:25,124 - CelsiusGuardian - DEBUG - [GUARDIAN] Service OK: celsius_core
2025-10-24 01:39:35,125 - CelsiusGuardian - DEBUG - [GUARDIAN] Performing health check...
2025-10-24 01:39:35,125 - CelsiusGuardian - DEBUG - [GUARDIAN] Service OK: server_hub
2025-10-24 01:39:35,125 - CelsiusGuardian - DEBUG - [GUARDIAN] Service OK: mobile_server
2025-10-24 01:39:35,125 - CelsiusGuardian - DEBUG - [GUARDIAN] Service OK: celsius_core
2025-10-24 01:39:45,126 - CelsiusGuardian - DEBUG - [GUARDIAN] Performing health check...
2025-10-24 01:39:45,126 - CelsiusGuardian - DEBUG - [GUARDIAN] Service OK: server_hub
2025-10-24 01:39:45,126 - CelsiusGuardian - DEBUG - [GUARDIAN] Service OK: mobile_server
2025-10-24 01:39:45,126 - CelsiusGuardian - DEBUG - [GUARDIAN] Service OK: celsius_core
2025-10-24 01:39:55,127 - CelsiusGuardian - DEBUG - [GUARDIAN] Performing health check...
2025-10-24 01:39:55,127 - CelsiusGuardian - DEBUG - [GUARDIAN] Service OK: server_hub
2025-10-24 01:39:55,127 - CelsiusGuardian - DEBUG - [GUARDIAN] Service OK: mobile_server
2025-10-24 01:39:55,127 - CelsiusGuardian - DEBUG - [GUARDIAN] Service OK: celsius_core
2025-10-24 01:40:05,128 - CelsiusGuardian - DEBUG - [GUARDIAN] Performing health check...
2025-10-24 01:40:05,128 - CelsiusGuardian - DEBUG - [GUARDIAN] Service OK: server_hub
2025-10-24 01:40:05,128 - CelsiusGuardian - DEBUG - [GUARDIAN] Service OK: mobile_server
2025-10-24 01:40:05,128 - CelsiusGuardian - DEBUG - [GUARDIAN] Service OK: celsius_core
2025-10-24 01:40:15,129 - CelsiusGuardian - DEBUG - [GUARDIAN] Performing health check...
2025-10-24 01:40:15,129 - CelsiusGuardian - DEBUG - [GUARDIAN] Service OK: server_hub
2025-10-24 01:40:15,129 - CelsiusGuardian - DEBUG - [GUARDIAN] Service OK: mobile_server
2025-10-24 01:40:15,129 - CelsiusGuardian - DEBUG - [GUARDIAN] Service OK: celsius_core
2025-10-24 01:40:25,130 - CelsiusGuardian - DEBUG - [GUARDIAN] Performing health check...
2025-10-24 01:40:25,130 - CelsiusGuardian - DEBUG - [GUARDIAN] Service OK: server_hub
2025-10-24 01:40:25,130 - CelsiusGuardian - DEBUG - [GUARDIAN] Service OK: mobile_server
2025-10-24 01:40:25,130 - CelsiusGuardian - DEBUG - [GUARDIAN] Service OK: celsius_core
2025-10-24 01:40:35,132 - CelsiusGuardian - DEBUG - [GUARDIAN] Performing health check...
2025-10-24 01:40:35,132 - CelsiusGuardian - DEBUG - [GUARDIAN] Service OK: server_hub
2025-10-24 01:40:35,132 - CelsiusGuardian - DEBUG - [GUARDIAN] Service OK: mobile_server
2025-10-24 01:40:35,132 - CelsiusGuardian - DEBUG - [GUARDIAN] Service OK: celsius_core
2025-10-24 01:40:45,133 - CelsiusGuardian - DEBUG - [GUARDIAN] Performing health check...
2025-10-24 01:40:45,133 - CelsiusGuardian - DEBUG - [GUARDIAN] Service OK: server_hub
2025-10-24 01:40:45,133 - CelsiusGuardian - DEBUG - [GUARDIAN] Service OK: mobile_server
2025-10-24 01:40:45,133 - CelsiusGuardian - DEBUG - [GUARDIAN] Service OK: celsius_core
2025-10-24 01:40:55,134 - CelsiusGuardian - DEBUG - [GUARDIAN] Performing health check...
2025-10-24 01:40:55,134 - CelsiusGuardian - DEBUG - [GUARDIAN] Service OK: server_hub
2025-10-24 01:40:55,134 - CelsiusGuardian - DEBUG - [GUARDIAN] Service OK: mobile_server
2025-10-24 01:40:55,134 - CelsiusGuardian - DEBUG - [GUARDIAN] Service OK: celsius_core
2025-10-24 01:41:05,136 - CelsiusGuardian - DEBUG - [GUARDIAN] Performing health check...
2025-10-24 01:41:05,136 - CelsiusGuardian - DEBUG - [GUARDIAN] Service OK: server_hub
2025-10-24 01:41:05,136 - CelsiusGuardian - DEBUG - [GUARDIAN] Service OK: mobile_server
2025-10-24 01:41:05,136 - CelsiusGuardian - DEBUG - [GUARDIAN] Service OK: celsius_core
2025-10-24 01:41:15,137 - CelsiusGuardian - DEBUG - [GUARDIAN] Performing health check...
2025-10-24 01:41:15,137 - CelsiusGuardian - DEBUG - [GUARDIAN] Service OK: server_hub
2025-10-24 01:41:15,137 - CelsiusGuardian - DEBUG - [GUARDIAN] Service OK: mobile_server
2025-10-24 01:41:15,137 - CelsiusGuardian - DEBUG - [GUARDIAN] Service OK: celsius_core
2025-10-24 01:41:25,138 - CelsiusGuardian - DEBUG - [GUARDIAN] Performing health check...
2025-10-24 01:41:25,138 - CelsiusGuardian - DEBUG - [GUARDIAN] Service OK: server_hub
2025-10-24 01:41:25,138 - CelsiusGuardian - DEBUG - [GUARDIAN] Service OK: mobile_server
2025-10-24 01:41:25,138 - CelsiusGuardian - DEBUG - [GUARDIAN] Service OK: celsius_core
2025-10-24 01:41:35,139 - CelsiusGuardian - DEBUG - [GUARDIAN] Performing health check...
2025-10-24 01:41:35,139 - CelsiusGuardian - DEBUG - [GUARDIAN] Service OK: server_hub
2025-10-24 01:41:35,139 - CelsiusGuardian - DEBUG - [GUARDIAN] Service OK: mobile_server
2025-10-24 01:41:35,139 - CelsiusGuardian - DEBUG - [GUARDIAN] Service OK: celsius_core
2025-10-24 01:41:45,141 - CelsiusGuardian - DEBUG - [GUARDIAN] Performing health check...
2025-10-24 01:41:45,141 - CelsiusGuardian - DEBUG - [GUARDIAN] Service OK: server_hub
2025-10-24 01:41:45,141 - CelsiusGuardian - DEBUG - [GUARDIAN] Service OK: mobile_server
2025-10-24 01:41:45,141 - CelsiusGuardian - DEBUG - [GUARDIAN] Service OK: celsius_core
2025-10-24 01:41:55,142 - CelsiusGuardian - DEBUG - [GUARDIAN] Performing health check...
2025-10-24 01:41:55,142 - CelsiusGuardian - DEBUG - [GUARDIAN] Service OK: server_hub
2025-10-24 01:41:55,142 - CelsiusGuardian - DEBUG - [GUARDIAN] Service OK: mobile_server
2025-10-24 01:41:55,142 - CelsiusGuardian - DEBUG - [GUARDIAN] Service OK: celsius_core
2025-10-24 01:42:05,143 - CelsiusGuardian - DEBUG - [GUARDIAN] Performing health check...
2025-10-24 01:42:05,143 - CelsiusGuardian - DEBUG - [GUARDIAN] Service OK: server_hub
2025-10-24 01:42:05,143 - CelsiusGuardian - DEBUG - [GUARDIAN] Service OK: mobile_server
2025-10-24 01:42:05,143 - CelsiusGuardian - DEBUG - [GUARDIAN] Service OK: celsius_core
2025-10-24 01:42:15,144 - CelsiusGuardian - DEBUG - [GUARDIAN] Performing health check...
2025-10-24 01:42:15,144 - CelsiusGuardian - DEBUG - [GUARDIAN] Service OK: server_hub
2025-10-24 01:42:15,144 - CelsiusGuardian - DEBUG - [GUARDIAN] Service OK: mobile_server
2025-10-24 01:42:15,144 - CelsiusGuardian - DEBUG - [GUARDIAN] Service OK: celsius_core
2025-10-24 01:42:25,145 - CelsiusGuardian - DEBUG - [GUARDIAN] Performing health check...
2025-10-24 01:42:25,145 - CelsiusGuardian - DEBUG - [GUARDIAN] Service OK: server_hub
2025-10-24 01:42:25,145 - CelsiusGuardian - DEBUG - [GUARDIAN] Service OK: mobile_server
2025-10-24 01:42:25,145 - CelsiusGuardian - DEBUG - [GUARDIAN] Service OK: celsius_core
2025-10-24 01:42:35,146 - CelsiusGuardian - DEBUG - [GUARDIAN] Performing health check...
2025-10-24 01:42:35,146 - CelsiusGuardian - DEBUG - [GUARDIAN] Service OK: server_hub
2025-10-24 01:42:35,146 - CelsiusGuardian - DEBUG - [GUARDIAN] Service OK: mobile_server
2025-10-24 01:42:35,146 - CelsiusGuardian - DEBUG - [GUARDIAN] Service OK: celsius_core
2025-10-24 01:42:45,147 - CelsiusGuardian - DEBUG - [GUARDIAN] Performing health check...
2025-10-24 01:42:45,147 - CelsiusGuardian - DEBUG - [GUARDIAN] Service OK: server_hub
2025-10-24 01:42:45,147 - CelsiusGuardian - DEBUG - [GUARDIAN] Service OK: mobile_server
2025-10-24 01:42:45,147 - CelsiusGuardian - DEBUG - [GUARDIAN] Service OK: celsius_core
2025-10-24 01:42:55,149 - CelsiusGuardian - DEBUG - [GUARDIAN] Performing health check...
2025-10-24 01:42:55,149 - CelsiusGuardian - DEBUG - [GUARDIAN] Service OK: server_hub
2025-10-24 01:42:55,149 - CelsiusGuardian - DEBUG - [GUARDIAN] Service OK: mobile_server
2025-10-24 01:42:55,149 - CelsiusGuardian - DEBUG - [GUARDIAN] Service OK: celsius_core
2025-10-24 01:43:05,150 - CelsiusGuardian - DEBUG - [GUARDIAN] Performing health check...
2025-10-24 01:43:05,150 - CelsiusGuardian - DEBUG - [GUARDIAN] Service OK: server_hub
2025-10-24 01:43:05,150 - CelsiusGuardian - DEBUG - [GUARDIAN] Service OK: mobile_server
2025-10-24 01:43:05,150 - CelsiusGuardian - DEBUG - [GUARDIAN] Service OK: celsius_core
2025-10-24 01:43:15,152 - CelsiusGuardian - DEBUG - [GUARDIAN] Performing health check...
2025-10-24 01:43:15,152 - CelsiusGuardian - DEBUG - [GUARDIAN] Service OK: server_hub
2025-10-24 01:43:15,152 - CelsiusGuardian - DEBUG - [GUARDIAN] Service OK: mobile_server
2025-10-24 01:43:15,152 - CelsiusGuardian - DEBUG - [GUARDIAN] Service OK: celsius_core
2025-10-24 01:43:25,153 - CelsiusGuardian - DEBUG - [GUARDIAN] Performing health check...
2025-10-24 01:43:25,153 - CelsiusGuardian - DEBUG - [GUARDIAN] Service OK: server_hub
2025-10-24 01:43:25,153 - CelsiusGuardian - DEBUG - [GUARDIAN] Service OK: mobile_server
2025-10-24 01:43:25,153 - CelsiusGuardian - DEBUG - [GUARDIAN] Service OK: celsius_core
2025-10-24 01:43:35,154 - CelsiusGuardian - DEBUG - [GUARDIAN] Performing health check...
2025-10-24 01:43:35,154 - CelsiusGuardian - DEBUG - [GUARDIAN] Service OK: server_hub
2025-10-24 01:43:35,154 - CelsiusGuardian - DEBUG - [GUARDIAN] Service OK: mobile_server
2025-10-24 01:43:35,154 - CelsiusGuardian - DEBUG - [GUARDIAN] Service OK: celsius_core
2025-10-24 01:43:45,155 - CelsiusGuardian - DEBUG - [GUARDIAN] Performing health check...
2025-10-24 01:43:45,155 - CelsiusGuardian - DEBUG - [GUARDIAN] Service OK: server_hub
2025-10-24 01:43:45,155 - CelsiusGuardian - DEBUG - [GUARDIAN] Service OK: mobile_server
2025-10-24 01:43:45,155 - CelsiusGuardian - DEBUG - [GUARDIAN] Service OK: celsius_core
2025-10-24 01:43:55,156 - CelsiusGuardian - DEBUG - [GUARDIAN] Performing health check...
2025-10-24 01:43:55,156 - CelsiusGuardian - DEBUG - [GUARDIAN] Service OK: server_hub
2025-10-24 01:43:55,156 - CelsiusGuardian - DEBUG - [GUARDIAN] Service OK: mobile_server
2025-10-24 01:43:55,156 - CelsiusGuardian - DEBUG - [GUARDIAN] Service OK: celsius_core
2025-10-24 01:44:05,157 - CelsiusGuardian - DEBUG - [GUARDIAN] Performing health check...
2025-10-24 01:44:05,157 - CelsiusGuardian - DEBUG - [GUARDIAN] Service OK: server_hub
2025-10-24 01:44:05,157 - CelsiusGuardian - DEBUG - [GUARDIAN] Service OK: mobile_server
2025-10-24 01:44:05,157 - CelsiusGuardian - DEBUG - [GUARDIAN] Service OK: celsius_core
2025-10-24 01:44:15,159 - CelsiusGuardian - DEBUG - [GUARDIAN] Performing health check...
2025-10-24 01:44:15,159 - CelsiusGuardian - DEBUG - [GUARDIAN] Service OK: server_hub
2025-10-24 01:44:15,159 - CelsiusGuardian - DEBUG - [GUARDIAN] Service OK: mobile_server
2025-10-24 01:44:15,159 - CelsiusGuardian - DEBUG - [GUARDIAN] Service OK: celsius_core
2025-10-24 01:44:25,160 - CelsiusGuardian - DEBUG - [GUARDIAN] Performing health check...
2025-10-24 01:44:25,160 - CelsiusGuardian - DEBUG - [GUARDIAN] Service OK: server_hub
2025-10-24 01:44:25,160 - CelsiusGuardian - DEBUG - [GUARDIAN] Service OK: mobile_server
2025-10-24 01:44:25,160 - CelsiusGuardian - DEBUG - [GUARDIAN] Service OK: celsius_core
2025-10-24 01:44:35,161 - CelsiusGuardian - DEBUG - [GUARDIAN] Performing health check...
2025-10-24 01:44:35,161 - CelsiusGuardian - DEBUG - [GUARDIAN] Service OK: server_hub
2025-10-24 01:44:35,161 - CelsiusGuardian - DEBUG - [GUARDIAN] Service OK: mobile_server
2025-10-24 01:44:35,161 - CelsiusGuardian - DEBUG - [GUARDIAN] Service OK: celsius_core
2025-10-24 01:44:45,162 - CelsiusGuardian - DEBUG - [GUARDIAN] Performing health check...
2025-10-24 01:44:45,162 - CelsiusGuardian - DEBUG - [GUARDIAN] Service OK: server_hub
2025-10-24 01:44:45,162 - CelsiusGuardian - DEBUG - [GUARDIAN] Service OK: mobile_server
2025-10-24 01:44:45,162 - CelsiusGuardian - DEBUG - [GUARDIAN] Service OK: celsius_core
2025-10-24 01:44:55,163 - CelsiusGuardian - DEBUG - [GUARDIAN] Performing health check...
2025-10-24 01:44:55,163 - CelsiusGuardian - DEBUG - [GUARDIAN] Service OK: server_hub
2025-10-24 01:44:55,163 - CelsiusGuardian - DEBUG - [GUARDIAN] Service OK: mobile_server
2025-10-24 01:44:55,163 - CelsiusGuardian - DEBUG - [GUARDIAN] Service OK: celsius_core
2025-10-24 01:45:05,164 - CelsiusGuardian - DEBUG - [GUARDIAN] Performing health check...
2025-10-24 01:45:05,164 - CelsiusGuardian - DEBUG - [GUARDIAN] Service OK: server_hub
2025-10-24 01:45:05,164 - CelsiusGuardian - DEBUG - [GUARDIAN] Service OK: mobile_server
2025-10-24 01:45:05,164 - CelsiusGuardian - DEBUG - [GUARDIAN] Service OK: celsius_core
2025-10-24 01:45:15,165 - CelsiusGuardian - DEBUG - [GUARDIAN] Performing health check...
2025-10-24 01:45:15,165 - CelsiusGuardian - DEBUG - [GUARDIAN] Service OK: server_hub
2025-10-24 01:45:15,165 - CelsiusGuardian - DEBUG - [GUARDIAN] Service OK: mobile_server
2025-10-24 01:45:15,165 - CelsiusGuardian - DEBUG - [GUARDIAN] Service OK: celsius_core
2025-10-24 01:45:25,166 - CelsiusGuardian - DEBUG - [GUARDIAN] Performing health check...
2025-10-24 01:45:25,166 - CelsiusGuardian - DEBUG - [GUARDIAN] Service OK: server_hub
2025-10-24 01:45:25,166 - CelsiusGuardian - DEBUG - [GUARDIAN] Service OK: mobile_server
2025-10-24 01:45:25,166 - CelsiusGuardian - DEBUG - [GUARDIAN] Service OK: celsius_core
2025-10-24 01:45:35,167 - CelsiusGuardian - DEBUG - [GUARDIAN] Performing health check...
2025-10-24 01:45:35,167 - CelsiusGuardian - DEBUG - [GUARDIAN] Service OK: server_hub
2025-10-24 01:45:35,167 - CelsiusGuardian - DEBUG - [GUARDIAN] Service OK: mobile_server
2025-10-24 01:45:35,167 - CelsiusGuardian - DEBUG - [GUARDIAN] Service OK: celsius_core
2025-10-24 01:45:45,168 - CelsiusGuardian - DEBUG - [GUARDIAN] Performing health check...
2025-10-24 01:45:45,168 - CelsiusGuardian - DEBUG - [GUARDIAN] Service OK: server_hub
2025-10-24 01:45:45,168 - CelsiusGuardian - DEBUG - [GUARDIAN] Service OK: mobile_server
2025-10-24 01:45:45,168 - CelsiusGuardian - DEBUG - [GUARDIAN] Service OK: celsius_core
2025-10-24 01:45:55,169 - CelsiusGuardian - DEBUG - [GUARDIAN] Performing health check...
2025-10-24 01:45:55,169 - CelsiusGuardian - DEBUG - [GUARDIAN] Service OK: server_hub
2025-10-24 01:45:55,169 - CelsiusGuardian - DEBUG - [GUARDIAN] Service OK: mobile_server
2025-10-24 01:45:55,169 - CelsiusGuardian - DEBUG - [GUARDIAN] Service OK: celsius_core
2025-10-24 01:46:05,170 - CelsiusGuardian - DEBUG - [GUARDIAN] Performing health check...
2025-10-24 01:46:05,170 - CelsiusGuardian - DEBUG - [GUARDIAN] Service OK: server_hub
2025-10-24 01:46:05,170 - CelsiusGuardian - DEBUG - [GUARDIAN] Service OK: mobile_server
2025-10-24 01:46:05,170 - CelsiusGuardian - DEBUG - [GUARDIAN] Service OK: celsius_core
2025-10-24 01:46:15,171 - CelsiusGuardian - DEBUG - [GUARDIAN] Performing health check...
2025-10-24 01:46:15,171 - CelsiusGuardian - DEBUG - [GUARDIAN] Service OK: server_hub
2025-10-24 01:46:15,171 - CelsiusGuardian - DEBUG - [GUARDIAN] Service OK: mobile_server
2025-10-24 01:46:15,171 - CelsiusGuardian - DEBUG - [GUARDIAN] Service OK: celsius_core
2025-10-24 01:46:25,172 - CelsiusGuardian - DEBUG - [GUARDIAN] Performing health check...
2025-10-24 01:46:25,172 - CelsiusGuardian - DEBUG - [GUARDIAN] Service OK: server_hub
2025-10-24 01:46:25,172 - CelsiusGuardian - DEBUG - [GUARDIAN] Service OK: mobile_server
2025-10-24 01:46:25,172 - CelsiusGuardian - DEBUG - [GUARDIAN] Service OK: celsius_core
2025-10-24 01:46:35,174 - CelsiusGuardian - DEBUG - [GUARDIAN] Performing health check...
2025-10-24 01:46:35,174 - CelsiusGuardian - DEBUG - [GUARDIAN] Service OK: server_hub
2025-10-24 01:46:35,174 - CelsiusGuardian - DEBUG - [GUARDIAN] Service OK: mobile_server
2025-10-24 01:46:35,174 - CelsiusGuardian - DEBUG - [GUARDIAN] Service OK: celsius_core
2025-10-24 01:46:45,175 - CelsiusGuardian - DEBUG - [GUARDIAN] Performing health check...
2025-10-24 01:46:45,175 - CelsiusGuardian - DEBUG - [GUARDIAN] Service OK: server_hub
2025-10-24 01:46:45,175 - CelsiusGuardian - DEBUG - [GUARDIAN] Service OK: mobile_server
2025-10-24 01:46:45,175 - CelsiusGuardian - DEBUG - [GUARDIAN] Service OK: celsius_core
2025-10-24 01:46:55,176 - CelsiusGuardian - DEBUG - [GUARDIAN] Performing health check...
2025-10-24 01:46:55,176 - CelsiusGuardian - DEBUG - [GUARDIAN] Service OK: server_hub
2025-10-24 01:46:55,176 - CelsiusGuardian - DEBUG - [GUARDIAN] Service OK: mobile_server
2025-10-24 01:46:55,176 - CelsiusGuardian - DEBUG - [GUARDIAN] Service OK: celsius_core
2025-10-24 01:47:05,177 - CelsiusGuardian - DEBUG - [GUARDIAN] Performing health check...
2025-10-24 01:47:05,177 - CelsiusGuardian - DEBUG - [GUARDIAN] Service OK: server_hub
2025-10-24 01:47:05,177 - CelsiusGuardian - DEBUG - [GUARDIAN] Service OK: mobile_server
2025-10-24 01:47:05,177 - CelsiusGuardian - DEBUG - [GUARDIAN] Service OK: celsius_core
2025-10-24 01:47:15,178 - CelsiusGuardian - DEBUG - [GUARDIAN] Performing health check...
2025-10-24 01:47:15,178 - CelsiusGuardian - DEBUG - [GUARDIAN] Service OK: server_hub
2025-10-24 01:47:15,178 - CelsiusGuardian - DEBUG - [GUARDIAN] Service OK: mobile_server
2025-10-24 01:47:15,178 - CelsiusGuardian - DEBUG - [GUARDIAN] Service OK: celsius_core
2025-10-24 01:47:25,179 - CelsiusGuardian - DEBUG - [GUARDIAN] Performing health check...
2025-10-24 01:47:25,179 - CelsiusGuardian - DEBUG - [GUARDIAN] Service OK: server_hub
2025-10-24 01:47:25,179 - CelsiusGuardian - DEBUG - [GUARDIAN] Service OK: mobile_server
2025-10-24 01:47:25,179 - CelsiusGuardian - DEBUG - [GUARDIAN] Service OK: celsius_core
2025-10-24 01:47:35,181 - CelsiusGuardian - DEBUG - [GUARDIAN] Performing health check...
2025-10-24 01:47:35,181 - CelsiusGuardian - DEBUG - [GUARDIAN] Service OK: server_hub
2025-10-24 01:47:35,181 - CelsiusGuardian - DEBUG - [GUARDIAN] Service OK: mobile_server
2025-10-24 01:47:35,181 - CelsiusGuardian - DEBUG - [GUARDIAN] Service OK: celsius_core
2025-10-24 01:47:45,182 - CelsiusGuardian - DEBUG - [GUARDIAN] Performing health check...
2025-10-24 01:47:45,182 - CelsiusGuardian - DEBUG - [GUARDIAN] Service OK: server_hub
2025-10-24 01:47:45,182 - CelsiusGuardian - DEBUG - [GUARDIAN] Service OK: mobile_server
2025-10-24 01:47:45,182 - CelsiusGuardian - DEBUG - [GUARDIAN] Service OK: celsius_core
2025-10-24 01:47:55,183 - CelsiusGuardian - DEBUG - [GUARDIAN] Performing health check...
2025-10-24 01:47:55,183 - CelsiusGuardian - DEBUG - [GUARDIAN] Service OK: server_hub
2025-10-24 01:47:55,183 - CelsiusGuardian - DEBUG - [GUARDIAN] Service OK: mobile_server
2025-10-24 01:47:55,183 - CelsiusGuardian - DEBUG - [GUARDIAN] Service OK: celsius_core
2025-10-24 01:48:05,184 - CelsiusGuardian - DEBUG - [GUARDIAN] Performing health check...
2025-10-24 01:48:05,184 - CelsiusGuardian - DEBUG - [GUARDIAN] Service OK: server_hub
2025-10-24 01:48:05,184 - CelsiusGuardian - DEBUG - [GUARDIAN] Service OK: mobile_server
2025-10-24 01:48:05,184 - CelsiusGuardian - DEBUG - [GUARDIAN] Service OK: celsius_core
2025-10-24 01:48:15,185 - CelsiusGuardian - DEBUG - [GUARDIAN] Performing health check...
2025-10-24 01:48:15,185 - CelsiusGuardian - DEBUG - [GUARDIAN] Service OK: server_hub
2025-10-24 01:48:15,185 - CelsiusGuardian - DEBUG - [GUARDIAN] Service OK: mobile_server
2025-10-24 01:48:15,185 - CelsiusGuardian - DEBUG - [GUARDIAN] Service OK: celsius_core
2025-10-24 01:48:25,187 - CelsiusGuardian - DEBUG - [GUARDIAN] Performing health check...
2025-10-24 01:48:25,187 - CelsiusGuardian - DEBUG - [GUARDIAN] Service OK: server_hub
2025-10-24 01:48:25,187 - CelsiusGuardian - DEBUG - [GUARDIAN] Service OK: mobile_server
2025-10-24 01:48:25,187 - CelsiusGuardian - DEBUG - [GUARDIAN] Service OK: celsius_core
2025-10-24 01:48:35,188 - CelsiusGuardian - DEBUG - [GUARDIAN] Performing health check...
2025-10-24 01:48:35,188 - CelsiusGuardian - DEBUG - [GUARDIAN] Service OK: server_hub
2025-10-24 01:48:35,188 - CelsiusGuardian - DEBUG - [GUARDIAN] Service OK: mobile_server
2025-10-24 01:48:35,188 - CelsiusGuardian - DEBUG - [GUARDIAN] Service OK: celsius_core
2025-10-24 01:48:45,189 - CelsiusGuardian - DEBUG - [GUARDIAN] Performing health check...
2025-10-24 01:48:45,189 - CelsiusGuardian - DEBUG - [GUARDIAN] Service OK: server_hub
2025-10-24 01:48:45,189 - CelsiusGuardian - DEBUG - [GUARDIAN] Service OK: mobile_server
2025-10-24 01:48:45,189 - CelsiusGuardian - DEBUG - [GUARDIAN] Service OK: celsius_core
2025-10-24 01:48:55,190 - CelsiusGuardian - DEBUG - [GUARDIAN] Performing health check...
2025-10-24 01:48:55,190 - CelsiusGuardian - DEBUG - [GUARDIAN] Service OK: server_hub
2025-10-24 01:48:55,190 - CelsiusGuardian - DEBUG - [GUARDIAN] Service OK: mobile_server
2025-10-24 01:48:55,190 - CelsiusGuardian - DEBUG - [GUARDIAN] Service OK: celsius_core
2025-10-24 01:49:05,191 - CelsiusGuardian - DEBUG - [GUARDIAN] Performing health check...
2025-10-24 01:49:05,191 - CelsiusGuardian - DEBUG - [GUARDIAN] Service OK: server_hub
2025-10-24 01:49:05,191 - CelsiusGuardian - DEBUG - [GUARDIAN] Service OK: mobile_server
2025-10-24 01:49:05,191 - CelsiusGuardian - DEBUG - [GUARDIAN] Service OK: celsius_core
2025-10-24 01:49:15,192 - CelsiusGuardian - DEBUG - [GUARDIAN] Performing health check...
2025-10-24 01:49:15,192 - CelsiusGuardian - DEBUG - [GUARDIAN] Service OK: server_hub
2025-10-24 01:49:15,192 - CelsiusGuardian - DEBUG - [GUARDIAN] Service OK: mobile_server
2025-10-24 01:49:15,192 - CelsiusGuardian - DEBUG - [GUARDIAN] Service OK: celsius_core
2025-10-24 01:49:25,193 - CelsiusGuardian - DEBUG - [GUARDIAN] Performing health check...
2025-10-24 01:49:25,193 - CelsiusGuardian - DEBUG - [GUARDIAN] Service OK: server_hub
2025-10-24 01:49:25,193 - CelsiusGuardian - DEBUG - [GUARDIAN] Service OK: mobile_server
2025-10-24 01:49:25,193 - CelsiusGuardian - DEBUG - [GUARDIAN] Service OK: celsius_core
2025-10-24 01:49:35,194 - CelsiusGuardian - DEBUG - [GUARDIAN] Performing health check...
2025-10-24 01:49:35,194 - CelsiusGuardian - DEBUG - [GUARDIAN] Service OK: server_hub
2025-10-24 01:49:35,194 - CelsiusGuardian - DEBUG - [GUARDIAN] Service OK: mobile_server
2025-10-24 01:49:35,194 - CelsiusGuardian - DEBUG - [GUARDIAN] Service OK: celsius_core
2025-10-24 01:49:45,195 - CelsiusGuardian - DEBUG - [GUARDIAN] Performing health check...
2025-10-24 01:49:45,195 - CelsiusGuardian - DEBUG - [GUARDIAN] Service OK: server_hub
2025-10-24 01:49:45,195 - CelsiusGuardian - DEBUG - [GUARDIAN] Service OK: mobile_server
2025-10-24 01:49:45,195 - CelsiusGuardian - DEBUG - [GUARDIAN] Service OK: celsius_core
2025-10-24 01:49:55,197 - CelsiusGuardian - DEBUG - [GUARDIAN] Performing health check...
2025-10-24 01:49:55,197 - CelsiusGuardian - DEBUG - [GUARDIAN] Service OK: server_hub
2025-10-24 01:49:55,197 - CelsiusGuardian - DEBUG - [GUARDIAN] Service OK: mobile_server
2025-10-24 01:49:55,197 - CelsiusGuardian - DEBUG - [GUARDIAN] Service OK: celsius_core
2025-10-24 01:50:05,198 - CelsiusGuardian - DEBUG - [GUARDIAN] Performing health check...
2025-10-24 01:50:05,198 - CelsiusGuardian - DEBUG - [GUARDIAN] Service OK: server_hub
2025-10-24 01:50:05,198 - CelsiusGuardian - DEBUG - [GUARDIAN] Service OK: mobile_server
2025-10-24 01:50:05,198 - CelsiusGuardian - DEBUG - [GUARDIAN] Service OK: celsius_core
2025-10-24 01:50:15,199 - CelsiusGuardian - DEBUG - [GUARDIAN] Performing health check...
2025-10-24 01:50:15,199 - CelsiusGuardian - DEBUG - [GUARDIAN] Service OK: server_hub
2025-10-24 01:50:15,199 - CelsiusGuardian - DEBUG - [GUARDIAN] Service OK: mobile_server
2025-10-24 01:50:15,199 - CelsiusGuardian - DEBUG - [GUARDIAN] Service OK: celsius_core
2025-10-24 01:50:25,200 - CelsiusGuardian - DEBUG - [GUARDIAN] Performing health check...
2025-10-24 01:50:25,200 - CelsiusGuardian - DEBUG - [GUARDIAN] Service OK: server_hub
2025-10-24 01:50:25,200 - CelsiusGuardian - DEBUG - [GUARDIAN] Service OK: mobile_server
2025-10-24 01:50:25,200 - CelsiusGuardian - DEBUG - [GUARDIAN] Service OK: celsius_core
2025-10-24 01:50:35,201 - CelsiusGuardian - DEBUG - [GUARDIAN] Performing health check...
2025-10-24 01:50:35,201 - CelsiusGuardian - DEBUG - [GUARDIAN] Service OK: server_hub
2025-10-24 01:50:35,201 - CelsiusGuardian - DEBUG - [GUARDIAN] Service OK: mobile_server
2025-10-24 01:50:35,201 - CelsiusGuardian - DEBUG - [GUARDIAN] Service OK: celsius_core
2025-10-24 01:50:45,202 - CelsiusGuardian - DEBUG - [GUARDIAN] Performing health check...
2025-10-24 01:50:45,202 - CelsiusGuardian - DEBUG - [GUARDIAN] Service OK: server_hub
2025-10-24 01:50:45,202 - CelsiusGuardian - DEBUG - [GUARDIAN] Service OK: mobile_server
2025-10-24 01:50:45,202 - CelsiusGuardian - DEBUG - [GUARDIAN] Service OK: celsius_core
2025-10-24 01:50:55,204 - CelsiusGuardian - DEBUG - [GUARDIAN] Performing health check...
2025-10-24 01:50:55,204 - CelsiusGuardian - DEBUG - [GUARDIAN] Service OK: server_hub
2025-10-24 01:50:55,204 - CelsiusGuardian - DEBUG - [GUARDIAN] Service OK: mobile_server
2025-10-24 01:50:55,204 - CelsiusGuardian - DEBUG - [GUARDIAN] Service OK: celsius_core
2025-10-24 01:51:05,205 - CelsiusGuardian - DEBUG - [GUARDIAN] Performing health check...
2025-10-24 01:51:05,205 - CelsiusGuardian - DEBUG - [GUARDIAN] Service OK: server_hub
2025-10-24 01:51:05,205 - CelsiusGuardian - DEBUG - [GUARDIAN] Service OK: mobile_server
2025-10-24 01:51:05,205 - CelsiusGuardian - DEBUG - [GUARDIAN] Service OK: celsius_core
2025-10-24 01:51:15,206 - CelsiusGuardian - DEBUG - [GUARDIAN] Performing health check...
2025-10-24 01:51:15,206 - CelsiusGuardian - DEBUG - [GUARDIAN] Service OK: server_hub
2025-10-24 01:51:15,206 - CelsiusGuardian - DEBUG - [GUARDIAN] Service OK: mobile_server
2025-10-24 01:51:15,206 - CelsiusGuardian - DEBUG - [GUARDIAN] Service OK: celsius_core
2025-10-24 01:51:25,207 - CelsiusGuardian - DEBUG - [GUARDIAN] Performing health check...
2025-10-24 01:51:25,207 - CelsiusGuardian - DEBUG - [GUARDIAN] Service OK: server_hub
2025-10-24 01:51:25,207 - CelsiusGuardian - DEBUG - [GUARDIAN] Service OK: mobile_server
2025-10-24 01:51:25,207 - CelsiusGuardian - DEBUG - [GUARDIAN] Service OK: celsius_core
2025-10-24 01:51:35,208 - CelsiusGuardian - DEBUG - [GUARDIAN] Performing health check...
2025-10-24 01:51:35,208 - CelsiusGuardian - DEBUG - [GUARDIAN] Service OK: server_hub
2025-10-24 01:51:35,208 - CelsiusGuardian - DEBUG - [GUARDIAN] Service OK: mobile_server
2025-10-24 01:51:35,208 - CelsiusGuardian - DEBUG - [GUARDIAN] Service OK: celsius_core
2025-10-24 01:51:45,209 - CelsiusGuardian - DEBUG - [GUARDIAN] Performing health check...
2025-10-24 01:51:45,209 - CelsiusGuardian - DEBUG - [GUARDIAN] Service OK: server_hub
2025-10-24 01:51:45,209 - CelsiusGuardian - DEBUG - [GUARDIAN] Service OK: mobile_server
2025-10-24 01:51:45,209 - CelsiusGuardian - DEBUG - [GUARDIAN] Service OK: celsius_core
2025-10-24 01:51:55,211 - CelsiusGuardian - DEBUG - [GUARDIAN] Performing health check...
2025-10-24 01:51:55,211 - CelsiusGuardian - DEBUG - [GUARDIAN] Service OK: server_hub
2025-10-24 01:51:55,211 - CelsiusGuardian - DEBUG - [GUARDIAN] Service OK: mobile_server
2025-10-24 01:51:55,211 - CelsiusGuardian - DEBUG - [GUARDIAN] Service OK: celsius_core
2025-10-24 01:52:05,212 - CelsiusGuardian - DEBUG - [GUARDIAN] Performing health check...
2025-10-24 01:52:05,212 - CelsiusGuardian - DEBUG - [GUARDIAN] Service OK: server_hub
2025-10-24 01:52:05,212 - CelsiusGuardian - DEBUG - [GUARDIAN] Service OK: mobile_server
2025-10-24 01:52:05,212 - CelsiusGuardian - DEBUG - [GUARDIAN] Service OK: celsius_core
2025-10-24 01:52:15,213 - CelsiusGuardian - DEBUG - [GUARDIAN] Performing health check...
2025-10-24 01:52:15,213 - CelsiusGuardian - DEBUG - [GUARDIAN] Service OK: server_hub
2025-10-24 01:52:15,213 - CelsiusGuardian - DEBUG - [GUARDIAN] Service OK: mobile_server
2025-10-24 01:52:15,213 - CelsiusGuardian - DEBUG - [GUARDIAN] Service OK: celsius_core
2025-10-24 01:52:25,214 - CelsiusGuardian - DEBUG - [GUARDIAN] Performing health check...
2025-10-24 01:52:25,214 - CelsiusGuardian - DEBUG - [GUARDIAN] Service OK: server_hub
2025-10-24 01:52:25,214 - CelsiusGuardian - DEBUG - [GUARDIAN] Service OK: mobile_server
2025-10-24 01:52:25,214 - CelsiusGuardian - DEBUG - [GUARDIAN] Service OK: celsius_core
2025-10-24 01:52:35,215 - CelsiusGuardian - DEBUG - [GUARDIAN] Performing health check...
2025-10-24 01:52:35,215 - CelsiusGuardian - DEBUG - [GUARDIAN] Service OK: server_hub
2025-10-24 01:52:35,215 - CelsiusGuardian - DEBUG - [GUARDIAN] Service OK: mobile_server
2025-10-24 01:52:35,215 - CelsiusGuardian - DEBUG - [GUARDIAN] Service OK: celsius_core
2025-10-24 01:52:45,216 - CelsiusGuardian - DEBUG - [GUARDIAN] Performing health check...
2025-10-24 01:52:45,216 - CelsiusGuardian - DEBUG - [GUARDIAN] Service OK: server_hub
2025-10-24 01:52:45,216 - CelsiusGuardian - DEBUG - [GUARDIAN] Service OK: mobile_server
2025-10-24 01:52:45,216 - CelsiusGuardian - DEBUG - [GUARDIAN] Service OK: celsius_core
2025-10-24 01:52:55,217 - CelsiusGuardian - DEBUG - [GUARDIAN] Performing health check...
2025-10-24 01:52:55,217 - CelsiusGuardian - DEBUG - [GUARDIAN] Service OK: server_hub
2025-10-24 01:52:55,217 - CelsiusGuardian - DEBUG - [GUARDIAN] Service OK: mobile_server
2025-10-24 01:52:55,217 - CelsiusGuardian - DEBUG - [GUARDIAN] Service OK: celsius_core
2025-10-24 01:53:05,218 - CelsiusGuardian - DEBUG - [GUARDIAN] Performing health check...
2025-10-24 01:53:05,218 - CelsiusGuardian - DEBUG - [GUARDIAN] Service OK: server_hub
2025-10-24 01:53:05,218 - CelsiusGuardian - DEBUG - [GUARDIAN] Service OK: mobile_server
2025-10-24 01:53:05,218 - CelsiusGuardian - DEBUG - [GUARDIAN] Service OK: celsius_core
2025-10-24 01:53:15,219 - CelsiusGuardian - DEBUG - [GUARDIAN] Performing health check...
2025-10-24 01:53:15,219 - CelsiusGuardian - DEBUG - [GUARDIAN] Service OK: server_hub
2025-10-24 01:53:15,219 - CelsiusGuardian - DEBUG - [GUARDIAN] Service OK: mobile_server
2025-10-24 01:53:15,219 - CelsiusGuardian - DEBUG - [GUARDIAN] Service OK: celsius_core
2025-10-24 01:53:25,221 - CelsiusGuardian - DEBUG - [GUARDIAN] Performing health check...
2025-10-24 01:53:25,221 - CelsiusGuardian - DEBUG - [GUARDIAN] Service OK: server_hub
2025-10-24 01:53:25,221 - CelsiusGuardian - DEBUG - [GUARDIAN] Service OK: mobile_server
2025-10-24 01:53:25,221 - CelsiusGuardian - DEBUG - [GUARDIAN] Service OK: celsius_core
2025-10-24 01:53:35,222 - CelsiusGuardian - DEBUG - [GUARDIAN] Performing health check...
2025-10-24 01:53:35,222 - CelsiusGuardian - DEBUG - [GUARDIAN] Service OK: server_hub
2025-10-24 01:53:35,222 - CelsiusGuardian - DEBUG - [GUARDIAN] Service OK: mobile_server
2025-10-24 01:53:35,222 - CelsiusGuardian - DEBUG - [GUARDIAN] Service OK: celsius_core
2025-10-24 01:53:45,223 - CelsiusGuardian - DEBUG - [GUARDIAN] Performing health check...
2025-10-24 01:53:45,223 - CelsiusGuardian - DEBUG - [GUARDIAN] Service OK: server_hub
2025-10-24 01:53:45,223 - CelsiusGuardian - DEBUG - [GUARDIAN] Service OK: mobile_server
2025-10-24 01:53:45,223 - CelsiusGuardian - DEBUG - [GUARDIAN] Service OK: celsius_core
2025-10-24 01:53:55,225 - CelsiusGuardian - DEBUG - [GUARDIAN] Performing health check...
2025-10-24 01:53:55,225 - CelsiusGuardian - DEBUG - [GUARDIAN] Service OK: server_hub
2025-10-24 01:53:55,225 - CelsiusGuardian - DEBUG - [GUARDIAN] Service OK: mobile_server
2025-10-24 01:53:55,225 - CelsiusGuardian - DEBUG - [GUARDIAN] Service OK: celsius_core
2025-10-24 01:54:05,226 - CelsiusGuardian - DEBUG - [GUARDIAN] Performing health check...
2025-10-24 01:54:05,226 - CelsiusGuardian - DEBUG - [GUARDIAN] Service OK: server_hub
2025-10-24 01:54:05,226 - CelsiusGuardian - DEBUG - [GUARDIAN] Service OK: mobile_server
2025-10-24 01:54:05,226 - CelsiusGuardian - DEBUG - [GUARDIAN] Service OK: celsius_core
2025-10-24 01:54:15,227 - CelsiusGuardian - DEBUG - [GUARDIAN] Performing health check...
2025-10-24 01:54:15,227 - CelsiusGuardian - DEBUG - [GUARDIAN] Service OK: server_hub
2025-10-24 01:54:15,227 - CelsiusGuardian - DEBUG - [GUARDIAN] Service OK: mobile_server
2025-10-24 01:54:15,227 - CelsiusGuardian - DEBUG - [GUARDIAN] Service OK: celsius_core
2025-10-24 01:54:25,228 - CelsiusGuardian - DEBUG - [GUARDIAN] Performing health check...
2025-10-24 01:54:25,228 - CelsiusGuardian - DEBUG - [GUARDIAN] Service OK: server_hub
2025-10-24 01:54:25,228 - CelsiusGuardian - DEBUG - [GUARDIAN] Service OK: mobile_server
2025-10-24 01:54:25,228 - CelsiusGuardian - DEBUG - [GUARDIAN] Service OK: celsius_core
2025-10-24 01:54:35,229 - CelsiusGuardian - DEBUG - [GUARDIAN] Performing health check...
2025-10-24 01:54:35,229 - CelsiusGuardian - DEBUG - [GUARDIAN] Service OK: server_hub
2025-10-24 01:54:35,229 - CelsiusGuardian - DEBUG - [GUARDIAN] Service OK: mobile_server
2025-10-24 01:54:35,229 - CelsiusGuardian - DEBUG - [GUARDIAN] Service OK: celsius_core
2025-10-24 01:54:45,230 - CelsiusGuardian - DEBUG - [GUARDIAN] Performing health check...
2025-10-24 01:54:45,230 - CelsiusGuardian - DEBUG - [GUARDIAN] Service OK: server_hub
2025-10-24 01:54:45,230 - CelsiusGuardian - DEBUG - [GUARDIAN] Service OK: mobile_server
2025-10-24 01:54:45,230 - CelsiusGuardian - DEBUG - [GUARDIAN] Service OK: celsius_core
2025-10-24 01:54:55,231 - CelsiusGuardian - DEBUG - [GUARDIAN] Performing health check...
2025-10-24 01:54:55,231 - CelsiusGuardian - DEBUG - [GUARDIAN] Service OK: server_hub
2025-10-24 01:54:55,231 - CelsiusGuardian - DEBUG - [GUARDIAN] Service OK: mobile_server
2025-10-24 01:54:55,231 - CelsiusGuardian - DEBUG - [GUARDIAN] Service OK: celsius_core
2025-10-24 01:55:05,233 - CelsiusGuardian - DEBUG - [GUARDIAN] Performing health check...
2025-10-24 01:55:05,233 - CelsiusGuardian - DEBUG - [GUARDIAN] Service OK: server_hub
2025-10-24 01:55:05,233 - CelsiusGuardian - DEBUG - [GUARDIAN] Service OK: mobile_server
2025-10-24 01:55:05,233 - CelsiusGuardian - DEBUG - [GUARDIAN] Service OK: celsius_core
2025-10-24 01:55:15,234 - CelsiusGuardian - DEBUG - [GUARDIAN] Performing health check...
2025-10-24 01:55:15,234 - CelsiusGuardian - DEBUG - [GUARDIAN] Service OK: server_hub
2025-10-24 01:55:15,234 - CelsiusGuardian - DEBUG - [GUARDIAN] Service OK: mobile_server
2025-10-24 01:55:15,234 - CelsiusGuardian - DEBUG - [GUARDIAN] Service OK: celsius_core
2025-10-24 01:55:25,235 - CelsiusGuardian - DEBUG - [GUARDIAN] Performing health check...
2025-10-24 01:55:25,235 - CelsiusGuardian - DEBUG - [GUARDIAN] Service OK: server_hub
2025-10-24 01:55:25,235 - CelsiusGuardian - DEBUG - [GUARDIAN] Service OK: mobile_server
2025-10-24 01:55:25,235 - CelsiusGuardian - DEBUG - [GUARDIAN] Service OK: celsius_core
2025-10-24 01:55:35,236 - CelsiusGuardian - DEBUG - [GUARDIAN] Performing health check...
2025-10-24 01:55:35,236 - CelsiusGuardian - DEBUG - [GUARDIAN] Service OK: server_hub
2025-10-24 01:55:35,236 - CelsiusGuardian - DEBUG - [GUARDIAN] Service OK: mobile_server
2025-10-24 01:55:35,236 - CelsiusGuardian - DEBUG - [GUARDIAN] Service OK: celsius_core
2025-10-24 01:55:45,237 - CelsiusGuardian - DEBUG - [GUARDIAN] Performing health check...
2025-10-24 01:55:45,237 - CelsiusGuardian - DEBUG - [GUARDIAN] Service OK: server_hub
2025-10-24 01:55:45,237 - CelsiusGuardian - DEBUG - [GUARDIAN] Service OK: mobile_server
2025-10-24 01:55:45,237 - CelsiusGuardian - DEBUG - [GUARDIAN] Service OK: celsius_core
2025-10-24 01:55:55,238 - CelsiusGuardian - DEBUG - [GUARDIAN] Performing health check...
2025-10-24 01:55:55,238 - CelsiusGuardian - DEBUG - [GUARDIAN] Service OK: server_hub
2025-10-24 01:55:55,238 - CelsiusGuardian - DEBUG - [GUARDIAN] Service OK: mobile_server
2025-10-24 01:55:55,238 - CelsiusGuardian - DEBUG - [GUARDIAN] Service OK: celsius_core
2025-10-24 01:56:05,239 - CelsiusGuardian - DEBUG - [GUARDIAN] Performing health check...
2025-10-24 01:56:05,239 - CelsiusGuardian - DEBUG - [GUARDIAN] Service OK: server_hub
2025-10-24 01:56:05,239 - CelsiusGuardian - DEBUG - [GUARDIAN] Service OK: mobile_server
2025-10-24 01:56:05,239 - CelsiusGuardian - DEBUG - [GUARDIAN] Service OK: celsius_core
2025-10-24 01:56:15,240 - CelsiusGuardian - DEBUG - [GUARDIAN] Performing health check...
2025-10-24 01:56:15,240 - CelsiusGuardian - DEBUG - [GUARDIAN] Service OK: server_hub
2025-10-24 01:56:15,240 - CelsiusGuardian - DEBUG - [GUARDIAN] Service OK: mobile_server
2025-10-24 01:56:15,240 - CelsiusGuardian - DEBUG - [GUARDIAN] Service OK: celsius_core
2025-10-24 01:56:25,241 - CelsiusGuardian - DEBUG - [GUARDIAN] Performing health check...
2025-10-24 01:56:25,241 - CelsiusGuardian - DEBUG - [GUARDIAN] Service OK: server_hub
2025-10-24 01:56:25,241 - CelsiusGuardian - DEBUG - [GUARDIAN] Service OK: mobile_server
2025-10-24 01:56:25,241 - CelsiusGuardian - DEBUG - [GUARDIAN] Service OK: celsius_core
2025-10-24 01:56:35,242 - CelsiusGuardian - DEBUG - [GUARDIAN] Performing health check...
2025-10-24 01:56:35,242 - CelsiusGuardian - DEBUG - [GUARDIAN] Service OK: server_hub
2025-10-24 01:56:35,242 - CelsiusGuardian - DEBUG - [GUARDIAN] Service OK: mobile_server
2025-10-24 01:56:35,242 - CelsiusGuardian - DEBUG - [GUARDIAN] Service OK: celsius_core
2025-10-24 01:56:45,243 - CelsiusGuardian - DEBUG - [GUARDIAN] Performing health check...
2025-10-24 01:56:45,243 - CelsiusGuardian - DEBUG - [GUARDIAN] Service OK: server_hub
2025-10-24 01:56:45,243 - CelsiusGuardian - DEBUG - [GUARDIAN] Service OK: mobile_server
2025-10-24 01:56:45,243 - CelsiusGuardian - DEBUG - [GUARDIAN] Service OK: celsius_core
2025-10-24 01:56:55,244 - CelsiusGuardian - DEBUG - [GUARDIAN] Performing health check...
2025-10-24 01:56:55,244 - CelsiusGuardian - DEBUG - [GUARDIAN] Service OK: server_hub
2025-10-24 01:56:55,244 - CelsiusGuardian - DEBUG - [GUARDIAN] Service OK: mobile_server
2025-10-24 01:56:55,244 - CelsiusGuardian - DEBUG - [GUARDIAN] Service OK: celsius_core
2025-10-24 01:57:05,245 - CelsiusGuardian - DEBUG - [GUARDIAN] Performing health check...
2025-10-24 01:57:05,245 - CelsiusGuardian - DEBUG - [GUARDIAN] Service OK: server_hub
2025-10-24 01:57:05,245 - CelsiusGuardian - DEBUG - [GUARDIAN] Service OK: mobile_server
2025-10-24 01:57:05,245 - CelsiusGuardian - DEBUG - [GUARDIAN] Service OK: celsius_core
2025-10-24 01:57:15,246 - CelsiusGuardian - DEBUG - [GUARDIAN] Performing health check...
2025-10-24 01:57:15,246 - CelsiusGuardian - DEBUG - [GUARDIAN] Service OK: server_hub
2025-10-24 01:57:15,246 - CelsiusGuardian - DEBUG - [GUARDIAN] Service OK: mobile_server
2025-10-24 01:57:15,246 - CelsiusGuardian - DEBUG - [GUARDIAN] Service OK: celsius_core
2025-10-24 01:57:25,247 - CelsiusGuardian - DEBUG - [GUARDIAN] Performing health check...
2025-10-24 01:57:25,247 - CelsiusGuardian - DEBUG - [GUARDIAN] Service OK: server_hub
2025-10-24 01:57:25,247 - CelsiusGuardian - DEBUG - [GUARDIAN] Service OK: mobile_server
2025-10-24 01:57:25,247 - CelsiusGuardian - DEBUG - [GUARDIAN] Service OK: celsius_core
2025-10-24 01:57:35,248 - CelsiusGuardian - DEBUG - [GUARDIAN] Performing health check...
2025-10-24 01:57:35,248 - CelsiusGuardian - DEBUG - [GUARDIAN] Service OK: server_hub
2025-10-24 01:57:35,248 - CelsiusGuardian - DEBUG - [GUARDIAN] Service OK: mobile_server
2025-10-24 01:57:35,248 - CelsiusGuardian - DEBUG - [GUARDIAN] Service OK: celsius_core
2025-10-24 01:57:45,250 - CelsiusGuardian - DEBUG - [GUARDIAN] Performing health check...
2025-10-24 01:57:45,250 - CelsiusGuardian - DEBUG - [GUARDIAN] Service OK: server_hub
2025-10-24 01:57:45,250 - CelsiusGuardian - DEBUG - [GUARDIAN] Service OK: mobile_server
2025-10-24 01:57:45,250 - CelsiusGuardian - DEBUG - [GUARDIAN] Service OK: celsius_core
2025-10-24 01:57:55,251 - CelsiusGuardian - DEBUG - [GUARDIAN] Performing health check...
2025-10-24 01:57:55,251 - CelsiusGuardian - DEBUG - [GUARDIAN] Service OK: server_hub
2025-10-24 01:57:55,251 - CelsiusGuardian - DEBUG - [GUARDIAN] Service OK: mobile_server
2025-10-24 01:57:55,251 - CelsiusGuardian - DEBUG - [GUARDIAN] Service OK: celsius_core
2025-10-24 01:58:05,252 - CelsiusGuardian - DEBUG - [GUARDIAN] Performing health check...
2025-10-24 01:58:05,252 - CelsiusGuardian - DEBUG - [GUARDIAN] Service OK: server_hub
2025-10-24 01:58:05,252 - CelsiusGuardian - DEBUG - [GUARDIAN] Service OK: mobile_server
2025-10-24 01:58:05,252 - CelsiusGuardian - DEBUG - [GUARDIAN] Service OK: celsius_core
2025-10-24 01:58:15,253 - CelsiusGuardian - DEBUG - [GUARDIAN] Performing health check...
2025-10-24 01:58:15,253 - CelsiusGuardian - DEBUG - [GUARDIAN] Service OK: server_hub
2025-10-24 01:58:15,253 - CelsiusGuardian - DEBUG - [GUARDIAN] Service OK: mobile_server
2025-10-24 01:58:15,253 - CelsiusGuardian - DEBUG - [GUARDIAN] Service OK: celsius_core
2025-10-24 01:58:25,254 - CelsiusGuardian - DEBUG - [GUARDIAN] Performing health check...
2025-10-24 01:58:25,254 - CelsiusGuardian - DEBUG - [GUARDIAN] Service OK: server_hub
2025-10-24 01:58:25,254 - CelsiusGuardian - DEBUG - [GUARDIAN] Service OK: mobile_server
2025-10-24 01:58:25,254 - CelsiusGuardian - DEBUG - [GUARDIAN] Service OK: celsius_core
2025-10-24 01:58:35,255 - CelsiusGuardian - DEBUG - [GUARDIAN] Performing health check...
2025-10-24 01:58:35,255 - CelsiusGuardian - DEBUG - [GUARDIAN] Service OK: server_hub
2025-10-24 01:58:35,255 - CelsiusGuardian - DEBUG - [GUARDIAN] Service OK: mobile_server
2025-10-24 01:58:35,255 - CelsiusGuardian - DEBUG - [GUARDIAN] Service OK: celsius_core
2025-10-24 01:58:45,256 - CelsiusGuardian - DEBUG - [GUARDIAN] Performing health check...
2025-10-24 01:58:45,256 - CelsiusGuardian - DEBUG - [GUARDIAN] Service OK: server_hub
2025-10-24 01:58:45,256 - CelsiusGuardian - DEBUG - [GUARDIAN] Service OK: mobile_server
2025-10-24 01:58:45,256 - CelsiusGuardian - DEBUG - [GUARDIAN] Service OK: celsius_core
2025-10-24 01:58:55,257 - CelsiusGuardian - DEBUG - [GUARDIAN] Performing health check...
2025-10-24 01:58:55,257 - CelsiusGuardian - DEBUG - [GUARDIAN] Service OK: server_hub
2025-10-24 01:58:55,257 - CelsiusGuardian - DEBUG - [GUARDIAN] Service OK: mobile_server
2025-10-24 01:58:55,257 - CelsiusGuardian - DEBUG - [GUARDIAN] Service OK: celsius_core
2025-10-24 01:59:05,258 - CelsiusGuardian - DEBUG - [GUARDIAN] Performing health check...
2025-10-24 01:59:05,258 - CelsiusGuardian - DEBUG - [GUARDIAN] Service OK: server_hub
2025-10-24 01:59:05,258 - CelsiusGuardian - DEBUG - [GUARDIAN] Service OK: mobile_server
2025-10-24 01:59:05,258 - CelsiusGuardian - DEBUG - [GUARDIAN] Service OK: celsius_core
2025-10-24 01:59:15,259 - CelsiusGuardian - DEBUG - [GUARDIAN] Performing health check...
2025-10-24 01:59:15,259 - CelsiusGuardian - DEBUG - [GUARDIAN] Service OK: server_hub
2025-10-24 01:59:15,259 - CelsiusGuardian - DEBUG - [GUARDIAN] Service OK: mobile_server
2025-10-24 01:59:15,259 - CelsiusGuardian - DEBUG - [GUARDIAN] Service OK: celsius_core
2025-10-24 01:59:25,260 - CelsiusGuardian - DEBUG - [GUARDIAN] Performing health check...
2025-10-24 01:59:25,260 - CelsiusGuardian - DEBUG - [GUARDIAN] Service OK: server_hub
2025-10-24 01:59:25,260 - CelsiusGuardian - DEBUG - [GUARDIAN] Service OK: mobile_server
2025-10-24 01:59:25,260 - CelsiusGuardian - DEBUG - [GUARDIAN] Service OK: celsius_core
2025-10-24 01:59:35,261 - CelsiusGuardian - DEBUG - [GUARDIAN] Performing health check...
2025-10-24 01:59:35,261 - CelsiusGuardian - DEBUG - [GUARDIAN] Service OK: server_hub
2025-10-24 01:59:35,261 - CelsiusGuardian - DEBUG - [GUARDIAN] Service OK: mobile_server
2025-10-24 01:59:35,261 - CelsiusGuardian - DEBUG - [GUARDIAN] Service OK: celsius_core
2025-10-24 01:59:45,262 - CelsiusGuardian - DEBUG - [GUARDIAN] Performing health check...
2025-10-24 01:59:45,262 - CelsiusGuardian - DEBUG - [GUARDIAN] Service OK: server_hub
2025-10-24 01:59:45,262 - CelsiusGuardian - DEBUG - [GUARDIAN] Service OK: mobile_server
2025-10-24 01:59:45,262 - CelsiusGuardian - DEBUG - [GUARDIAN] Service OK: celsius_core
2025-10-24 01:59:55,263 - CelsiusGuardian - DEBUG - [GUARDIAN] Performing health check...
2025-10-24 01:59:55,263 - CelsiusGuardian - DEBUG - [GUARDIAN] Service OK: server_hub
2025-10-24 01:59:55,263 - CelsiusGuardian - DEBUG - [GUARDIAN] Service OK: mobile_server
2025-10-24 01:59:55,263 - CelsiusGuardian - DEBUG - [GUARDIAN] Service OK: celsius_core
2025-10-24 02:00:05,264 - CelsiusGuardian - DEBUG - [GUARDIAN] Performing health check...
2025-10-24 02:00:05,264 - CelsiusGuardian - DEBUG - [GUARDIAN] Service OK: server_hub
2025-10-24 02:00:05,264 - CelsiusGuardian - DEBUG - [GUARDIAN] Service OK: mobile_server
2025-10-24 02:00:05,264 - CelsiusGuardian - DEBUG - [GUARDIAN] Service OK: celsius_core
2025-10-24 02:00:15,265 - CelsiusGuardian - DEBUG - [GUARDIAN] Performing health check...
2025-10-24 02:00:15,265 - CelsiusGuardian - DEBUG - [GUARDIAN] Service OK: server_hub
2025-10-24 02:00:15,265 - CelsiusGuardian - DEBUG - [GUARDIAN] Service OK: mobile_server
2025-10-24 02:00:15,265 - CelsiusGuardian - DEBUG - [GUARDIAN] Service OK: celsius_core
2025-10-24 02:00:25,266 - CelsiusGuardian - DEBUG - [GUARDIAN] Performing health check...
2025-10-24 02:00:25,266 - CelsiusGuardian - DEBUG - [GUARDIAN] Service OK: server_hub
2025-10-24 02:00:25,266 - CelsiusGuardian - DEBUG - [GUARDIAN] Service OK: mobile_server
2025-10-24 02:00:25,266 - CelsiusGuardian - DEBUG - [GUARDIAN] Service OK: celsius_core
2025-10-24 02:00:35,267 - CelsiusGuardian - DEBUG - [GUARDIAN] Performing health check...
2025-10-24 02:00:35,267 - CelsiusGuardian - DEBUG - [GUARDIAN] Service OK: server_hub
2025-10-24 02:00:35,267 - CelsiusGuardian - DEBUG - [GUARDIAN] Service OK: mobile_server
2025-10-24 02:00:35,267 - CelsiusGuardian - DEBUG - [GUARDIAN] Service OK: celsius_core
2025-10-24 02:00:45,268 - CelsiusGuardian - DEBUG - [GUARDIAN] Performing health check...
2025-10-24 02:00:45,268 - CelsiusGuardian - DEBUG - [GUARDIAN] Service OK: server_hub
2025-10-24 02:00:45,268 - CelsiusGuardian - DEBUG - [GUARDIAN] Service OK: mobile_server
2025-10-24 02:00:45,268 - CelsiusGuardian - DEBUG - [GUARDIAN] Service OK: celsius_core
2025-10-24 02:00:55,269 - CelsiusGuardian - DEBUG - [GUARDIAN] Performing health check...
2025-10-24 02:00:55,269 - CelsiusGuardian - DEBUG - [GUARDIAN] Service OK: server_hub
2025-10-24 02:00:55,269 - CelsiusGuardian - DEBUG - [GUARDIAN] Service OK: mobile_server
2025-10-24 02:00:55,269 - CelsiusGuardian - DEBUG - [GUARDIAN] Service OK: celsius_core
2025-10-24 02:01:05,270 - CelsiusGuardian - DEBUG - [GUARDIAN] Performing health check...
2025-10-24 02:01:05,270 - CelsiusGuardian - DEBUG - [GUARDIAN] Service OK: server_hub
2025-10-24 02:01:05,270 - CelsiusGuardian - DEBUG - [GUARDIAN] Service OK: mobile_server
2025-10-24 02:01:05,270 - CelsiusGuardian - DEBUG - [GUARDIAN] Service OK: celsius_core
2025-10-24 02:01:15,271 - CelsiusGuardian - DEBUG - [GUARDIAN] Performing health check...
2025-10-24 02:01:15,271 - CelsiusGuardian - DEBUG - [GUARDIAN] Service OK: server_hub
2025-10-24 02:01:15,271 - CelsiusGuardian - DEBUG - [GUARDIAN] Service OK: mobile_server
2025-10-24 02:01:15,271 - CelsiusGuardian - DEBUG - [GUARDIAN] Service OK: celsius_core
2025-10-24 02:01:25,272 - CelsiusGuardian - DEBUG - [GUARDIAN] Performing health check...
2025-10-24 02:01:25,272 - CelsiusGuardian - DEBUG - [GUARDIAN] Service OK: server_hub
2025-10-24 02:01:25,272 - CelsiusGuardian - DEBUG - [GUARDIAN] Service OK: mobile_server
2025-10-24 02:01:25,272 - CelsiusGuardian - DEBUG - [GUARDIAN] Service OK: celsius_core
2025-10-24 02:01:35,273 - CelsiusGuardian - DEBUG - [GUARDIAN] Performing health check...
2025-10-24 02:01:35,273 - CelsiusGuardian - DEBUG - [GUARDIAN] Service OK: server_hub
2025-10-24 02:01:35,273 - CelsiusGuardian - DEBUG - [GUARDIAN] Service OK: mobile_server
2025-10-24 02:01:35,273 - CelsiusGuardian - DEBUG - [GUARDIAN] Service OK: celsius_core
2025-10-24 02:01:45,274 - CelsiusGuardian - DEBUG - [GUARDIAN] Performing health check...
2025-10-24 02:01:45,274 - CelsiusGuardian - DEBUG - [GUARDIAN] Service OK: server_hub
2025-10-24 02:01:45,274 - CelsiusGuardian - DEBUG - [GUARDIAN] Service OK: mobile_server
2025-10-24 02:01:45,274 - CelsiusGuardian - DEBUG - [GUARDIAN] Service OK: celsius_core
2025-10-24 02:01:55,275 - CelsiusGuardian - DEBUG - [GUARDIAN] Performing health check...
2025-10-24 02:01:55,275 - CelsiusGuardian - DEBUG - [GUARDIAN] Service OK: server_hub
2025-10-24 02:01:55,275 - CelsiusGuardian - DEBUG - [GUARDIAN] Service OK: mobile_server
2025-10-24 02:01:55,275 - CelsiusGuardian - DEBUG - [GUARDIAN] Service OK: celsius_core
2025-10-24 02:02:05,276 - CelsiusGuardian - DEBUG - [GUARDIAN] Performing health check...
2025-10-24 02:02:05,276 - CelsiusGuardian - DEBUG - [GUARDIAN] Service OK: server_hub
2025-10-24 02:02:05,276 - CelsiusGuardian - DEBUG - [GUARDIAN] Service OK: mobile_server
2025-10-24 02:02:05,276 - CelsiusGuardian - DEBUG - [GUARDIAN] Service OK: celsius_core
2025-10-24 02:02:15,278 - CelsiusGuardian - DEBUG - [GUARDIAN] Performing health check...
2025-10-24 02:02:15,278 - CelsiusGuardian - DEBUG - [GUARDIAN] Service OK: server_hub
2025-10-24 02:02:15,278 - CelsiusGuardian - DEBUG - [GUARDIAN] Service OK: mobile_server
2025-10-24 02:02:15,278 - CelsiusGuardian - DEBUG - [GUARDIAN] Service OK: celsius_core
2025-10-24 02:02:25,279 - CelsiusGuardian - DEBUG - [GUARDIAN] Performing health check...
2025-10-24 02:02:25,279 - CelsiusGuardian - DEBUG - [GUARDIAN] Service OK: server_hub
2025-10-24 02:02:25,279 - CelsiusGuardian - DEBUG - [GUARDIAN] Service OK: mobile_server
2025-10-24 02:02:25,279 - CelsiusGuardian - DEBUG - [GUARDIAN] Service OK: celsius_core
2025-10-24 02:02:35,280 - CelsiusGuardian - DEBUG - [GUARDIAN] Performing health check...
2025-10-24 02:02:35,280 - CelsiusGuardian - DEBUG - [GUARDIAN] Service OK: server_hub
2025-10-24 02:02:35,280 - CelsiusGuardian - DEBUG - [GUARDIAN] Service OK: mobile_server
2025-10-24 02:02:35,280 - CelsiusGuardian - DEBUG - [GUARDIAN] Service OK: celsius_core
2025-10-24 02:02:45,281 - CelsiusGuardian - DEBUG - [GUARDIAN] Performing health check...
2025-10-24 02:02:45,281 - CelsiusGuardian - DEBUG - [GUARDIAN] Service OK: server_hub
2025-10-24 02:02:45,281 - CelsiusGuardian - DEBUG - [GUARDIAN] Service OK: mobile_server
2025-10-24 02:02:45,281 - CelsiusGuardian - DEBUG - [GUARDIAN] Service OK: celsius_core
2025-10-24 02:02:55,282 - CelsiusGuardian - DEBUG - [GUARDIAN] Performing health check...
2025-10-24 02:02:55,282 - CelsiusGuardian - DEBUG - [GUARDIAN] Service OK: server_hub
2025-10-24 02:02:55,282 - CelsiusGuardian - DEBUG - [GUARDIAN] Service OK: mobile_server
2025-10-24 02:02:55,282 - CelsiusGuardian - DEBUG - [GUARDIAN] Service OK: celsius_core
2025-10-24 02:03:05,283 - CelsiusGuardian - DEBUG - [GUARDIAN] Performing health check...
2025-10-24 02:03:05,283 - CelsiusGuardian - DEBUG - [GUARDIAN] Service OK: server_hub
2025-10-24 02:03:05,283 - CelsiusGuardian - DEBUG - [GUARDIAN] Service OK: mobile_server
2025-10-24 02:03:05,283 - CelsiusGuardian - DEBUG - [GUARDIAN] Service OK: celsius_core
2025-10-24 02:03:15,284 - CelsiusGuardian - DEBUG - [GUARDIAN] Performing health check...
2025-10-24 02:03:15,284 - CelsiusGuardian - DEBUG - [GUARDIAN] Service OK: server_hub
2025-10-24 02:03:15,284 - CelsiusGuardian - DEBUG - [GUARDIAN] Service OK: mobile_server
2025-10-24 02:03:15,284 - CelsiusGuardian - DEBUG - [GUARDIAN] Service OK: celsius_core
2025-10-24 02:03:25,285 - CelsiusGuardian - DEBUG - [GUARDIAN] Performing health check...
2025-10-24 02:03:25,285 - CelsiusGuardian - DEBUG - [GUARDIAN] Service OK: server_hub
2025-10-24 02:03:25,285 - CelsiusGuardian - DEBUG - [GUARDIAN] Service OK: mobile_server
2025-10-24 02:03:25,285 - CelsiusGuardian - DEBUG - [GUARDIAN] Service OK: celsius_core
2025-10-24 02:03:35,286 - CelsiusGuardian - DEBUG - [GUARDIAN] Performing health check...
2025-10-24 02:03:35,286 - CelsiusGuardian - DEBUG - [GUARDIAN] Service OK: server_hub
2025-10-24 02:03:35,286 - CelsiusGuardian - DEBUG - [GUARDIAN] Service OK: mobile_server
2025-10-24 02:03:35,286 - CelsiusGuardian - DEBUG - [GUARDIAN] Service OK: celsius_core
2025-10-24 02:03:45,287 - CelsiusGuardian - DEBUG - [GUARDIAN] Performing health check...
2025-10-24 02:03:45,287 - CelsiusGuardian - DEBUG - [GUARDIAN] Service OK: server_hub
2025-10-24 02:03:45,287 - CelsiusGuardian - DEBUG - [GUARDIAN] Service OK: mobile_server
2025-10-24 02:03:45,287 - CelsiusGuardian - DEBUG - [GUARDIAN] Service OK: celsius_core
2025-10-24 02:03:55,288 - CelsiusGuardian - DEBUG - [GUARDIAN] Performing health check...
2025-10-24 02:03:55,288 - CelsiusGuardian - DEBUG - [GUARDIAN] Service OK: server_hub
2025-10-24 02:03:55,288 - CelsiusGuardian - DEBUG - [GUARDIAN] Service OK: mobile_server
2025-10-24 02:03:55,288 - CelsiusGuardian - DEBUG - [GUARDIAN] Service OK: celsius_core
2025-10-24 02:04:05,289 - CelsiusGuardian - DEBUG - [GUARDIAN] Performing health check...
2025-10-24 02:04:05,289 - CelsiusGuardian - DEBUG - [GUARDIAN] Service OK: server_hub
2025-10-24 02:04:05,289 - CelsiusGuardian - DEBUG - [GUARDIAN] Service OK: mobile_server
2025-10-24 02:04:05,289 - CelsiusGuardian - DEBUG - [GUARDIAN] Service OK: celsius_core
2025-10-24 02:04:15,290 - CelsiusGuardian - DEBUG - [GUARDIAN] Performing health check...
2025-10-24 02:04:15,290 - CelsiusGuardian - DEBUG - [GUARDIAN] Service OK: server_hub
2025-10-24 02:04:15,290 - CelsiusGuardian - DEBUG - [GUARDIAN] Service OK: mobile_server
2025-10-24 02:04:15,290 - CelsiusGuardian - DEBUG - [GUARDIAN] Service OK: celsius_core
2025-10-24 02:04:25,291 - CelsiusGuardian - DEBUG - [GUARDIAN] Performing health check...
2025-10-24 02:04:25,291 - CelsiusGuardian - DEBUG - [GUARDIAN] Service OK: server_hub
2025-10-24 02:04:25,291 - CelsiusGuardian - DEBUG - [GUARDIAN] Service OK: mobile_server
2025-10-24 02:04:25,291 - CelsiusGuardian - DEBUG - [GUARDIAN] Service OK: celsius_core
2025-10-24 02:04:35,292 - CelsiusGuardian - DEBUG - [GUARDIAN] Performing health check...
2025-10-24 02:04:35,292 - CelsiusGuardian - DEBUG - [GUARDIAN] Service OK: server_hub
2025-10-24 02:04:35,292 - CelsiusGuardian - DEBUG - [GUARDIAN] Service OK: mobile_server
2025-10-24 02:04:35,292 - CelsiusGuardian - DEBUG - [GUARDIAN] Service OK: celsius_core
2025-10-24 02:04:45,294 - CelsiusGuardian - DEBUG - [GUARDIAN] Performing health check...
2025-10-24 02:04:45,294 - CelsiusGuardian - DEBUG - [GUARDIAN] Service OK: server_hub
2025-10-24 02:04:45,294 - CelsiusGuardian - DEBUG - [GUARDIAN] Service OK: mobile_server
2025-10-24 02:04:45,294 - CelsiusGuardian - DEBUG - [GUARDIAN] Service OK: celsius_core
2025-10-24 02:04:55,295 - CelsiusGuardian - DEBUG - [GUARDIAN] Performing health check...
2025-10-24 02:04:55,295 - CelsiusGuardian - DEBUG - [GUARDIAN] Service OK: server_hub
2025-10-24 02:04:55,295 - CelsiusGuardian - DEBUG - [GUARDIAN] Service OK: mobile_server
2025-10-24 02:04:55,295 - CelsiusGuardian - DEBUG - [GUARDIAN] Service OK: celsius_core
2025-10-24 02:05:05,296 - CelsiusGuardian - DEBUG - [GUARDIAN] Performing health check...
2025-10-24 02:05:05,296 - CelsiusGuardian - DEBUG - [GUARDIAN] Service OK: server_hub
2025-10-24 02:05:05,296 - CelsiusGuardian - DEBUG - [GUARDIAN] Service OK: mobile_server
2025-10-24 02:05:05,296 - CelsiusGuardian - DEBUG - [GUARDIAN] Service OK: celsius_core
2025-10-24 02:05:15,297 - CelsiusGuardian - DEBUG - [GUARDIAN] Performing health check...
2025-10-24 02:05:15,297 - CelsiusGuardian - DEBUG - [GUARDIAN] Service OK: server_hub
2025-10-24 02:05:15,297 - CelsiusGuardian - DEBUG - [GUARDIAN] Service OK: mobile_server
2025-10-24 02:05:15,297 - CelsiusGuardian - DEBUG - [GUARDIAN] Service OK: celsius_core
2025-10-24 02:05:25,298 - CelsiusGuardian - DEBUG - [GUARDIAN] Performing health check...
2025-10-24 02:05:25,298 - CelsiusGuardian - DEBUG - [GUARDIAN] Service OK: server_hub
2025-10-24 02:05:25,298 - CelsiusGuardian - DEBUG - [GUARDIAN] Service OK: mobile_server
2025-10-24 02:05:25,298 - CelsiusGuardian - DEBUG - [GUARDIAN] Service OK: celsius_core
2025-10-24 02:05:35,299 - CelsiusGuardian - DEBUG - [GUARDIAN] Performing health check...
2025-10-24 02:05:35,299 - CelsiusGuardian - DEBUG - [GUARDIAN] Service OK: server_hub
2025-10-24 02:05:35,299 - CelsiusGuardian - DEBUG - [GUARDIAN] Service OK: mobile_server
2025-10-24 02:05:35,299 - CelsiusGuardian - DEBUG - [GUARDIAN] Service OK: celsius_core
2025-10-24 02:05:45,300 - CelsiusGuardian - DEBUG - [GUARDIAN] Performing health check...
2025-10-24 02:05:45,300 - CelsiusGuardian - DEBUG - [GUARDIAN] Service OK: server_hub
2025-10-24 02:05:45,300 - CelsiusGuardian - DEBUG - [GUARDIAN] Service OK: mobile_server
2025-10-24 02:05:45,300 - CelsiusGuardian - DEBUG - [GUARDIAN] Service OK: celsius_core
2025-10-24 02:05:55,301 - CelsiusGuardian - DEBUG - [GUARDIAN] Performing health check...
2025-10-24 02:05:55,301 - CelsiusGuardian - DEBUG - [GUARDIAN] Service OK: server_hub
2025-10-24 02:05:55,301 - CelsiusGuardian - DEBUG - [GUARDIAN] Service OK: mobile_server
2025-10-24 02:05:55,301 - CelsiusGuardian - DEBUG - [GUARDIAN] Service OK: celsius_core
2025-10-24 02:06:05,303 - CelsiusGuardian - DEBUG - [GUARDIAN] Performing health check...
2025-10-24 02:06:05,303 - CelsiusGuardian - DEBUG - [GUARDIAN] Service OK: server_hub
2025-10-24 02:06:05,303 - CelsiusGuardian - DEBUG - [GUARDIAN] Service OK: mobile_server
2025-10-24 02:06:05,303 - CelsiusGuardian - DEBUG - [GUARDIAN] Service OK: celsius_core
2025-10-24 02:06:15,304 - CelsiusGuardian - DEBUG - [GUARDIAN] Performing health check...
2025-10-24 02:06:15,304 - CelsiusGuardian - DEBUG - [GUARDIAN] Service OK: server_hub
2025-10-24 02:06:15,304 - CelsiusGuardian - DEBUG - [GUARDIAN] Service OK: mobile_server
2025-10-24 02:06:15,304 - CelsiusGuardian - DEBUG - [GUARDIAN] Service OK: celsius_core
2025-10-24 02:06:25,304 - CelsiusGuardian - DEBUG - [GUARDIAN] Performing health check...
2025-10-24 02:06:25,304 - CelsiusGuardian - DEBUG - [GUARDIAN] Service OK: server_hub
2025-10-24 02:06:25,304 - CelsiusGuardian - DEBUG - [GUARDIAN] Service OK: mobile_server
2025-10-24 02:06:25,304 - CelsiusGuardian - DEBUG - [GUARDIAN] Service OK: celsius_core
2025-10-24 02:06:35,306 - CelsiusGuardian - DEBUG - [GUARDIAN] Performing health check...
2025-10-24 02:06:35,306 - CelsiusGuardian - DEBUG - [GUARDIAN] Service OK: server_hub
2025-10-24 02:06:35,306 - CelsiusGuardian - DEBUG - [GUARDIAN] Service OK: mobile_server
2025-10-24 02:06:35,306 - CelsiusGuardian - DEBUG - [GUARDIAN] Service OK: celsius_core
2025-10-24 02:06:45,307 - CelsiusGuardian - DEBUG - [GUARDIAN] Performing health check...
2025-10-24 02:06:45,307 - CelsiusGuardian - DEBUG - [GUARDIAN] Service OK: server_hub
2025-10-24 02:06:45,307 - CelsiusGuardian - DEBUG - [GUARDIAN] Service OK: mobile_server
2025-10-24 02:06:45,307 - CelsiusGuardian - DEBUG - [GUARDIAN] Service OK: celsius_core
2025-10-24 02:06:55,308 - CelsiusGuardian - DEBUG - [GUARDIAN] Performing health check...
2025-10-24 02:06:55,308 - CelsiusGuardian - DEBUG - [GUARDIAN] Service OK: server_hub
2025-10-24 02:06:55,308 - CelsiusGuardian - DEBUG - [GUARDIAN] Service OK: mobile_server
2025-10-24 02:06:55,308 - CelsiusGuardian - DEBUG - [GUARDIAN] Service OK: celsius_core
2025-10-24 02:07:05,309 - CelsiusGuardian - DEBUG - [GUARDIAN] Performing health check...
2025-10-24 02:07:05,309 - CelsiusGuardian - DEBUG - [GUARDIAN] Service OK: server_hub
2025-10-24 02:07:05,309 - CelsiusGuardian - DEBUG - [GUARDIAN] Service OK: mobile_server
2025-10-24 02:07:05,309 - CelsiusGuardian - DEBUG - [GUARDIAN] Service OK: celsius_core
2025-10-24 02:07:15,310 - CelsiusGuardian - DEBUG - [GUARDIAN] Performing health check...
2025-10-24 02:07:15,310 - CelsiusGuardian - DEBUG - [GUARDIAN] Service OK: server_hub
2025-10-24 02:07:15,310 - CelsiusGuardian - DEBUG - [GUARDIAN] Service OK: mobile_server
2025-10-24 02:07:15,310 - CelsiusGuardian - DEBUG - [GUARDIAN] Service OK: celsius_core
2025-10-24 02:07:25,311 - CelsiusGuardian - DEBUG - [GUARDIAN] Performing health check...
2025-10-24 02:07:25,311 - CelsiusGuardian - DEBUG - [GUARDIAN] Service OK: server_hub
2025-10-24 02:07:25,311 - CelsiusGuardian - DEBUG - [GUARDIAN] Service OK: mobile_server
2025-10-24 02:07:25,311 - CelsiusGuardian - DEBUG - [GUARDIAN] Service OK: celsius_core
2025-10-24 02:07:35,312 - CelsiusGuardian - DEBUG - [GUARDIAN] Performing health check...
2025-10-24 02:07:35,312 - CelsiusGuardian - DEBUG - [GUARDIAN] Service OK: server_hub
2025-10-24 02:07:35,312 - CelsiusGuardian - DEBUG - [GUARDIAN] Service OK: mobile_server
2025-10-24 02:07:35,312 - CelsiusGuardian - DEBUG - [GUARDIAN] Service OK: celsius_core
2025-10-24 02:07:45,313 - CelsiusGuardian - DEBUG - [GUARDIAN] Performing health check...
2025-10-24 02:07:45,313 - CelsiusGuardian - DEBUG - [GUARDIAN] Service OK: server_hub
2025-10-24 02:07:45,313 - CelsiusGuardian - DEBUG - [GUARDIAN] Service OK: mobile_server
2025-10-24 02:07:45,313 - CelsiusGuardian - DEBUG - [GUARDIAN] Service OK: celsius_core
2025-10-24 02:07:55,315 - CelsiusGuardian - DEBUG - [GUARDIAN] Performing health check...
2025-10-24 02:07:55,315 - CelsiusGuardian - DEBUG - [GUARDIAN] Service OK: server_hub
2025-10-24 02:07:55,315 - CelsiusGuardian - DEBUG - [GUARDIAN] Service OK: mobile_server
2025-10-24 02:07:55,315 - CelsiusGuardian - DEBUG - [GUARDIAN] Service OK: celsius_core
2025-10-24 02:08:05,316 - CelsiusGuardian - DEBUG - [GUARDIAN] Performing health check...
2025-10-24 02:08:05,316 - CelsiusGuardian - DEBUG - [GUARDIAN] Service OK: server_hub
2025-10-24 02:08:05,316 - CelsiusGuardian - DEBUG - [GUARDIAN] Service OK: mobile_server
2025-10-24 02:08:05,316 - CelsiusGuardian - DEBUG - [GUARDIAN] Service OK: celsius_core
2025-10-24 02:08:15,317 - CelsiusGuardian - DEBUG - [GUARDIAN] Performing health check...
2025-10-24 02:08:15,317 - CelsiusGuardian - DEBUG - [GUARDIAN] Service OK: server_hub
2025-10-24 02:08:15,317 - CelsiusGuardian - DEBUG - [GUARDIAN] Service OK: mobile_server
2025-10-24 02:08:15,317 - CelsiusGuardian - DEBUG - [GUARDIAN] Service OK: celsius_core
2025-10-24 02:08:25,318 - CelsiusGuardian - DEBUG - [GUARDIAN] Performing health check...
2025-10-24 02:08:25,318 - CelsiusGuardian - DEBUG - [GUARDIAN] Service OK: server_hub
2025-10-24 02:08:25,318 - CelsiusGuardian - DEBUG - [GUARDIAN] Service OK: mobile_server
2025-10-24 02:08:25,318 - CelsiusGuardian - DEBUG - [GUARDIAN] Service OK: celsius_core
2025-10-24 02:08:35,319 - CelsiusGuardian - DEBUG - [GUARDIAN] Performing health check...
2025-10-24 02:08:35,319 - CelsiusGuardian - DEBUG - [GUARDIAN] Service OK: server_hub
2025-10-24 02:08:35,319 - CelsiusGuardian - DEBUG - [GUARDIAN] Service OK: mobile_server
2025-10-24 02:08:35,319 - CelsiusGuardian - DEBUG - [GUARDIAN] Service OK: celsius_core
2025-10-24 02:08:45,320 - CelsiusGuardian - DEBUG - [GUARDIAN] Performing health check...
2025-10-24 02:08:45,320 - CelsiusGuardian - DEBUG - [GUARDIAN] Service OK: server_hub
2025-10-24 02:08:45,320 - CelsiusGuardian - DEBUG - [GUARDIAN] Service OK: mobile_server
2025-10-24 02:08:45,320 - CelsiusGuardian - DEBUG - [GUARDIAN] Service OK: celsius_core
2025-10-24 02:08:55,321 - CelsiusGuardian - DEBUG - [GUARDIAN] Performing health check...
2025-10-24 02:08:55,321 - CelsiusGuardian - DEBUG - [GUARDIAN] Service OK: server_hub
2025-10-24 02:08:55,321 - CelsiusGuardian - DEBUG - [GUARDIAN] Service OK: mobile_server
2025-10-24 02:08:55,321 - CelsiusGuardian - DEBUG - [GUARDIAN] Service OK: celsius_core
2025-10-24 02:09:05,323 - CelsiusGuardian - DEBUG - [GUARDIAN] Performing health check...
2025-10-24 02:09:05,323 - CelsiusGuardian - DEBUG - [GUARDIAN] Service OK: server_hub
2025-10-24 02:09:05,323 - CelsiusGuardian - DEBUG - [GUARDIAN] Service OK: mobile_server
2025-10-24 02:09:05,323 - CelsiusGuardian - DEBUG - [GUARDIAN] Service OK: celsius_core
2025-10-24 02:09:15,323 - CelsiusGuardian - DEBUG - [GUARDIAN] Performing health check...
2025-10-24 02:09:15,323 - CelsiusGuardian - DEBUG - [GUARDIAN] Service OK: server_hub
2025-10-24 02:09:15,323 - CelsiusGuardian - DEBUG - [GUARDIAN] Service OK: mobile_server
2025-10-24 02:09:15,323 - CelsiusGuardian - DEBUG - [GUARDIAN] Service OK: celsius_core
2025-10-24 02:09:25,325 - CelsiusGuardian - DEBUG - [GUARDIAN] Performing health check...
2025-10-24 02:09:25,325 - CelsiusGuardian - DEBUG - [GUARDIAN] Service OK: server_hub
2025-10-24 02:09:25,325 - CelsiusGuardian - DEBUG - [GUARDIAN] Service OK: mobile_server
2025-10-24 02:09:25,325 - CelsiusGuardian - DEBUG - [GUARDIAN] Service OK: celsius_core
2025-10-24 02:09:35,326 - CelsiusGuardian - DEBUG - [GUARDIAN] Performing health check...
2025-10-24 02:09:35,326 - CelsiusGuardian - DEBUG - [GUARDIAN] Service OK: server_hub
2025-10-24 02:09:35,326 - CelsiusGuardian - DEBUG - [GUARDIAN] Service OK: mobile_server
2025-10-24 02:09:35,326 - CelsiusGuardian - DEBUG - [GUARDIAN] Service OK: celsius_core
2025-10-24 02:09:45,327 - CelsiusGuardian - DEBUG - [GUARDIAN] Performing health check...
2025-10-24 02:09:45,327 - CelsiusGuardian - DEBUG - [GUARDIAN] Service OK: server_hub
2025-10-24 02:09:45,327 - CelsiusGuardian - DEBUG - [GUARDIAN] Service OK: mobile_server
2025-10-24 02:09:45,327 - CelsiusGuardian - DEBUG - [GUARDIAN] Service OK: celsius_core
2025-10-24 02:09:55,328 - CelsiusGuardian - DEBUG - [GUARDIAN] Performing health check...
2025-10-24 02:09:55,328 - CelsiusGuardian - DEBUG - [GUARDIAN] Service OK: server_hub
2025-10-24 02:09:55,328 - CelsiusGuardian - DEBUG - [GUARDIAN] Service OK: mobile_server
2025-10-24 02:09:55,328 - CelsiusGuardian - DEBUG - [GUARDIAN] Service OK: celsius_core
2025-10-24 02:10:05,329 - CelsiusGuardian - DEBUG - [GUARDIAN] Performing health check...
2025-10-24 02:10:05,329 - CelsiusGuardian - DEBUG - [GUARDIAN] Service OK: server_hub
2025-10-24 02:10:05,329 - CelsiusGuardian - DEBUG - [GUARDIAN] Service OK: mobile_server
2025-10-24 02:10:05,329 - CelsiusGuardian - DEBUG - [GUARDIAN] Service OK: celsius_core
2025-10-24 02:10:15,331 - CelsiusGuardian - DEBUG - [GUARDIAN] Performing health check...
2025-10-24 02:10:15,331 - CelsiusGuardian - DEBUG - [GUARDIAN] Service OK: server_hub
2025-10-24 02:10:15,331 - CelsiusGuardian - DEBUG - [GUARDIAN] Service OK: mobile_server
2025-10-24 02:10:15,331 - CelsiusGuardian - DEBUG - [GUARDIAN] Service OK: celsius_core
2025-10-24 02:10:25,332 - CelsiusGuardian - DEBUG - [GUARDIAN] Performing health check...
2025-10-24 02:10:25,332 - CelsiusGuardian - DEBUG - [GUARDIAN] Service OK: server_hub
2025-10-24 02:10:25,332 - CelsiusGuardian - DEBUG - [GUARDIAN] Service OK: mobile_server
2025-10-24 02:10:25,332 - CelsiusGuardian - DEBUG - [GUARDIAN] Service OK: celsius_core
2025-10-24 02:10:35,333 - CelsiusGuardian - DEBUG - [GUARDIAN] Performing health check...
2025-10-24 02:10:35,333 - CelsiusGuardian - DEBUG - [GUARDIAN] Service OK: server_hub
2025-10-24 02:10:35,333 - CelsiusGuardian - DEBUG - [GUARDIAN] Service OK: mobile_server
2025-10-24 02:10:35,333 - CelsiusGuardian - DEBUG - [GUARDIAN] Service OK: celsius_core
2025-10-24 02:10:45,334 - CelsiusGuardian - DEBUG - [GUARDIAN] Performing health check...
2025-10-24 02:10:45,334 - CelsiusGuardian - DEBUG - [GUARDIAN] Service OK: server_hub
2025-10-24 02:10:45,334 - CelsiusGuardian - DEBUG - [GUARDIAN] Service OK: mobile_server
2025-10-24 02:10:45,334 - CelsiusGuardian - DEBUG - [GUARDIAN] Service OK: celsius_core
2025-10-24 02:10:55,335 - CelsiusGuardian - DEBUG - [GUARDIAN] Performing health check...
2025-10-24 02:10:55,335 - CelsiusGuardian - DEBUG - [GUARDIAN] Service OK: server_hub
2025-10-24 02:10:55,335 - CelsiusGuardian - DEBUG - [GUARDIAN] Service OK: mobile_server
2025-10-24 02:10:55,335 - CelsiusGuardian - DEBUG - [GUARDIAN] Service OK: celsius_core
2025-10-24 02:11:05,336 - CelsiusGuardian - DEBUG - [GUARDIAN] Performing health check...
2025-10-24 02:11:05,336 - CelsiusGuardian - DEBUG - [GUARDIAN] Service OK: server_hub
2025-10-24 02:11:05,336 - CelsiusGuardian - DEBUG - [GUARDIAN] Service OK: mobile_server
2025-10-24 02:11:05,336 - CelsiusGuardian - DEBUG - [GUARDIAN] Service OK: celsius_core
2025-10-24 02:11:15,337 - CelsiusGuardian - DEBUG - [GUARDIAN] Performing health check...
2025-10-24 02:11:15,337 - CelsiusGuardian - DEBUG - [GUARDIAN] Service OK: server_hub
2025-10-24 02:11:15,337 - CelsiusGuardian - DEBUG - [GUARDIAN] Service OK: mobile_server
2025-10-24 02:11:15,337 - CelsiusGuardian - DEBUG - [GUARDIAN] Service OK: celsius_core
2025-10-24 02:11:25,338 - CelsiusGuardian - DEBUG - [GUARDIAN] Performing health check...
2025-10-24 02:11:25,338 - CelsiusGuardian - DEBUG - [GUARDIAN] Service OK: server_hub
2025-10-24 02:11:25,338 - CelsiusGuardian - DEBUG - [GUARDIAN] Service OK: mobile_server
2025-10-24 02:11:25,338 - CelsiusGuardian - DEBUG - [GUARDIAN] Service OK: celsius_core
2025-10-24 02:11:35,340 - CelsiusGuardian - DEBUG - [GUARDIAN] Performing health check...
2025-10-24 02:11:35,340 - CelsiusGuardian - DEBUG - [GUARDIAN] Service OK: server_hub
2025-10-24 02:11:35,340 - CelsiusGuardian - DEBUG - [GUARDIAN] Service OK: mobile_server
2025-10-24 02:11:35,340 - CelsiusGuardian - DEBUG - [GUARDIAN] Service OK: celsius_core
2025-10-24 02:11:45,341 - CelsiusGuardian - DEBUG - [GUARDIAN] Performing health check...
2025-10-24 02:11:45,341 - CelsiusGuardian - DEBUG - [GUARDIAN] Service OK: server_hub
2025-10-24 02:11:45,341 - CelsiusGuardian - DEBUG - [GUARDIAN] Service OK: mobile_server
2025-10-24 02:11:45,341 - CelsiusGuardian - DEBUG - [GUARDIAN] Service OK: celsius_core
2025-10-24 02:11:55,342 - CelsiusGuardian - DEBUG - [GUARDIAN] Performing health check...
2025-10-24 02:11:55,342 - CelsiusGuardian - DEBUG - [GUARDIAN] Service OK: server_hub
2025-10-24 02:11:55,342 - CelsiusGuardian - DEBUG - [GUARDIAN] Service OK: mobile_server
2025-10-24 02:11:55,342 - CelsiusGuardian - DEBUG - [GUARDIAN] Service OK: celsius_core
2025-10-24 02:12:05,343 - CelsiusGuardian - DEBUG - [GUARDIAN] Performing health check...
2025-10-24 02:12:05,343 - CelsiusGuardian - DEBUG - [GUARDIAN] Service OK: server_hub
2025-10-24 02:12:05,343 - CelsiusGuardian - DEBUG - [GUARDIAN] Service OK: mobile_server
2025-10-24 02:12:05,343 - CelsiusGuardian - DEBUG - [GUARDIAN] Service OK: celsius_core
2025-10-24 02:12:15,344 - CelsiusGuardian - DEBUG - [GUARDIAN] Performing health check...
2025-10-24 02:12:15,344 - CelsiusGuardian - DEBUG - [GUARDIAN] Service OK: server_hub
2025-10-24 02:12:15,344 - CelsiusGuardian - DEBUG - [GUARDIAN] Service OK: mobile_server
2025-10-24 02:12:15,344 - CelsiusGuardian - DEBUG - [GUARDIAN] Service OK: celsius_core
2025-10-24 02:12:25,345 - CelsiusGuardian - DEBUG - [GUARDIAN] Performing health check...
2025-10-24 02:12:25,345 - CelsiusGuardian - DEBUG - [GUARDIAN] Service OK: server_hub
2025-10-24 02:12:25,345 - CelsiusGuardian - DEBUG - [GUARDIAN] Service OK: mobile_server
2025-10-24 02:12:25,345 - CelsiusGuardian - DEBUG - [GUARDIAN] Service OK: celsius_core
2025-10-24 02:12:35,346 - CelsiusGuardian - DEBUG - [GUARDIAN] Performing health check...
2025-10-24 02:12:35,346 - CelsiusGuardian - DEBUG - [GUARDIAN] Service OK: server_hub
2025-10-24 02:12:35,346 - CelsiusGuardian - DEBUG - [GUARDIAN] Service OK: mobile_server
2025-10-24 02:12:35,346 - CelsiusGuardian - DEBUG - [GUARDIAN] Service OK: celsius_core
2025-10-24 02:12:45,347 - CelsiusGuardian - DEBUG - [GUARDIAN] Performing health check...
2025-10-24 02:12:45,347 - CelsiusGuardian - DEBUG - [GUARDIAN] Service OK: server_hub
2025-10-24 02:12:45,347 - CelsiusGuardian - DEBUG - [GUARDIAN] Service OK: mobile_server
2025-10-24 02:12:45,347 - CelsiusGuardian - DEBUG - [GUARDIAN] Service OK: celsius_core
2025-10-24 02:12:55,348 - CelsiusGuardian - DEBUG - [GUARDIAN] Performing health check...
2025-10-24 02:12:55,348 - CelsiusGuardian - DEBUG - [GUARDIAN] Service OK: server_hub
2025-10-24 02:12:55,348 - CelsiusGuardian - DEBUG - [GUARDIAN] Service OK: mobile_server
2025-10-24 02:12:55,348 - CelsiusGuardian - DEBUG - [GUARDIAN] Service OK: celsius_core
2025-10-24 02:13:05,350 - CelsiusGuardian - DEBUG - [GUARDIAN] Performing health check...
2025-10-24 02:13:05,350 - CelsiusGuardian - DEBUG - [GUARDIAN] Service OK: server_hub
2025-10-24 02:13:05,350 - CelsiusGuardian - DEBUG - [GUARDIAN] Service OK: mobile_server
2025-10-24 02:13:05,350 - CelsiusGuardian - DEBUG - [GUARDIAN] Service OK: celsius_core
2025-10-24 02:13:15,351 - CelsiusGuardian - DEBUG - [GUARDIAN] Performing health check...
2025-10-24 02:13:15,351 - CelsiusGuardian - DEBUG - [GUARDIAN] Service OK: server_hub
2025-10-24 02:13:15,351 - CelsiusGuardian - DEBUG - [GUARDIAN] Service OK: mobile_server
2025-10-24 02:13:15,351 - CelsiusGuardian - DEBUG - [GUARDIAN] Service OK: celsius_core
2025-10-24 02:13:25,352 - CelsiusGuardian - DEBUG - [GUARDIAN] Performing health check...
2025-10-24 02:13:25,352 - CelsiusGuardian - DEBUG - [GUARDIAN] Service OK: server_hub
2025-10-24 02:13:25,352 - CelsiusGuardian - DEBUG - [GUARDIAN] Service OK: mobile_server
2025-10-24 02:13:25,352 - CelsiusGuardian - DEBUG - [GUARDIAN] Service OK: celsius_core
2025-10-24 02:13:35,353 - CelsiusGuardian - DEBUG - [GUARDIAN] Performing health check...
2025-10-24 02:13:35,353 - CelsiusGuardian - DEBUG - [GUARDIAN] Service OK: server_hub
2025-10-24 02:13:35,353 - CelsiusGuardian - DEBUG - [GUARDIAN] Service OK: mobile_server
2025-10-24 02:13:35,353 - CelsiusGuardian - DEBUG - [GUARDIAN] Service OK: celsius_core
2025-10-24 02:13:45,354 - CelsiusGuardian - DEBUG - [GUARDIAN] Performing health check...
2025-10-24 02:13:45,354 - CelsiusGuardian - DEBUG - [GUARDIAN] Service OK: server_hub
2025-10-24 02:13:45,354 - CelsiusGuardian - DEBUG - [GUARDIAN] Service OK: mobile_server
2025-10-24 02:13:45,354 - CelsiusGuardian - DEBUG - [GUARDIAN] Service OK: celsius_core
2025-10-24 02:13:55,355 - CelsiusGuardian - DEBUG - [GUARDIAN] Performing health check...
2025-10-24 02:13:55,355 - CelsiusGuardian - DEBUG - [GUARDIAN] Service OK: server_hub
2025-10-24 02:13:55,355 - CelsiusGuardian - DEBUG - [GUARDIAN] Service OK: mobile_server
2025-10-24 02:13:55,355 - CelsiusGuardian - DEBUG - [GUARDIAN] Service OK: celsius_core
2025-10-24 02:14:05,356 - CelsiusGuardian - DEBUG - [GUARDIAN] Performing health check...
2025-10-24 02:14:05,356 - CelsiusGuardian - DEBUG - [GUARDIAN] Service OK: server_hub
2025-10-24 02:14:05,356 - CelsiusGuardian - DEBUG - [GUARDIAN] Service OK: mobile_server
2025-10-24 02:14:05,356 - CelsiusGuardian - DEBUG - [GUARDIAN] Service OK: celsius_core
2025-10-24 02:14:15,357 - CelsiusGuardian - DEBUG - [GUARDIAN] Performing health check...
2025-10-24 02:14:15,357 - CelsiusGuardian - DEBUG - [GUARDIAN] Service OK: server_hub
2025-10-24 02:14:15,357 - CelsiusGuardian - DEBUG - [GUARDIAN] Service OK: mobile_server
2025-10-24 02:14:15,357 - CelsiusGuardian - DEBUG - [GUARDIAN] Service OK: celsius_core
2025-10-24 02:14:25,359 - CelsiusGuardian - DEBUG - [GUARDIAN] Performing health check...
2025-10-24 02:14:25,359 - CelsiusGuardian - DEBUG - [GUARDIAN] Service OK: server_hub
2025-10-24 02:14:25,359 - CelsiusGuardian - DEBUG - [GUARDIAN] Service OK: mobile_server
2025-10-24 02:14:25,359 - CelsiusGuardian - DEBUG - [GUARDIAN] Service OK: celsius_core
2025-10-24 02:14:35,360 - CelsiusGuardian - DEBUG - [GUARDIAN] Performing health check...
2025-10-24 02:14:35,360 - CelsiusGuardian - DEBUG - [GUARDIAN] Service OK: server_hub
2025-10-24 02:14:35,360 - CelsiusGuardian - DEBUG - [GUARDIAN] Service OK: mobile_server
2025-10-24 02:14:35,360 - CelsiusGuardian - DEBUG - [GUARDIAN] Service OK: celsius_core
2025-10-24 02:14:45,361 - CelsiusGuardian - DEBUG - [GUARDIAN] Performing health check...
2025-10-24 02:14:45,361 - CelsiusGuardian - DEBUG - [GUARDIAN] Service OK: server_hub
2025-10-24 02:14:45,361 - CelsiusGuardian - DEBUG - [GUARDIAN] Service OK: mobile_server
2025-10-24 02:14:45,361 - CelsiusGuardian - DEBUG - [GUARDIAN] Service OK: celsius_core
2025-10-24 02:14:55,362 - CelsiusGuardian - DEBUG - [GUARDIAN] Performing health check...
2025-10-24 02:14:55,362 - CelsiusGuardian - DEBUG - [GUARDIAN] Service OK: server_hub
2025-10-24 02:14:55,362 - CelsiusGuardian - DEBUG - [GUARDIAN] Service OK: mobile_server
2025-10-24 02:14:55,362 - CelsiusGuardian - DEBUG - [GUARDIAN] Service OK: celsius_core
2025-10-24 02:15:05,363 - CelsiusGuardian - DEBUG - [GUARDIAN] Performing health check...
2025-10-24 02:15:05,363 - CelsiusGuardian - DEBUG - [GUARDIAN] Service OK: server_hub
2025-10-24 02:15:05,363 - CelsiusGuardian - DEBUG - [GUARDIAN] Service OK: mobile_server
2025-10-24 02:15:05,363 - CelsiusGuardian - DEBUG - [GUARDIAN] Service OK: celsius_core
2025-10-24 02:15:15,363 - CelsiusGuardian - DEBUG - [GUARDIAN] Performing health check...
2025-10-24 02:15:15,363 - CelsiusGuardian - DEBUG - [GUARDIAN] Service OK: server_hub
2025-10-24 02:15:15,363 - CelsiusGuardian - DEBUG - [GUARDIAN] Service OK: mobile_server
2025-10-24 02:15:15,363 - CelsiusGuardian - DEBUG - [GUARDIAN] Service OK: celsius_core
2025-10-24 02:15:25,364 - CelsiusGuardian - DEBUG - [GUARDIAN] Performing health check...
2025-10-24 02:15:25,364 - CelsiusGuardian - DEBUG - [GUARDIAN] Service OK: server_hub
2025-10-24 02:15:25,364 - CelsiusGuardian - DEBUG - [GUARDIAN] Service OK: mobile_server
2025-10-24 02:15:25,364 - CelsiusGuardian - DEBUG - [GUARDIAN] Service OK: celsius_core
2025-10-24 02:15:35,365 - CelsiusGuardian - DEBUG - [GUARDIAN] Performing health check...
2025-10-24 02:15:35,365 - CelsiusGuardian - DEBUG - [GUARDIAN] Service OK: server_hub
2025-10-24 02:15:35,365 - CelsiusGuardian - DEBUG - [GUARDIAN] Service OK: mobile_server
2025-10-24 02:15:35,365 - CelsiusGuardian - DEBUG - [GUARDIAN] Service OK: celsius_core
2025-10-24 02:15:45,366 - CelsiusGuardian - DEBUG - [GUARDIAN] Performing health check...
2025-10-24 02:15:45,366 - CelsiusGuardian - DEBUG - [GUARDIAN] Service OK: server_hub
2025-10-24 02:15:45,366 - CelsiusGuardian - DEBUG - [GUARDIAN] Service OK: mobile_server
2025-10-24 02:15:45,366 - CelsiusGuardian - DEBUG - [GUARDIAN] Service OK: celsius_core
2025-10-24 02:15:55,367 - CelsiusGuardian - DEBUG - [GUARDIAN] Performing health check...
2025-10-24 02:15:55,367 - CelsiusGuardian - DEBUG - [GUARDIAN] Service OK: server_hub
2025-10-24 02:15:55,367 - CelsiusGuardian - DEBUG - [GUARDIAN] Service OK: mobile_server
2025-10-24 02:15:55,367 - CelsiusGuardian - DEBUG - [GUARDIAN] Service OK: celsius_core
2025-10-24 02:16:05,368 - CelsiusGuardian - DEBUG - [GUARDIAN] Performing health check...
2025-10-24 02:16:05,368 - CelsiusGuardian - DEBUG - [GUARDIAN] Service OK: server_hub
2025-10-24 02:16:05,368 - CelsiusGuardian - DEBUG - [GUARDIAN] Service OK: mobile_server
2025-10-24 02:16:05,368 - CelsiusGuardian - DEBUG - [GUARDIAN] Service OK: celsius_core
2025-10-24 02:16:15,369 - CelsiusGuardian - DEBUG - [GUARDIAN] Performing health check...
2025-10-24 02:16:15,369 - CelsiusGuardian - DEBUG - [GUARDIAN] Service OK: server_hub
2025-10-24 02:16:15,369 - CelsiusGuardian - DEBUG - [GUARDIAN] Service OK: mobile_server
2025-10-24 02:16:15,369 - CelsiusGuardian - DEBUG - [GUARDIAN] Service OK: celsius_core
2025-10-24 02:16:25,370 - CelsiusGuardian - DEBUG - [GUARDIAN] Performing health check...
2025-10-24 02:16:25,370 - CelsiusGuardian - DEBUG - [GUARDIAN] Service OK: server_hub
2025-10-24 02:16:25,370 - CelsiusGuardian - DEBUG - [GUARDIAN] Service OK: mobile_server
2025-10-24 02:16:25,370 - CelsiusGuardian - DEBUG - [GUARDIAN] Service OK: celsius_core
2025-10-24 02:16:35,372 - CelsiusGuardian - DEBUG - [GUARDIAN] Performing health check...
2025-10-24 02:16:35,372 - CelsiusGuardian - DEBUG - [GUARDIAN] Service OK: server_hub
2025-10-24 02:16:35,372 - CelsiusGuardian - DEBUG - [GUARDIAN] Service OK: mobile_server
2025-10-24 02:16:35,372 - CelsiusGuardian - DEBUG - [GUARDIAN] Service OK: celsius_core
2025-10-24 02:16:45,373 - CelsiusGuardian - DEBUG - [GUARDIAN] Performing health check...
2025-10-24 02:16:45,373 - CelsiusGuardian - DEBUG - [GUARDIAN] Service OK: server_hub
2025-10-24 02:16:45,373 - CelsiusGuardian - DEBUG - [GUARDIAN] Service OK: mobile_server
2025-10-24 02:16:45,373 - CelsiusGuardian - DEBUG - [GUARDIAN] Service OK: celsius_core
2025-10-24 02:16:55,374 - CelsiusGuardian - DEBUG - [GUARDIAN] Performing health check...
2025-10-24 02:16:57,452 - CelsiusGuardian - WARNING - [GUARDIAN] Service DOWN: server_hub
2025-10-24 02:16:57,452 - CelsiusGuardian - WARNING - [GUARDIAN] Restarting server_hub (attempt #3)
2025-10-24 02:17:05,462 - CelsiusGuardian - INFO - [GUARDIAN] Started server_hub - PID: 22212
2025-10-24 02:17:07,474 - CelsiusGuardian - INFO - [GUARDIAN] server_hub startup verified successfully
2025-10-24 02:17:07,474 - CelsiusGuardian - INFO - [GUARDIAN] Successfully restarted server_hub
2025-10-24 02:17:07,474 - CelsiusGuardian - DEBUG - [GUARDIAN] Service OK: mobile_server
2025-10-24 02:17:07,474 - CelsiusGuardian - DEBUG - [GUARDIAN] Service OK: celsius_core
2025-10-24 02:17:17,475 - CelsiusGuardian - DEBUG - [GUARDIAN] Performing health check...
2025-10-24 02:17:17,475 - CelsiusGuardian - DEBUG - [GUARDIAN] Service OK: server_hub
2025-10-24 02:17:17,475 - CelsiusGuardian - DEBUG - [GUARDIAN] Service OK: mobile_server
2025-10-24 02:17:17,475 - CelsiusGuardian - DEBUG - [GUARDIAN] Service OK: celsius_core
2025-10-24 02:17:27,476 - CelsiusGuardian - DEBUG - [GUARDIAN] Performing health check...
2025-10-24 02:17:27,476 - CelsiusGuardian - DEBUG - [GUARDIAN] Service OK: server_hub
2025-10-24 02:17:27,476 - CelsiusGuardian - DEBUG - [GUARDIAN] Service OK: mobile_server
2025-10-24 02:17:27,476 - CelsiusGuardian - DEBUG - [GUARDIAN] Service OK: celsius_core
2025-10-24 02:17:37,477 - CelsiusGuardian - DEBUG - [GUARDIAN] Performing health check...
2025-10-24 02:17:37,477 - CelsiusGuardian - DEBUG - [GUARDIAN] Service OK: server_hub
2025-10-24 02:17:37,477 - CelsiusGuardian - DEBUG - [GUARDIAN] Service OK: mobile_server
2025-10-24 02:17:37,477 - CelsiusGuardian - DEBUG - [GUARDIAN] Service OK: celsius_core
2025-10-24 02:17:47,478 - CelsiusGuardian - DEBUG - [GUARDIAN] Performing health check...
2025-10-24 02:17:47,478 - CelsiusGuardian - DEBUG - [GUARDIAN] Service OK: server_hub
2025-10-24 02:17:47,478 - CelsiusGuardian - DEBUG - [GUARDIAN] Service OK: mobile_server
2025-10-24 02:17:47,478 - CelsiusGuardian - DEBUG - [GUARDIAN] Service OK: celsius_core
2025-10-24 02:17:57,479 - CelsiusGuardian - DEBUG - [GUARDIAN] Performing health check...
2025-10-24 02:17:57,479 - CelsiusGuardian - DEBUG - [GUARDIAN] Service OK: server_hub
2025-10-24 02:17:57,479 - CelsiusGuardian - DEBUG - [GUARDIAN] Service OK: mobile_server
2025-10-24 02:17:57,479 - CelsiusGuardian - DEBUG - [GUARDIAN] Service OK: celsius_core
2025-10-24 02:18:07,480 - CelsiusGuardian - DEBUG - [GUARDIAN] Performing health check...
2025-10-24 02:18:07,480 - CelsiusGuardian - DEBUG - [GUARDIAN] Service OK: server_hub
2025-10-24 02:18:07,480 - CelsiusGuardian - DEBUG - [GUARDIAN] Service OK: mobile_server
2025-10-24 02:18:07,480 - CelsiusGuardian - DEBUG - [GUARDIAN] Service OK: celsius_core
2025-10-24 02:18:17,482 - CelsiusGuardian - DEBUG - [GUARDIAN] Performing health check...
2025-10-24 02:18:17,482 - CelsiusGuardian - DEBUG - [GUARDIAN] Service OK: server_hub
2025-10-24 02:18:17,482 - CelsiusGuardian - DEBUG - [GUARDIAN] Service OK: mobile_server
2025-10-24 02:18:17,482 - CelsiusGuardian - DEBUG - [GUARDIAN] Service OK: celsius_core
2025-10-24 02:18:27,482 - CelsiusGuardian - DEBUG - [GUARDIAN] Performing health check...
2025-10-24 02:18:27,482 - CelsiusGuardian - DEBUG - [GUARDIAN] Service OK: server_hub
2025-10-24 02:18:27,482 - CelsiusGuardian - DEBUG - [GUARDIAN] Service OK: mobile_server
2025-10-24 02:18:27,482 - CelsiusGuardian - DEBUG - [GUARDIAN] Service OK: celsius_core
2025-10-24 02:18:37,483 - CelsiusGuardian - DEBUG - [GUARDIAN] Performing health check...
2025-10-24 02:18:37,483 - CelsiusGuardian - DEBUG - [GUARDIAN] Service OK: server_hub
2025-10-24 02:18:37,483 - CelsiusGuardian - DEBUG - [GUARDIAN] Service OK: mobile_server
2025-10-24 02:18:37,483 - CelsiusGuardian - DEBUG - [GUARDIAN] Service OK: celsius_core
2025-10-24 02:18:47,484 - CelsiusGuardian - DEBUG - [GUARDIAN] Performing health check...
2025-10-24 02:18:47,484 - CelsiusGuardian - DEBUG - [GUARDIAN] Service OK: server_hub
2025-10-24 02:18:47,484 - CelsiusGuardian - DEBUG - [GUARDIAN] Service OK: mobile_server
2025-10-24 02:18:47,484 - CelsiusGuardian - DEBUG - [GUARDIAN] Service OK: celsius_core
2025-10-24 02:18:57,485 - CelsiusGuardian - DEBUG - [GUARDIAN] Performing health check...
2025-10-24 02:18:57,485 - CelsiusGuardian - DEBUG - [GUARDIAN] Service OK: server_hub
2025-10-24 02:18:57,485 - CelsiusGuardian - DEBUG - [GUARDIAN] Service OK: mobile_server
2025-10-24 02:18:57,485 - CelsiusGuardian - DEBUG - [GUARDIAN] Service OK: celsius_core
2025-10-24 02:19:07,486 - CelsiusGuardian - DEBUG - [GUARDIAN] Performing health check...
2025-10-24 02:19:07,486 - CelsiusGuardian - DEBUG - [GUARDIAN] Service OK: server_hub
2025-10-24 02:19:07,486 - CelsiusGuardian - DEBUG - [GUARDIAN] Service OK: mobile_server
2025-10-24 02:19:07,486 - CelsiusGuardian - DEBUG - [GUARDIAN] Service OK: celsius_core
2025-10-24 02:19:17,487 - CelsiusGuardian - DEBUG - [GUARDIAN] Performing health check...
2025-10-24 02:19:17,487 - CelsiusGuardian - DEBUG - [GUARDIAN] Service OK: server_hub
2025-10-24 02:19:17,487 - CelsiusGuardian - DEBUG - [GUARDIAN] Service OK: mobile_server
2025-10-24 02:19:17,487 - CelsiusGuardian - DEBUG - [GUARDIAN] Service OK: celsius_core
2025-10-24 02:19:27,488 - CelsiusGuardian - DEBUG - [GUARDIAN] Performing health check...
2025-10-24 02:19:27,488 - CelsiusGuardian - DEBUG - [GUARDIAN] Service OK: server_hub
2025-10-24 02:19:27,488 - CelsiusGuardian - DEBUG - [GUARDIAN] Service OK: mobile_server
2025-10-24 02:19:27,488 - CelsiusGuardian - DEBUG - [GUARDIAN] Service OK: celsius_core
2025-10-24 02:19:37,489 - CelsiusGuardian - DEBUG - [GUARDIAN] Performing health check...
2025-10-24 02:19:37,489 - CelsiusGuardian - DEBUG - [GUARDIAN] Service OK: server_hub
2025-10-24 02:19:37,489 - CelsiusGuardian - DEBUG - [GUARDIAN] Service OK: mobile_server
2025-10-24 02:19:37,489 - CelsiusGuardian - DEBUG - [GUARDIAN] Service OK: celsius_core
2025-10-24 02:19:47,490 - CelsiusGuardian - DEBUG - [GUARDIAN] Performing health check...
2025-10-24 02:19:47,490 - CelsiusGuardian - DEBUG - [GUARDIAN] Service OK: server_hub
2025-10-24 02:19:47,490 - CelsiusGuardian - DEBUG - [GUARDIAN] Service OK: mobile_server
2025-10-24 02:19:47,490 - CelsiusGuardian - DEBUG - [GUARDIAN] Service OK: celsius_core
2025-10-24 02:19:57,491 - CelsiusGuardian - DEBUG - [GUARDIAN] Performing health check...
2025-10-24 02:19:57,491 - CelsiusGuardian - DEBUG - [GUARDIAN] Service OK: server_hub
2025-10-24 02:19:57,491 - CelsiusGuardian - DEBUG - [GUARDIAN] Service OK: mobile_server
2025-10-24 02:19:57,491 - CelsiusGuardian - DEBUG - [GUARDIAN] Service OK: celsius_core
2025-10-24 02:20:07,492 - CelsiusGuardian - DEBUG - [GUARDIAN] Performing health check...
2025-10-24 02:20:07,492 - CelsiusGuardian - DEBUG - [GUARDIAN] Service OK: server_hub
2025-10-24 02:20:07,492 - CelsiusGuardian - DEBUG - [GUARDIAN] Service OK: mobile_server
2025-10-24 02:20:07,492 - CelsiusGuardian - DEBUG - [GUARDIAN] Service OK: celsius_core
2025-10-24 02:20:17,493 - CelsiusGuardian - DEBUG - [GUARDIAN] Performing health check...
2025-10-24 02:20:17,493 - CelsiusGuardian - DEBUG - [GUARDIAN] Service OK: server_hub
2025-10-24 02:20:17,493 - CelsiusGuardian - DEBUG - [GUARDIAN] Service OK: mobile_server
2025-10-24 02:20:17,493 - CelsiusGuardian - DEBUG - [GUARDIAN] Service OK: celsius_core
2025-10-24 02:20:27,494 - CelsiusGuardian - DEBUG - [GUARDIAN] Performing health check...
2025-10-24 02:20:27,494 - CelsiusGuardian - DEBUG - [GUARDIAN] Service OK: server_hub
2025-10-24 02:20:27,494 - CelsiusGuardian - DEBUG - [GUARDIAN] Service OK: mobile_server
2025-10-24 02:20:27,494 - CelsiusGuardian - DEBUG - [GUARDIAN] Service OK: celsius_core
2025-10-24 02:20:37,495 - CelsiusGuardian - DEBUG - [GUARDIAN] Performing health check...
2025-10-24 02:20:37,495 - CelsiusGuardian - DEBUG - [GUARDIAN] Service OK: server_hub
2025-10-24 02:20:37,495 - CelsiusGuardian - DEBUG - [GUARDIAN] Service OK: mobile_server
2025-10-24 02:20:37,495 - CelsiusGuardian - DEBUG - [GUARDIAN] Service OK: celsius_core
2025-10-24 02:20:47,496 - CelsiusGuardian - DEBUG - [GUARDIAN] Performing health check...
2025-10-24 02:20:47,496 - CelsiusGuardian - DEBUG - [GUARDIAN] Service OK: server_hub
2025-10-24 02:20:47,496 - CelsiusGuardian - DEBUG - [GUARDIAN] Service OK: mobile_server
2025-10-24 02:20:47,496 - CelsiusGuardian - DEBUG - [GUARDIAN] Service OK: celsius_core
2025-10-24 02:20:57,498 - CelsiusGuardian - DEBUG - [GUARDIAN] Performing health check...
2025-10-24 02:20:57,498 - CelsiusGuardian - DEBUG - [GUARDIAN] Service OK: server_hub
2025-10-24 02:20:57,498 - CelsiusGuardian - DEBUG - [GUARDIAN] Service OK: mobile_server
2025-10-24 02:20:57,498 - CelsiusGuardian - DEBUG - [GUARDIAN] Service OK: celsius_core
2025-10-24 02:21:07,499 - CelsiusGuardian - DEBUG - [GUARDIAN] Performing health check...
2025-10-24 02:21:07,499 - CelsiusGuardian - DEBUG - [GUARDIAN] Service OK: server_hub
2025-10-24 02:21:07,499 - CelsiusGuardian - DEBUG - [GUARDIAN] Service OK: mobile_server
2025-10-24 02:21:07,499 - CelsiusGuardian - DEBUG - [GUARDIAN] Service OK: celsius_core
2025-10-24 02:21:17,500 - CelsiusGuardian - DEBUG - [GUARDIAN] Performing health check...
2025-10-24 02:21:17,500 - CelsiusGuardian - DEBUG - [GUARDIAN] Service OK: server_hub
2025-10-24 02:21:17,500 - CelsiusGuardian - DEBUG - [GUARDIAN] Service OK: mobile_server
2025-10-24 02:21:17,500 - CelsiusGuardian - DEBUG - [GUARDIAN] Service OK: celsius_core
2025-10-24 02:21:27,501 - CelsiusGuardian - DEBUG - [GUARDIAN] Performing health check...
2025-10-24 02:21:27,501 - CelsiusGuardian - DEBUG - [GUARDIAN] Service OK: server_hub
2025-10-24 02:21:27,501 - CelsiusGuardian - DEBUG - [GUARDIAN] Service OK: mobile_server
2025-10-24 02:21:27,501 - CelsiusGuardian - DEBUG - [GUARDIAN] Service OK: celsius_core
2025-10-24 02:21:37,502 - CelsiusGuardian - DEBUG - [GUARDIAN] Performing health check...
2025-10-24 02:21:37,502 - CelsiusGuardian - DEBUG - [GUARDIAN] Service OK: server_hub
2025-10-24 02:21:37,502 - CelsiusGuardian - DEBUG - [GUARDIAN] Service OK: mobile_server
2025-10-24 02:21:37,502 - CelsiusGuardian - DEBUG - [GUARDIAN] Service OK: celsius_core
2025-10-24 02:21:47,503 - CelsiusGuardian - DEBUG - [GUARDIAN] Performing health check...
2025-10-24 02:21:47,503 - CelsiusGuardian - DEBUG - [GUARDIAN] Service OK: server_hub
2025-10-24 02:21:47,503 - CelsiusGuardian - DEBUG - [GUARDIAN] Service OK: mobile_server
2025-10-24 02:21:47,503 - CelsiusGuardian - DEBUG - [GUARDIAN] Service OK: celsius_core
2025-10-24 02:21:57,504 - CelsiusGuardian - DEBUG - [GUARDIAN] Performing health check...
2025-10-24 02:21:57,504 - CelsiusGuardian - DEBUG - [GUARDIAN] Service OK: server_hub
2025-10-24 02:21:57,504 - CelsiusGuardian - DEBUG - [GUARDIAN] Service OK: mobile_server
2025-10-24 02:21:57,504 - CelsiusGuardian - DEBUG - [GUARDIAN] Service OK: celsius_core
2025-10-24 02:22:07,505 - CelsiusGuardian - DEBUG - [GUARDIAN] Performing health check...
2025-10-24 02:22:07,505 - CelsiusGuardian - DEBUG - [GUARDIAN] Service OK: server_hub
2025-10-24 02:22:07,505 - CelsiusGuardian - DEBUG - [GUARDIAN] Service OK: mobile_server
2025-10-24 02:22:07,505 - CelsiusGuardian - DEBUG - [GUARDIAN] Service OK: celsius_core
2025-10-24 02:22:17,506 - CelsiusGuardian - DEBUG - [GUARDIAN] Performing health check...
2025-10-24 02:22:17,506 - CelsiusGuardian - DEBUG - [GUARDIAN] Service OK: server_hub
2025-10-24 02:22:17,506 - CelsiusGuardian - DEBUG - [GUARDIAN] Service OK: mobile_server
2025-10-24 02:22:17,506 - CelsiusGuardian - DEBUG - [GUARDIAN] Service OK: celsius_core
2025-10-24 02:22:27,507 - CelsiusGuardian - DEBUG - [GUARDIAN] Performing health check...
2025-10-24 02:22:27,507 - CelsiusGuardian - DEBUG - [GUARDIAN] Service OK: server_hub
2025-10-24 02:22:27,507 - CelsiusGuardian - DEBUG - [GUARDIAN] Service OK: mobile_server
2025-10-24 02:22:27,507 - CelsiusGuardian - DEBUG - [GUARDIAN] Service OK: celsius_core
2025-10-24 02:22:37,508 - CelsiusGuardian - DEBUG - [GUARDIAN] Performing health check...
2025-10-24 02:22:37,508 - CelsiusGuardian - DEBUG - [GUARDIAN] Service OK: server_hub
2025-10-24 02:22:37,508 - CelsiusGuardian - DEBUG - [GUARDIAN] Service OK: mobile_server
2025-10-24 02:22:37,508 - CelsiusGuardian - DEBUG - [GUARDIAN] Service OK: celsius_core
2025-10-24 02:22:47,509 - CelsiusGuardian - DEBUG - [GUARDIAN] Performing health check...
2025-10-24 02:22:47,509 - CelsiusGuardian - DEBUG - [GUARDIAN] Service OK: server_hub
2025-10-24 02:22:47,509 - CelsiusGuardian - DEBUG - [GUARDIAN] Service OK: mobile_server
2025-10-24 02:22:47,509 - CelsiusGuardian - DEBUG - [GUARDIAN] Service OK: celsius_core
2025-10-24 02:22:57,510 - CelsiusGuardian - DEBUG - [GUARDIAN] Performing health check...
2025-10-24 02:22:57,510 - CelsiusGuardian - DEBUG - [GUARDIAN] Service OK: server_hub
2025-10-24 02:22:57,510 - CelsiusGuardian - DEBUG - [GUARDIAN] Service OK: mobile_server
2025-10-24 02:22:57,510 - CelsiusGuardian - DEBUG - [GUARDIAN] Service OK: celsius_core
2025-10-24 02:23:07,511 - CelsiusGuardian - DEBUG - [GUARDIAN] Performing health check...
2025-10-24 02:23:07,511 - CelsiusGuardian - DEBUG - [GUARDIAN] Service OK: server_hub
2025-10-24 02:23:07,511 - CelsiusGuardian - DEBUG - [GUARDIAN] Service OK: mobile_server
2025-10-24 02:23:07,511 - CelsiusGuardian - DEBUG - [GUARDIAN] Service OK: celsius_core
2025-10-24 02:23:17,512 - CelsiusGuardian - DEBUG - [GUARDIAN] Performing health check...
2025-10-24 02:23:17,512 - CelsiusGuardian - DEBUG - [GUARDIAN] Service OK: server_hub
2025-10-24 02:23:17,512 - CelsiusGuardian - DEBUG - [GUARDIAN] Service OK: mobile_server
2025-10-24 02:23:17,512 - CelsiusGuardian - DEBUG - [GUARDIAN] Service OK: celsius_core
2025-10-24 02:23:27,513 - CelsiusGuardian - DEBUG - [GUARDIAN] Performing health check...
2025-10-24 02:23:27,513 - CelsiusGuardian - DEBUG - [GUARDIAN] Service OK: server_hub
2025-10-24 02:23:27,513 - CelsiusGuardian - DEBUG - [GUARDIAN] Service OK: mobile_server
2025-10-24 02:23:27,513 - CelsiusGuardian - DEBUG - [GUARDIAN] Service OK: celsius_core
2025-10-24 02:23:37,514 - CelsiusGuardian - DEBUG - [GUARDIAN] Performing health check...
2025-10-24 02:23:37,514 - CelsiusGuardian - DEBUG - [GUARDIAN] Service OK: server_hub
2025-10-24 02:23:37,514 - CelsiusGuardian - DEBUG - [GUARDIAN] Service OK: mobile_server
2025-10-24 02:23:37,514 - CelsiusGuardian - DEBUG - [GUARDIAN] Service OK: celsius_core
2025-10-24 02:23:47,515 - CelsiusGuardian - DEBUG - [GUARDIAN] Performing health check...
2025-10-24 02:23:47,515 - CelsiusGuardian - DEBUG - [GUARDIAN] Service OK: server_hub
2025-10-24 02:23:47,515 - CelsiusGuardian - DEBUG - [GUARDIAN] Service OK: mobile_server
2025-10-24 02:23:47,515 - CelsiusGuardian - DEBUG - [GUARDIAN] Service OK: celsius_core
2025-10-24 02:23:57,516 - CelsiusGuardian - DEBUG - [GUARDIAN] Performing health check...
2025-10-24 02:23:57,516 - CelsiusGuardian - DEBUG - [GUARDIAN] Service OK: server_hub
2025-10-24 02:23:57,516 - CelsiusGuardian - DEBUG - [GUARDIAN] Service OK: mobile_server
2025-10-24 02:23:57,516 - CelsiusGuardian - DEBUG - [GUARDIAN] Service OK: celsius_core
2025-10-24 02:24:07,517 - CelsiusGuardian - DEBUG - [GUARDIAN] Performing health check...
2025-10-24 02:24:07,517 - CelsiusGuardian - DEBUG - [GUARDIAN] Service OK: server_hub
2025-10-24 02:24:07,517 - CelsiusGuardian - DEBUG - [GUARDIAN] Service OK: mobile_server
2025-10-24 02:24:07,517 - CelsiusGuardian - DEBUG - [GUARDIAN] Service OK: celsius_core
2025-10-24 02:24:17,519 - CelsiusGuardian - DEBUG - [GUARDIAN] Performing health check...
2025-10-24 02:24:17,519 - CelsiusGuardian - DEBUG - [GUARDIAN] Service OK: server_hub
2025-10-24 02:24:17,519 - CelsiusGuardian - DEBUG - [GUARDIAN] Service OK: mobile_server
2025-10-24 02:24:17,519 - CelsiusGuardian - DEBUG - [GUARDIAN] Service OK: celsius_core
2025-10-24 02:24:27,520 - CelsiusGuardian - DEBUG - [GUARDIAN] Performing health check...
2025-10-24 02:24:27,520 - CelsiusGuardian - DEBUG - [GUARDIAN] Service OK: server_hub
2025-10-24 02:24:27,520 - CelsiusGuardian - DEBUG - [GUARDIAN] Service OK: mobile_server
2025-10-24 02:24:27,520 - CelsiusGuardian - DEBUG - [GUARDIAN] Service OK: celsius_core
2025-10-24 02:24:37,521 - CelsiusGuardian - DEBUG - [GUARDIAN] Performing health check...
2025-10-24 02:24:37,521 - CelsiusGuardian - DEBUG - [GUARDIAN] Service OK: server_hub
2025-10-24 02:24:37,521 - CelsiusGuardian - DEBUG - [GUARDIAN] Service OK: mobile_server
2025-10-24 02:24:37,521 - CelsiusGuardian - DEBUG - [GUARDIAN] Service OK: celsius_core
2025-10-24 02:24:47,522 - CelsiusGuardian - DEBUG - [GUARDIAN] Performing health check...
2025-10-24 02:24:47,522 - CelsiusGuardian - DEBUG - [GUARDIAN] Service OK: server_hub
2025-10-24 02:24:47,522 - CelsiusGuardian - DEBUG - [GUARDIAN] Service OK: mobile_server
2025-10-24 02:24:47,522 - CelsiusGuardian - DEBUG - [GUARDIAN] Service OK: celsius_core
2025-10-24 02:24:57,523 - CelsiusGuardian - DEBUG - [GUARDIAN] Performing health check...
2025-10-24 02:24:57,523 - CelsiusGuardian - DEBUG - [GUARDIAN] Service OK: server_hub
2025-10-24 02:24:57,523 - CelsiusGuardian - DEBUG - [GUARDIAN] Service OK: mobile_server
2025-10-24 02:24:57,523 - CelsiusGuardian - DEBUG - [GUARDIAN] Service OK: celsius_core
2025-10-24 02:25:07,524 - CelsiusGuardian - DEBUG - [GUARDIAN] Performing health check...
2025-10-24 02:25:07,524 - CelsiusGuardian - DEBUG - [GUARDIAN] Service OK: server_hub
2025-10-24 02:25:07,524 - CelsiusGuardian - DEBUG - [GUARDIAN] Service OK: mobile_server
2025-10-24 02:25:07,524 - CelsiusGuardian - DEBUG - [GUARDIAN] Service OK: celsius_core
2025-10-24 02:25:17,525 - CelsiusGuardian - DEBUG - [GUARDIAN] Performing health check...
2025-10-24 02:25:17,525 - CelsiusGuardian - DEBUG - [GUARDIAN] Service OK: server_hub
2025-10-24 02:25:17,525 - CelsiusGuardian - DEBUG - [GUARDIAN] Service OK: mobile_server
2025-10-24 02:25:17,525 - CelsiusGuardian - DEBUG - [GUARDIAN] Service OK: celsius_core
2025-10-24 02:25:27,526 - CelsiusGuardian - DEBUG - [GUARDIAN] Performing health check...
2025-10-24 02:25:27,526 - CelsiusGuardian - DEBUG - [GUARDIAN] Service OK: server_hub
2025-10-24 02:25:27,526 - CelsiusGuardian - DEBUG - [GUARDIAN] Service OK: mobile_server
2025-10-24 02:25:27,526 - CelsiusGuardian - DEBUG - [GUARDIAN] Service OK: celsius_core
2025-10-24 02:25:37,527 - CelsiusGuardian - DEBUG - [GUARDIAN] Performing health check...
2025-10-24 02:25:37,527 - CelsiusGuardian - DEBUG - [GUARDIAN] Service OK: server_hub
2025-10-24 02:25:37,527 - CelsiusGuardian - DEBUG - [GUARDIAN] Service OK: mobile_server
2025-10-24 02:25:37,527 - CelsiusGuardian - DEBUG - [GUARDIAN] Service OK: celsius_core
2025-10-24 02:25:47,528 - CelsiusGuardian - DEBUG - [GUARDIAN] Performing health check...
2025-10-24 02:25:47,528 - CelsiusGuardian - DEBUG - [GUARDIAN] Service OK: server_hub
2025-10-24 02:25:47,528 - CelsiusGuardian - DEBUG - [GUARDIAN] Service OK: mobile_server
2025-10-24 02:25:47,528 - CelsiusGuardian - DEBUG - [GUARDIAN] Service OK: celsius_core
2025-10-24 02:25:57,529 - CelsiusGuardian - DEBUG - [GUARDIAN] Performing health check...
2025-10-24 02:25:57,529 - CelsiusGuardian - DEBUG - [GUARDIAN] Service OK: server_hub
2025-10-24 02:25:57,529 - CelsiusGuardian - DEBUG - [GUARDIAN] Service OK: mobile_server
2025-10-24 02:25:57,529 - CelsiusGuardian - DEBUG - [GUARDIAN] Service OK: celsius_core
2025-10-24 02:26:07,530 - CelsiusGuardian - DEBUG - [GUARDIAN] Performing health check...
2025-10-24 02:26:07,530 - CelsiusGuardian - DEBUG - [GUARDIAN] Service OK: server_hub
2025-10-24 02:26:07,530 - CelsiusGuardian - DEBUG - [GUARDIAN] Service OK: mobile_server
2025-10-24 02:26:07,530 - CelsiusGuardian - DEBUG - [GUARDIAN] Service OK: celsius_core
2025-10-24 02:26:17,531 - CelsiusGuardian - DEBUG - [GUARDIAN] Performing health check...
2025-10-24 02:26:17,531 - CelsiusGuardian - DEBUG - [GUARDIAN] Service OK: server_hub
2025-10-24 02:26:17,531 - CelsiusGuardian - DEBUG - [GUARDIAN] Service OK: mobile_server
2025-10-24 02:26:17,531 - CelsiusGuardian - DEBUG - [GUARDIAN] Service OK: celsius_core
2025-10-24 02:26:27,532 - CelsiusGuardian - DEBUG - [GUARDIAN] Performing health check...
2025-10-24 02:26:27,532 - CelsiusGuardian - DEBUG - [GUARDIAN] Service OK: server_hub
2025-10-24 02:26:27,532 - CelsiusGuardian - DEBUG - [GUARDIAN] Service OK: mobile_server
2025-10-24 02:26:27,532 - CelsiusGuardian - DEBUG - [GUARDIAN] Service OK: celsius_core
2025-10-24 02:26:37,534 - CelsiusGuardian - DEBUG - [GUARDIAN] Performing health check...
2025-10-24 02:26:37,534 - CelsiusGuardian - DEBUG - [GUARDIAN] Service OK: server_hub
2025-10-24 02:26:37,534 - CelsiusGuardian - DEBUG - [GUARDIAN] Service OK: mobile_server
2025-10-24 02:26:37,534 - CelsiusGuardian - DEBUG - [GUARDIAN] Service OK: celsius_core
2025-10-24 02:26:47,535 - CelsiusGuardian - DEBUG - [GUARDIAN] Performing health check...
2025-10-24 02:26:47,535 - CelsiusGuardian - DEBUG - [GUARDIAN] Service OK: server_hub
2025-10-24 02:26:47,535 - CelsiusGuardian - DEBUG - [GUARDIAN] Service OK: mobile_server
2025-10-24 02:26:47,535 - CelsiusGuardian - DEBUG - [GUARDIAN] Service OK: celsius_core
2025-10-24 02:26:57,535 - CelsiusGuardian - DEBUG - [GUARDIAN] Performing health check...
2025-10-24 02:26:57,535 - CelsiusGuardian - DEBUG - [GUARDIAN] Service OK: server_hub
2025-10-24 02:26:57,535 - CelsiusGuardian - DEBUG - [GUARDIAN] Service OK: mobile_server
2025-10-24 02:26:57,535 - CelsiusGuardian - DEBUG - [GUARDIAN] Service OK: celsius_core
2025-10-24 02:27:07,536 - CelsiusGuardian - DEBUG - [GUARDIAN] Performing health check...
2025-10-24 02:27:07,536 - CelsiusGuardian - DEBUG - [GUARDIAN] Service OK: server_hub
2025-10-24 02:27:07,536 - CelsiusGuardian - DEBUG - [GUARDIAN] Service OK: mobile_server
2025-10-24 02:27:07,536 - CelsiusGuardian - DEBUG - [GUARDIAN] Service OK: celsius_core
2025-10-24 02:27:17,538 - CelsiusGuardian - DEBUG - [GUARDIAN] Performing health check...
2025-10-24 02:27:17,538 - CelsiusGuardian - DEBUG - [GUARDIAN] Service OK: server_hub
2025-10-24 02:27:17,538 - CelsiusGuardian - DEBUG - [GUARDIAN] Service OK: mobile_server
2025-10-24 02:27:17,538 - CelsiusGuardian - DEBUG - [GUARDIAN] Service OK: celsius_core
2025-10-24 02:27:27,539 - CelsiusGuardian - DEBUG - [GUARDIAN] Performing health check...
2025-10-24 02:27:27,539 - CelsiusGuardian - DEBUG - [GUARDIAN] Service OK: server_hub
2025-10-24 02:27:27,539 - CelsiusGuardian - DEBUG - [GUARDIAN] Service OK: mobile_server
2025-10-24 02:27:27,539 - CelsiusGuardian - DEBUG - [GUARDIAN] Service OK: celsius_core
2025-10-24 02:27:37,540 - CelsiusGuardian - DEBUG - [GUARDIAN] Performing health check...
2025-10-24 02:27:37,540 - CelsiusGuardian - DEBUG - [GUARDIAN] Service OK: server_hub
2025-10-24 02:27:37,540 - CelsiusGuardian - DEBUG - [GUARDIAN] Service OK: mobile_server
2025-10-24 02:27:37,540 - CelsiusGuardian - DEBUG - [GUARDIAN] Service OK: celsius_core
2025-10-24 02:27:47,540 - CelsiusGuardian - DEBUG - [GUARDIAN] Performing health check...
2025-10-24 02:27:47,540 - CelsiusGuardian - DEBUG - [GUARDIAN] Service OK: server_hub
2025-10-24 02:27:47,540 - CelsiusGuardian - DEBUG - [GUARDIAN] Service OK: mobile_server
2025-10-24 02:27:47,540 - CelsiusGuardian - DEBUG - [GUARDIAN] Service OK: celsius_core
2025-10-24 02:27:57,541 - CelsiusGuardian - DEBUG - [GUARDIAN] Performing health check...
2025-10-24 02:27:57,541 - CelsiusGuardian - DEBUG - [GUARDIAN] Service OK: server_hub
2025-10-24 02:27:57,541 - CelsiusGuardian - DEBUG - [GUARDIAN] Service OK: mobile_server
2025-10-24 02:27:57,541 - CelsiusGuardian - DEBUG - [GUARDIAN] Service OK: celsius_core
2025-10-24 02:28:07,542 - CelsiusGuardian - DEBUG - [GUARDIAN] Performing health check...
2025-10-24 02:28:07,542 - CelsiusGuardian - DEBUG - [GUARDIAN] Service OK: server_hub
2025-10-24 02:28:09,596 - CelsiusGuardian - WARNING - [GUARDIAN] Service DOWN: mobile_server
2025-10-24 02:28:09,596 - CelsiusGuardian - WARNING - [GUARDIAN] Restarting mobile_server (attempt #26)
2025-10-24 02:28:17,604 - CelsiusGuardian - INFO - [GUARDIAN] Started mobile_server - PID: 30332
2025-10-24 02:28:19,615 - CelsiusGuardian - INFO - [GUARDIAN] mobile_server startup verified successfully
2025-10-24 02:28:19,615 - CelsiusGuardian - INFO - [GUARDIAN] Successfully restarted mobile_server
2025-10-24 02:28:19,615 - CelsiusGuardian - DEBUG - [GUARDIAN] Service OK: celsius_core
2025-10-24 02:28:29,616 - CelsiusGuardian - DEBUG - [GUARDIAN] Performing health check...
2025-10-24 02:28:29,616 - CelsiusGuardian - DEBUG - [GUARDIAN] Service OK: server_hub
2025-10-24 02:28:29,616 - CelsiusGuardian - DEBUG - [GUARDIAN] Service OK: mobile_server
2025-10-24 02:28:29,616 - CelsiusGuardian - DEBUG - [GUARDIAN] Service OK: celsius_core
2025-10-24 02:28:39,617 - CelsiusGuardian - DEBUG - [GUARDIAN] Performing health check...
2025-10-24 02:28:39,617 - CelsiusGuardian - DEBUG - [GUARDIAN] Service OK: server_hub
2025-10-24 02:28:39,617 - CelsiusGuardian - DEBUG - [GUARDIAN] Service OK: mobile_server
2025-10-24 02:28:39,617 - CelsiusGuardian - DEBUG - [GUARDIAN] Service OK: celsius_core
2025-10-24 02:28:49,618 - CelsiusGuardian - DEBUG - [GUARDIAN] Performing health check...
2025-10-24 02:28:49,618 - CelsiusGuardian - DEBUG - [GUARDIAN] Service OK: server_hub
2025-10-24 02:28:49,618 - CelsiusGuardian - DEBUG - [GUARDIAN] Service OK: mobile_server
2025-10-24 02:28:49,618 - CelsiusGuardian - DEBUG - [GUARDIAN] Service OK: celsius_core
2025-10-24 02:28:59,619 - CelsiusGuardian - DEBUG - [GUARDIAN] Performing health check...
2025-10-24 02:28:59,619 - CelsiusGuardian - DEBUG - [GUARDIAN] Service OK: server_hub
2025-10-24 02:28:59,619 - CelsiusGuardian - DEBUG - [GUARDIAN] Service OK: mobile_server
2025-10-24 02:28:59,619 - CelsiusGuardian - DEBUG - [GUARDIAN] Service OK: celsius_core
2025-10-24 02:29:09,620 - CelsiusGuardian - DEBUG - [GUARDIAN] Performing health check...
2025-10-24 02:29:09,620 - CelsiusGuardian - DEBUG - [GUARDIAN] Service OK: server_hub
2025-10-24 02:29:09,620 - CelsiusGuardian - DEBUG - [GUARDIAN] Service OK: mobile_server
2025-10-24 02:29:09,620 - CelsiusGuardian - DEBUG - [GUARDIAN] Service OK: celsius_core
2025-10-24 02:29:19,621 - CelsiusGuardian - DEBUG - [GUARDIAN] Performing health check...
2025-10-24 02:29:19,621 - CelsiusGuardian - DEBUG - [GUARDIAN] Service OK: server_hub
2025-10-24 02:29:19,621 - CelsiusGuardian - DEBUG - [GUARDIAN] Service OK: mobile_server
2025-10-24 02:29:19,621 - CelsiusGuardian - DEBUG - [GUARDIAN] Service OK: celsius_core
2025-10-24 02:29:29,622 - CelsiusGuardian - DEBUG - [GUARDIAN] Performing health check...
2025-10-24 02:29:29,622 - CelsiusGuardian - DEBUG - [GUARDIAN] Service OK: server_hub
2025-10-24 02:29:29,622 - CelsiusGuardian - DEBUG - [GUARDIAN] Service OK: mobile_server
2025-10-24 02:29:29,622 - CelsiusGuardian - DEBUG - [GUARDIAN] Service OK: celsius_core
2025-10-24 02:29:39,623 - CelsiusGuardian - DEBUG - [GUARDIAN] Performing health check...
2025-10-24 02:29:39,623 - CelsiusGuardian - DEBUG - [GUARDIAN] Service OK: server_hub
2025-10-24 02:29:39,623 - CelsiusGuardian - DEBUG - [GUARDIAN] Service OK: mobile_server
2025-10-24 02:29:39,623 - CelsiusGuardian - DEBUG - [GUARDIAN] Service OK: celsius_core
2025-10-24 02:29:49,624 - CelsiusGuardian - DEBUG - [GUARDIAN] Performing health check...
2025-10-24 02:29:49,624 - CelsiusGuardian - DEBUG - [GUARDIAN] Service OK: server_hub
2025-10-24 02:29:49,624 - CelsiusGuardian - DEBUG - [GUARDIAN] Service OK: mobile_server
2025-10-24 02:29:49,624 - CelsiusGuardian - DEBUG - [GUARDIAN] Service OK: celsius_core
2025-10-24 02:29:59,625 - CelsiusGuardian - DEBUG - [GUARDIAN] Performing health check...
2025-10-24 02:29:59,625 - CelsiusGuardian - DEBUG - [GUARDIAN] Service OK: server_hub
2025-10-24 02:29:59,625 - CelsiusGuardian - DEBUG - [GUARDIAN] Service OK: mobile_server
2025-10-24 02:29:59,625 - CelsiusGuardian - DEBUG - [GUARDIAN] Service OK: celsius_core
2025-10-24 02:30:09,626 - CelsiusGuardian - DEBUG - [GUARDIAN] Performing health check...
2025-10-24 02:30:09,626 - CelsiusGuardian - DEBUG - [GUARDIAN] Service OK: server_hub
2025-10-24 02:30:09,626 - CelsiusGuardian - DEBUG - [GUARDIAN] Service OK: mobile_server
2025-10-24 02:30:09,626 - CelsiusGuardian - DEBUG - [GUARDIAN] Service OK: celsius_core
2025-10-24 02:30:19,627 - CelsiusGuardian - DEBUG - [GUARDIAN] Performing health check...
2025-10-24 02:30:19,627 - CelsiusGuardian - DEBUG - [GUARDIAN] Service OK: server_hub
2025-10-24 02:30:19,627 - CelsiusGuardian - DEBUG - [GUARDIAN] Service OK: mobile_server
2025-10-24 02:30:19,627 - CelsiusGuardian - DEBUG - [GUARDIAN] Service OK: celsius_core
2025-10-24 02:30:29,628 - CelsiusGuardian - DEBUG - [GUARDIAN] Performing health check...
2025-10-24 02:30:29,628 - CelsiusGuardian - DEBUG - [GUARDIAN] Service OK: server_hub
2025-10-24 02:30:29,628 - CelsiusGuardian - DEBUG - [GUARDIAN] Service OK: mobile_server
2025-10-24 02:30:29,628 - CelsiusGuardian - DEBUG - [GUARDIAN] Service OK: celsius_core
2025-10-24 02:30:39,629 - CelsiusGuardian - DEBUG - [GUARDIAN] Performing health check...
2025-10-24 02:30:39,629 - CelsiusGuardian - DEBUG - [GUARDIAN] Service OK: server_hub
2025-10-24 02:30:39,629 - CelsiusGuardian - DEBUG - [GUARDIAN] Service OK: mobile_server
2025-10-24 02:30:39,629 - CelsiusGuardian - DEBUG - [GUARDIAN] Service OK: celsius_core
2025-10-24 02:30:49,630 - CelsiusGuardian - DEBUG - [GUARDIAN] Performing health check...
2025-10-24 02:30:49,630 - CelsiusGuardian - DEBUG - [GUARDIAN] Service OK: server_hub
2025-10-24 02:30:49,630 - CelsiusGuardian - DEBUG - [GUARDIAN] Service OK: mobile_server
2025-10-24 02:30:49,630 - CelsiusGuardian - DEBUG - [GUARDIAN] Service OK: celsius_core
2025-10-24 02:30:59,631 - CelsiusGuardian - DEBUG - [GUARDIAN] Performing health check...
2025-10-24 02:30:59,631 - CelsiusGuardian - DEBUG - [GUARDIAN] Service OK: server_hub
2025-10-24 02:30:59,631 - CelsiusGuardian - DEBUG - [GUARDIAN] Service OK: mobile_server
2025-10-24 02:30:59,631 - CelsiusGuardian - DEBUG - [GUARDIAN] Service OK: celsius_core
2025-10-24 02:31:09,632 - CelsiusGuardian - DEBUG - [GUARDIAN] Performing health check...
2025-10-24 02:31:09,632 - CelsiusGuardian - DEBUG - [GUARDIAN] Service OK: server_hub
2025-10-24 02:31:09,632 - CelsiusGuardian - DEBUG - [GUARDIAN] Service OK: mobile_server
2025-10-24 02:31:09,632 - CelsiusGuardian - DEBUG - [GUARDIAN] Service OK: celsius_core
2025-10-24 02:31:19,633 - CelsiusGuardian - DEBUG - [GUARDIAN] Performing health check...
2025-10-24 02:31:19,633 - CelsiusGuardian - DEBUG - [GUARDIAN] Service OK: server_hub
2025-10-24 02:31:19,633 - CelsiusGuardian - DEBUG - [GUARDIAN] Service OK: mobile_server
2025-10-24 02:31:19,633 - CelsiusGuardian - DEBUG - [GUARDIAN] Service OK: celsius_core
2025-10-24 02:31:29,634 - CelsiusGuardian - DEBUG - [GUARDIAN] Performing health check...
2025-10-24 02:31:29,634 - CelsiusGuardian - DEBUG - [GUARDIAN] Service OK: server_hub
2025-10-24 02:31:29,634 - CelsiusGuardian - DEBUG - [GUARDIAN] Service OK: mobile_server
2025-10-24 02:31:29,634 - CelsiusGuardian - DEBUG - [GUARDIAN] Service OK: celsius_core
2025-10-24 02:31:39,636 - CelsiusGuardian - DEBUG - [GUARDIAN] Performing health check...
2025-10-24 02:31:39,636 - CelsiusGuardian - DEBUG - [GUARDIAN] Service OK: server_hub
2025-10-24 02:31:39,636 - CelsiusGuardian - DEBUG - [GUARDIAN] Service OK: mobile_server
2025-10-24 02:31:39,636 - CelsiusGuardian - DEBUG - [GUARDIAN] Service OK: celsius_core
2025-10-24 02:31:49,636 - CelsiusGuardian - DEBUG - [GUARDIAN] Performing health check...
2025-10-24 02:31:49,636 - CelsiusGuardian - DEBUG - [GUARDIAN] Service OK: server_hub
2025-10-24 02:31:49,636 - CelsiusGuardian - DEBUG - [GUARDIAN] Service OK: mobile_server
2025-10-24 02:31:49,636 - CelsiusGuardian - DEBUG - [GUARDIAN] Service OK: celsius_core
2025-10-24 02:31:59,637 - CelsiusGuardian - DEBUG - [GUARDIAN] Performing health check...
2025-10-24 02:31:59,637 - CelsiusGuardian - DEBUG - [GUARDIAN] Service OK: server_hub
2025-10-24 02:31:59,637 - CelsiusGuardian - DEBUG - [GUARDIAN] Service OK: mobile_server
2025-10-24 02:31:59,637 - CelsiusGuardian - DEBUG - [GUARDIAN] Service OK: celsius_core
2025-10-24 02:32:09,639 - CelsiusGuardian - DEBUG - [GUARDIAN] Performing health check...
2025-10-24 02:32:09,639 - CelsiusGuardian - DEBUG - [GUARDIAN] Service OK: server_hub
2025-10-24 02:32:09,639 - CelsiusGuardian - DEBUG - [GUARDIAN] Service OK: mobile_server
2025-10-24 02:32:09,639 - CelsiusGuardian - DEBUG - [GUARDIAN] Service OK: celsius_core
2025-10-24 02:32:19,640 - CelsiusGuardian - DEBUG - [GUARDIAN] Performing health check...
2025-10-24 02:32:19,640 - CelsiusGuardian - DEBUG - [GUARDIAN] Service OK: server_hub
2025-10-24 02:32:19,640 - CelsiusGuardian - DEBUG - [GUARDIAN] Service OK: mobile_server
2025-10-24 02:32:19,640 - CelsiusGuardian - DEBUG - [GUARDIAN] Service OK: celsius_core
2025-10-24 02:32:29,641 - CelsiusGuardian - DEBUG - [GUARDIAN] Performing health check...
2025-10-24 02:32:29,641 - CelsiusGuardian - DEBUG - [GUARDIAN] Service OK: server_hub
2025-10-24 02:32:29,641 - CelsiusGuardian - DEBUG - [GUARDIAN] Service OK: mobile_server
2025-10-24 02:32:29,641 - CelsiusGuardian - DEBUG - [GUARDIAN] Service OK: celsius_core
2025-10-24 02:32:39,642 - CelsiusGuardian - DEBUG - [GUARDIAN] Performing health check...
2025-10-24 02:32:39,642 - CelsiusGuardian - DEBUG - [GUARDIAN] Service OK: server_hub
2025-10-24 02:32:39,642 - CelsiusGuardian - DEBUG - [GUARDIAN] Service OK: mobile_server
2025-10-24 02:32:39,642 - CelsiusGuardian - DEBUG - [GUARDIAN] Service OK: celsius_core
2025-10-24 02:32:49,643 - CelsiusGuardian - DEBUG - [GUARDIAN] Performing health check...
2025-10-24 02:32:49,643 - CelsiusGuardian - DEBUG - [GUARDIAN] Service OK: server_hub
2025-10-24 02:32:49,643 - CelsiusGuardian - DEBUG - [GUARDIAN] Service OK: mobile_server
2025-10-24 02:32:49,643 - CelsiusGuardian - DEBUG - [GUARDIAN] Service OK: celsius_core
2025-10-24 02:32:59,644 - CelsiusGuardian - DEBUG - [GUARDIAN] Performing health check...
2025-10-24 02:32:59,644 - CelsiusGuardian - DEBUG - [GUARDIAN] Service OK: server_hub
2025-10-24 02:33:01,701 - CelsiusGuardian - DEBUG - [GUARDIAN] Service OK: mobile_server
2025-10-24 02:33:01,701 - CelsiusGuardian - DEBUG - [GUARDIAN] Service OK: celsius_core
2025-10-24 02:33:11,702 - CelsiusGuardian - DEBUG - [GUARDIAN] Performing health check...
2025-10-24 02:33:11,702 - CelsiusGuardian - DEBUG - [GUARDIAN] Service OK: server_hub
2025-10-24 02:33:11,702 - CelsiusGuardian - DEBUG - [GUARDIAN] Service OK: mobile_server
2025-10-24 02:33:11,702 - CelsiusGuardian - DEBUG - [GUARDIAN] Service OK: celsius_core
2025-10-24 02:33:21,703 - CelsiusGuardian - DEBUG - [GUARDIAN] Performing health check...
2025-10-24 02:33:21,703 - CelsiusGuardian - DEBUG - [GUARDIAN] Service OK: server_hub
2025-10-24 02:33:21,703 - CelsiusGuardian - DEBUG - [GUARDIAN] Service OK: mobile_server
2025-10-24 02:33:21,703 - CelsiusGuardian - DEBUG - [GUARDIAN] Service OK: celsius_core
2025-10-24 02:33:31,704 - CelsiusGuardian - DEBUG - [GUARDIAN] Performing health check...
2025-10-24 02:33:31,704 - CelsiusGuardian - DEBUG - [GUARDIAN] Service OK: server_hub
2025-10-24 02:33:31,704 - CelsiusGuardian - DEBUG - [GUARDIAN] Service OK: mobile_server
2025-10-24 02:33:31,704 - CelsiusGuardian - DEBUG - [GUARDIAN] Service OK: celsius_core
2025-10-24 02:33:41,705 - CelsiusGuardian - DEBUG - [GUARDIAN] Performing health check...
2025-10-24 02:33:41,705 - CelsiusGuardian - DEBUG - [GUARDIAN] Service OK: server_hub
2025-10-24 02:33:41,705 - CelsiusGuardian - DEBUG - [GUARDIAN] Service OK: mobile_server
2025-10-24 02:33:41,705 - CelsiusGuardian - DEBUG - [GUARDIAN] Service OK: celsius_core
2025-10-24 02:33:51,706 - CelsiusGuardian - DEBUG - [GUARDIAN] Performing health check...
2025-10-24 02:33:51,706 - CelsiusGuardian - DEBUG - [GUARDIAN] Service OK: server_hub
2025-10-24 02:33:51,706 - CelsiusGuardian - DEBUG - [GUARDIAN] Service OK: mobile_server
2025-10-24 02:33:51,706 - CelsiusGuardian - DEBUG - [GUARDIAN] Service OK: celsius_core
2025-10-24 02:34:01,707 - CelsiusGuardian - DEBUG - [GUARDIAN] Performing health check...
2025-10-24 02:34:01,707 - CelsiusGuardian - DEBUG - [GUARDIAN] Service OK: server_hub
2025-10-24 02:34:01,707 - CelsiusGuardian - DEBUG - [GUARDIAN] Service OK: mobile_server
2025-10-24 02:34:01,707 - CelsiusGuardian - DEBUG - [GUARDIAN] Service OK: celsius_core
2025-10-24 02:34:11,708 - CelsiusGuardian - DEBUG - [GUARDIAN] Performing health check...
2025-10-24 02:34:11,708 - CelsiusGuardian - DEBUG - [GUARDIAN] Service OK: server_hub
2025-10-24 02:34:11,708 - CelsiusGuardian - DEBUG - [GUARDIAN] Service OK: mobile_server
2025-10-24 02:34:11,708 - CelsiusGuardian - DEBUG - [GUARDIAN] Service OK: celsius_core
2025-10-24 02:34:21,709 - CelsiusGuardian - DEBUG - [GUARDIAN] Performing health check...
2025-10-24 02:34:21,709 - CelsiusGuardian - DEBUG - [GUARDIAN] Service OK: server_hub
2025-10-24 02:34:21,709 - CelsiusGuardian - DEBUG - [GUARDIAN] Service OK: mobile_server
2025-10-24 02:34:21,709 - CelsiusGuardian - DEBUG - [GUARDIAN] Service OK: celsius_core
2025-10-24 02:34:31,710 - CelsiusGuardian - DEBUG - [GUARDIAN] Performing health check...
2025-10-24 02:34:31,710 - CelsiusGuardian - DEBUG - [GUARDIAN] Service OK: server_hub
2025-10-24 02:34:31,710 - CelsiusGuardian - DEBUG - [GUARDIAN] Service OK: mobile_server
2025-10-24 02:34:31,710 - CelsiusGuardian - DEBUG - [GUARDIAN] Service OK: celsius_core
2025-10-24 02:34:41,712 - CelsiusGuardian - DEBUG - [GUARDIAN] Performing health check...
2025-10-24 02:34:41,712 - CelsiusGuardian - DEBUG - [GUARDIAN] Service OK: server_hub
2025-10-24 02:34:41,712 - CelsiusGuardian - DEBUG - [GUARDIAN] Service OK: mobile_server
2025-10-24 02:34:41,712 - CelsiusGuardian - DEBUG - [GUARDIAN] Service OK: celsius_core
2025-10-24 02:34:51,713 - CelsiusGuardian - DEBUG - [GUARDIAN] Performing health check...
2025-10-24 02:34:51,713 - CelsiusGuardian - DEBUG - [GUARDIAN] Service OK: server_hub
2025-10-24 02:34:51,713 - CelsiusGuardian - DEBUG - [GUARDIAN] Service OK: mobile_server
2025-10-24 02:34:51,713 - CelsiusGuardian - DEBUG - [GUARDIAN] Service OK: celsius_core
2025-10-24 02:35:01,714 - CelsiusGuardian - DEBUG - [GUARDIAN] Performing health check...
2025-10-24 02:35:01,714 - CelsiusGuardian - DEBUG - [GUARDIAN] Service OK: server_hub
2025-10-24 02:35:01,714 - CelsiusGuardian - DEBUG - [GUARDIAN] Service OK: mobile_server
2025-10-24 02:35:01,714 - CelsiusGuardian - DEBUG - [GUARDIAN] Service OK: celsius_core
2025-10-24 02:35:11,715 - CelsiusGuardian - DEBUG - [GUARDIAN] Performing health check...
2025-10-24 02:35:11,715 - CelsiusGuardian - DEBUG - [GUARDIAN] Service OK: server_hub
2025-10-24 02:35:11,715 - CelsiusGuardian - DEBUG - [GUARDIAN] Service OK: mobile_server
2025-10-24 02:35:11,715 - CelsiusGuardian - DEBUG - [GUARDIAN] Service OK: celsius_core
2025-10-24 02:35:21,716 - CelsiusGuardian - DEBUG - [GUARDIAN] Performing health check...
2025-10-24 02:35:23,767 - CelsiusGuardian - WARNING - [GUARDIAN] Service DOWN: server_hub
2025-10-24 02:35:23,767 - CelsiusGuardian - WARNING - [GUARDIAN] Restarting server_hub (attempt #4)
2025-10-24 02:35:31,785 - CelsiusGuardian - INFO - [GUARDIAN] Started server_hub - PID: 412
2025-10-24 02:35:33,786 - CelsiusGuardian - INFO - [GUARDIAN] server_hub startup verified successfully
2025-10-24 02:35:33,786 - CelsiusGuardian - INFO - [GUARDIAN] Successfully restarted server_hub
2025-10-24 02:35:33,786 - CelsiusGuardian - DEBUG - [GUARDIAN] Service OK: mobile_server
2025-10-24 02:35:33,786 - CelsiusGuardian - DEBUG - [GUARDIAN] Service OK: celsius_core
2025-10-24 02:35:43,788 - CelsiusGuardian - DEBUG - [GUARDIAN] Performing health check...
2025-10-24 02:35:43,788 - CelsiusGuardian - DEBUG - [GUARDIAN] Service OK: server_hub
2025-10-24 02:35:43,788 - CelsiusGuardian - DEBUG - [GUARDIAN] Service OK: mobile_server
2025-10-24 02:35:43,788 - CelsiusGuardian - DEBUG - [GUARDIAN] Service OK: celsius_core
2025-10-24 02:35:53,789 - CelsiusGuardian - DEBUG - [GUARDIAN] Performing health check...
2025-10-24 02:35:53,789 - CelsiusGuardian - DEBUG - [GUARDIAN] Service OK: server_hub
2025-10-24 02:35:53,789 - CelsiusGuardian - DEBUG - [GUARDIAN] Service OK: mobile_server
2025-10-24 02:35:53,789 - CelsiusGuardian - DEBUG - [GUARDIAN] Service OK: celsius_core
2025-10-24 02:36:03,790 - CelsiusGuardian - DEBUG - [GUARDIAN] Performing health check...
2025-10-24 02:36:03,790 - CelsiusGuardian - DEBUG - [GUARDIAN] Service OK: server_hub
2025-10-24 02:36:03,790 - CelsiusGuardian - DEBUG - [GUARDIAN] Service OK: mobile_server
2025-10-24 02:36:03,790 - CelsiusGuardian - DEBUG - [GUARDIAN] Service OK: celsius_core
2025-10-24 02:36:13,791 - CelsiusGuardian - DEBUG - [GUARDIAN] Performing health check...
2025-10-24 02:36:13,791 - CelsiusGuardian - DEBUG - [GUARDIAN] Service OK: server_hub
2025-10-24 02:36:13,791 - CelsiusGuardian - DEBUG - [GUARDIAN] Service OK: mobile_server
2025-10-24 02:36:13,791 - CelsiusGuardian - DEBUG - [GUARDIAN] Service OK: celsius_core
2025-10-24 02:36:23,794 - CelsiusGuardian - DEBUG - [GUARDIAN] Performing health check...
2025-10-24 02:36:23,794 - CelsiusGuardian - DEBUG - [GUARDIAN] Service OK: server_hub
2025-10-24 02:36:23,794 - CelsiusGuardian - DEBUG - [GUARDIAN] Service OK: mobile_server
2025-10-24 02:36:23,794 - CelsiusGuardian - DEBUG - [GUARDIAN] Service OK: celsius_core
2025-10-24 02:36:33,795 - CelsiusGuardian - DEBUG - [GUARDIAN] Performing health check...
2025-10-24 02:36:33,795 - CelsiusGuardian - DEBUG - [GUARDIAN] Service OK: server_hub
2025-10-24 02:36:33,795 - CelsiusGuardian - DEBUG - [GUARDIAN] Service OK: mobile_server
2025-10-24 02:36:33,795 - CelsiusGuardian - DEBUG - [GUARDIAN] Service OK: celsius_core
2025-10-24 02:36:43,796 - CelsiusGuardian - DEBUG - [GUARDIAN] Performing health check...
2025-10-24 02:36:43,796 - CelsiusGuardian - DEBUG - [GUARDIAN] Service OK: server_hub
2025-10-24 02:36:43,796 - CelsiusGuardian - DEBUG - [GUARDIAN] Service OK: mobile_server
2025-10-24 02:36:43,796 - CelsiusGuardian - DEBUG - [GUARDIAN] Service OK: celsius_core
2025-10-24 02:36:53,797 - CelsiusGuardian - DEBUG - [GUARDIAN] Performing health check...
2025-10-24 02:36:53,797 - CelsiusGuardian - DEBUG - [GUARDIAN] Service OK: server_hub
2025-10-24 02:36:53,797 - CelsiusGuardian - DEBUG - [GUARDIAN] Service OK: mobile_server
2025-10-24 02:36:53,797 - CelsiusGuardian - DEBUG - [GUARDIAN] Service OK: celsius_core
2025-10-24 02:37:03,798 - CelsiusGuardian - DEBUG - [GUARDIAN] Performing health check...
2025-10-24 02:37:03,798 - CelsiusGuardian - DEBUG - [GUARDIAN] Service OK: server_hub
2025-10-24 02:37:03,798 - CelsiusGuardian - DEBUG - [GUARDIAN] Service OK: mobile_server
2025-10-24 02:37:03,798 - CelsiusGuardian - DEBUG - [GUARDIAN] Service OK: celsius_core
2025-10-24 02:37:13,799 - CelsiusGuardian - DEBUG - [GUARDIAN] Performing health check...
2025-10-24 02:37:13,799 - CelsiusGuardian - DEBUG - [GUARDIAN] Service OK: server_hub
2025-10-24 02:37:13,799 - CelsiusGuardian - DEBUG - [GUARDIAN] Service OK: mobile_server
2025-10-24 02:37:13,799 - CelsiusGuardian - DEBUG - [GUARDIAN] Service OK: celsius_core
2025-10-24 02:37:23,801 - CelsiusGuardian - DEBUG - [GUARDIAN] Performing health check...
2025-10-24 02:37:23,801 - CelsiusGuardian - DEBUG - [GUARDIAN] Service OK: server_hub
2025-10-24 02:37:23,801 - CelsiusGuardian - DEBUG - [GUARDIAN] Service OK: mobile_server
2025-10-24 02:37:23,801 - CelsiusGuardian - DEBUG - [GUARDIAN] Service OK: celsius_core
2025-10-24 02:37:33,802 - CelsiusGuardian - DEBUG - [GUARDIAN] Performing health check...
2025-10-24 02:37:33,802 - CelsiusGuardian - DEBUG - [GUARDIAN] Service OK: server_hub
2025-10-24 02:37:33,802 - CelsiusGuardian - DEBUG - [GUARDIAN] Service OK: mobile_server
2025-10-24 02:37:33,802 - CelsiusGuardian - DEBUG - [GUARDIAN] Service OK: celsius_core
2025-10-24 02:37:43,803 - CelsiusGuardian - DEBUG - [GUARDIAN] Performing health check...
2025-10-24 02:37:43,803 - CelsiusGuardian - DEBUG - [GUARDIAN] Service OK: server_hub
2025-10-24 02:37:43,803 - CelsiusGuardian - DEBUG - [GUARDIAN] Service OK: mobile_server
2025-10-24 02:37:43,803 - CelsiusGuardian - DEBUG - [GUARDIAN] Service OK: celsius_core
2025-10-24 02:37:53,804 - CelsiusGuardian - DEBUG - [GUARDIAN] Performing health check...
2025-10-24 02:37:53,804 - CelsiusGuardian - DEBUG - [GUARDIAN] Service OK: server_hub
2025-10-24 02:37:53,804 - CelsiusGuardian - DEBUG - [GUARDIAN] Service OK: mobile_server
2025-10-24 02:37:53,804 - CelsiusGuardian - DEBUG - [GUARDIAN] Service OK: celsius_core
2025-10-24 02:38:03,805 - CelsiusGuardian - DEBUG - [GUARDIAN] Performing health check...
2025-10-24 02:38:03,805 - CelsiusGuardian - DEBUG - [GUARDIAN] Service OK: server_hub
2025-10-24 02:38:03,805 - CelsiusGuardian - DEBUG - [GUARDIAN] Service OK: mobile_server
2025-10-24 02:38:03,805 - CelsiusGuardian - DEBUG - [GUARDIAN] Service OK: celsius_core
