[2025-10-24 00:47:19] [INTELLIGENT-GUARDIAN] Starting Celsius Intelligent Guardian...
[2025-10-24 00:47:19] [INTELLIGENT-GUARDIAN] Guardian loop started - INTELLIGENT MODE
[2025-10-24 00:47:19] [INTELLIGENT-GUARDIAN] Started server_hub - PID: 29628
[2025-10-24 00:47:21] [INTELLIGENT-GUARDIAN] Guardian thread started successfully
[2025-10-24 00:47:24] [INTELLIGENT-GUARDIAN] server_hub startup verified successfully
[2025-10-24 00:47:24] [INTELLIGENT-GUARDIAN] Started mobile_server - PID: 31008
[2025-10-24 00:47:32] [INTELLIGENT-GUARDIAN] mobile_server startup verified successfully
[2025-10-24 00:47:32] [INTELLIGENT-GUARDIAN] Started celsius_core - PID: 20236
[2025-10-24 00:47:37] [INTELLIGENT-GUARDIAN] celsius_core startup verified successfully
[2025-10-24 00:47:37] [INTELLIGENT-GUARDIAN] Started hourly_logger - PID: 32608
[2025-10-24 00:47:42] [INTELLIGENT-GUARDIAN] hourly_logger startup verified successfully
[2025-10-24 00:47:42] [INTELLIGENT-GUARDIAN] Performing health check...
[2025-10-24 00:47:44] [INTELLIGENT-GUARDIAN] Service OK: server_hub
[2025-10-24 00:47:44] [INTELLIGENT-GUARDIAN] Service OK: mobile_server
[2025-10-24 00:47:44] [INTELLIGENT-GUARDIAN] Service OK: celsius_core
[2025-10-24 00:47:44] [INTELLIGENT-GUARDIAN] Service OK: hourly_logger
[2025-10-24 00:48:14] [INTELLIGENT-GUARDIAN] Performing health check...
[2025-10-24 00:48:16] [INTELLIGENT-GUARDIAN] Service OK: server_hub
[2025-10-24 00:48:16] [INTELLIGENT-GUARDIAN] Service OK: mobile_server
[2025-10-24 00:48:16] [INTELLIGENT-GUARDIAN] Service OK: celsius_core
[2025-10-24 00:48:16] [INTELLIGENT-GUARDIAN] Service OK: hourly_logger
[2025-10-24 00:48:46] [INTELLIGENT-GUARDIAN] Performing health check...
[2025-10-24 00:48:46] [INTELLIGENT-GUARDIAN] Service OK: server_hub
[2025-10-24 00:48:46] [INTELLIGENT-GUARDIAN] Service OK: mobile_server
[2025-10-24 00:48:46] [INTELLIGENT-GUARDIAN] Service OK: celsius_core
[2025-10-24 00:48:46] [INTELLIGENT-GUARDIAN] Service OK: hourly_logger
[2025-10-24 00:49:16] [INTELLIGENT-GUARDIAN] Performing health check...
[2025-10-24 00:49:16] [INTELLIGENT-GUARDIAN] Service OK: server_hub
[2025-10-24 00:49:16] [INTELLIGENT-GUARDIAN] Service OK: mobile_server
[2025-10-24 00:49:16] [INTELLIGENT-GUARDIAN] Service OK: celsius_core
[2025-10-24 00:49:16] [INTELLIGENT-GUARDIAN] Service OK: hourly_logger
[2025-10-24 00:49:46] [INTELLIGENT-GUARDIAN] Performing health check...
[2025-10-24 00:49:46] [INTELLIGENT-GUARDIAN] Service OK: server_hub
[2025-10-24 00:49:46] [INTELLIGENT-GUARDIAN] Service OK: mobile_server
[2025-10-24 00:49:46] [INTELLIGENT-GUARDIAN] Service OK: celsius_core
[2025-10-24 00:49:46] [INTELLIGENT-GUARDIAN] Service OK: hourly_logger
[2025-10-24 00:50:16] [INTELLIGENT-GUARDIAN] Performing health check...
[2025-10-24 00:50:16] [INTELLIGENT-GUARDIAN] Service OK: server_hub
[2025-10-24 00:50:16] [INTELLIGENT-GUARDIAN] Service OK: mobile_server
[2025-10-24 00:50:16] [INTELLIGENT-GUARDIAN] Service OK: celsius_core
[2025-10-24 00:50:16] [INTELLIGENT-GUARDIAN] Service OK: hourly_logger
[2025-10-24 00:50:46] [INTELLIGENT-GUARDIAN] Performing health check...
[2025-10-24 00:50:46] [INTELLIGENT-GUARDIAN] Service OK: server_hub
[2025-10-24 00:50:46] [INTELLIGENT-GUARDIAN] Service OK: mobile_server
[2025-10-24 00:50:46] [INTELLIGENT-GUARDIAN] Service OK: celsius_core
[2025-10-24 00:50:46] [INTELLIGENT-GUARDIAN] Service OK: hourly_logger
[2025-10-24 00:51:16] [INTELLIGENT-GUARDIAN] Performing health check...
[2025-10-24 00:51:16] [INTELLIGENT-GUARDIAN] Service OK: server_hub
[2025-10-24 00:51:16] [INTELLIGENT-GUARDIAN] Service OK: mobile_server
[2025-10-24 00:51:16] [INTELLIGENT-GUARDIAN] Service OK: celsius_core
[2025-10-24 00:51:16] [INTELLIGENT-GUARDIAN] Service OK: hourly_logger
[2025-10-24 00:51:46] [INTELLIGENT-GUARDIAN] Performing health check...
[2025-10-24 00:51:46] [INTELLIGENT-GUARDIAN] Service OK: server_hub
[2025-10-24 00:51:46] [INTELLIGENT-GUARDIAN] Service OK: mobile_server
[2025-10-24 00:51:46] [INTELLIGENT-GUARDIAN] Service OK: celsius_core
[2025-10-24 00:51:46] [INTELLIGENT-GUARDIAN] Service OK: hourly_logger
[2025-10-24 00:52:16] [INTELLIGENT-GUARDIAN] Performing health check...
[2025-10-24 00:52:16] [INTELLIGENT-GUARDIAN] Service OK: server_hub
[2025-10-24 00:52:16] [INTELLIGENT-GUARDIAN] Service OK: mobile_server
[2025-10-24 00:52:16] [INTELLIGENT-GUARDIAN] Service OK: celsius_core
[2025-10-24 00:52:16] [INTELLIGENT-GUARDIAN] Service OK: hourly_logger
[2025-10-24 00:52:46] [INTELLIGENT-GUARDIAN] Performing health check...
[2025-10-24 00:52:46] [INTELLIGENT-GUARDIAN] Service OK: server_hub
[2025-10-24 00:52:46] [INTELLIGENT-GUARDIAN] Service OK: mobile_server
[2025-10-24 00:52:46] [INTELLIGENT-GUARDIAN] Service OK: celsius_core
[2025-10-24 00:52:46] [INTELLIGENT-GUARDIAN] Service OK: hourly_logger
[2025-10-24 00:53:16] [INTELLIGENT-GUARDIAN] Performing health check...
[2025-10-24 00:53:16] [INTELLIGENT-GUARDIAN] Service OK: server_hub
[2025-10-24 00:53:16] [INTELLIGENT-GUARDIAN] Service OK: mobile_server
[2025-10-24 00:53:16] [INTELLIGENT-GUARDIAN] Service OK: celsius_core
[2025-10-24 00:53:16] [INTELLIGENT-GUARDIAN] Service OK: hourly_logger
[2025-10-24 00:53:46] [INTELLIGENT-GUARDIAN] Performing health check...
[2025-10-24 00:53:46] [INTELLIGENT-GUARDIAN] Service OK: server_hub
[2025-10-24 00:53:46] [INTELLIGENT-GUARDIAN] Service OK: mobile_server
[2025-10-24 00:53:46] [INTELLIGENT-GUARDIAN] Service OK: celsius_core
[2025-10-24 00:53:46] [INTELLIGENT-GUARDIAN] Service OK: hourly_logger
[2025-10-24 00:54:16] [INTELLIGENT-GUARDIAN] Performing health check...
[2025-10-24 00:54:16] [INTELLIGENT-GUARDIAN] Service OK: server_hub
[2025-10-24 00:54:16] [INTELLIGENT-GUARDIAN] Service OK: mobile_server
[2025-10-24 00:54:16] [INTELLIGENT-GUARDIAN] Service OK: celsius_core
[2025-10-24 00:54:16] [INTELLIGENT-GUARDIAN] Service OK: hourly_logger
[2025-10-24 00:54:46] [INTELLIGENT-GUARDIAN] Performing health check...
[2025-10-24 00:54:46] [INTELLIGENT-GUARDIAN] Service OK: server_hub
[2025-10-24 00:54:46] [INTELLIGENT-GUARDIAN] Service OK: mobile_server
[2025-10-24 00:54:46] [INTELLIGENT-GUARDIAN] Service OK: celsius_core
[2025-10-24 00:54:46] [INTELLIGENT-GUARDIAN] Service OK: hourly_logger
[2025-10-24 00:55:16] [INTELLIGENT-GUARDIAN] Performing health check...
[2025-10-24 00:55:16] [INTELLIGENT-GUARDIAN] Service OK: server_hub
[2025-10-24 00:55:16] [INTELLIGENT-GUARDIAN] Service OK: mobile_server
[2025-10-24 00:55:16] [INTELLIGENT-GUARDIAN] Service OK: celsius_core
[2025-10-24 00:55:16] [INTELLIGENT-GUARDIAN] Service OK: hourly_logger
[2025-10-24 00:55:46] [INTELLIGENT-GUARDIAN] Performing health check...
[2025-10-24 00:55:46] [INTELLIGENT-GUARDIAN] Service OK: server_hub
[2025-10-24 00:55:46] [INTELLIGENT-GUARDIAN] Service OK: mobile_server
[2025-10-24 00:55:46] [INTELLIGENT-GUARDIAN] Service OK: celsius_core
[2025-10-24 00:55:46] [INTELLIGENT-GUARDIAN] Service OK: hourly_logger
[2025-10-24 00:56:16] [INTELLIGENT-GUARDIAN] Performing health check...
[2025-10-24 00:56:16] [INTELLIGENT-GUARDIAN] Service OK: server_hub
[2025-10-24 00:56:16] [INTELLIGENT-GUARDIAN] Service OK: mobile_server
[2025-10-24 00:56:16] [INTELLIGENT-GUARDIAN] Service OK: celsius_core
[2025-10-24 00:56:16] [INTELLIGENT-GUARDIAN] Service OK: hourly_logger
[2025-10-24 00:56:46] [INTELLIGENT-GUARDIAN] Performing health check...
[2025-10-24 00:56:46] [INTELLIGENT-GUARDIAN] Service OK: server_hub
[2025-10-24 00:56:46] [INTELLIGENT-GUARDIAN] Service OK: mobile_server
[2025-10-24 00:56:46] [INTELLIGENT-GUARDIAN] Service OK: celsius_core
[2025-10-24 00:56:46] [INTELLIGENT-GUARDIAN] Service OK: hourly_logger
[2025-10-24 00:57:16] [INTELLIGENT-GUARDIAN] Performing health check...
[2025-10-24 00:57:16] [INTELLIGENT-GUARDIAN] Service OK: server_hub
[2025-10-24 00:57:16] [INTELLIGENT-GUARDIAN] Service OK: mobile_server
[2025-10-24 00:57:16] [INTELLIGENT-GUARDIAN] Service OK: celsius_core
[2025-10-24 00:57:16] [INTELLIGENT-GUARDIAN] Service OK: hourly_logger
[2025-10-24 00:57:46] [INTELLIGENT-GUARDIAN] Performing health check...
[2025-10-24 00:57:46] [INTELLIGENT-GUARDIAN] Service OK: server_hub
[2025-10-24 00:57:46] [INTELLIGENT-GUARDIAN] Service OK: mobile_server
[2025-10-24 00:57:46] [INTELLIGENT-GUARDIAN] Service OK: celsius_core
[2025-10-24 00:57:46] [INTELLIGENT-GUARDIAN] Service OK: hourly_logger
[2025-10-24 00:58:16] [INTELLIGENT-GUARDIAN] Performing health check...
[2025-10-24 00:58:16] [INTELLIGENT-GUARDIAN] Service OK: server_hub
[2025-10-24 00:58:16] [INTELLIGENT-GUARDIAN] Service OK: mobile_server
[2025-10-24 00:58:16] [INTELLIGENT-GUARDIAN] Service OK: celsius_core
[2025-10-24 00:58:16] [INTELLIGENT-GUARDIAN] Service OK: hourly_logger
[2025-10-24 00:58:46] [INTELLIGENT-GUARDIAN] Performing health check...
[2025-10-24 00:58:46] [INTELLIGENT-GUARDIAN] Service OK: server_hub
[2025-10-24 00:58:46] [INTELLIGENT-GUARDIAN] Service OK: mobile_server
[2025-10-24 00:58:46] [INTELLIGENT-GUARDIAN] Service OK: celsius_core
[2025-10-24 00:58:46] [INTELLIGENT-GUARDIAN] Service OK: hourly_logger
[2025-10-24 00:59:16] [INTELLIGENT-GUARDIAN] Performing health check...
[2025-10-24 00:59:16] [INTELLIGENT-GUARDIAN] Service OK: server_hub
[2025-10-24 00:59:16] [INTELLIGENT-GUARDIAN] Service OK: mobile_server
[2025-10-24 00:59:16] [INTELLIGENT-GUARDIAN] Service OK: celsius_core
[2025-10-24 00:59:16] [INTELLIGENT-GUARDIAN] Service OK: hourly_logger
[2025-10-24 00:59:46] [INTELLIGENT-GUARDIAN] Performing health check...
[2025-10-24 00:59:46] [INTELLIGENT-GUARDIAN] Service OK: server_hub
[2025-10-24 00:59:46] [INTELLIGENT-GUARDIAN] Service OK: mobile_server
[2025-10-24 00:59:46] [INTELLIGENT-GUARDIAN] Service OK: celsius_core
[2025-10-24 00:59:46] [INTELLIGENT-GUARDIAN] Service OK: hourly_logger
[2025-10-24 01:00:16] [INTELLIGENT-GUARDIAN] Performing health check...
[2025-10-24 01:00:16] [INTELLIGENT-GUARDIAN] Service OK: server_hub
[2025-10-24 01:00:16] [INTELLIGENT-GUARDIAN] Service OK: mobile_server
[2025-10-24 01:00:16] [INTELLIGENT-GUARDIAN] Service OK: celsius_core
[2025-10-24 01:00:16] [INTELLIGENT-GUARDIAN] Service OK: hourly_logger
[2025-10-24 01:00:46] [INTELLIGENT-GUARDIAN] Performing health check...
[2025-10-24 01:00:46] [INTELLIGENT-GUARDIAN] Service OK: server_hub
[2025-10-24 01:00:46] [INTELLIGENT-GUARDIAN] Service OK: mobile_server
[2025-10-24 01:00:46] [INTELLIGENT-GUARDIAN] Service OK: celsius_core
[2025-10-24 01:00:46] [INTELLIGENT-GUARDIAN] Service OK: hourly_logger
[2025-10-24 01:01:16] [INTELLIGENT-GUARDIAN] Performing health check...
[2025-10-24 01:01:16] [INTELLIGENT-GUARDIAN] Service OK: server_hub
[2025-10-24 01:01:16] [INTELLIGENT-GUARDIAN] Service OK: mobile_server
[2025-10-24 01:01:16] [INTELLIGENT-GUARDIAN] Service OK: celsius_core
[2025-10-24 01:01:16] [INTELLIGENT-GUARDIAN] Service OK: hourly_logger
[2025-10-24 01:01:46] [INTELLIGENT-GUARDIAN] Performing health check...
[2025-10-24 01:01:46] [INTELLIGENT-GUARDIAN] Service OK: server_hub
[2025-10-24 01:01:46] [INTELLIGENT-GUARDIAN] Service OK: mobile_server
[2025-10-24 01:01:46] [INTELLIGENT-GUARDIAN] Service OK: celsius_core
[2025-10-24 01:01:46] [INTELLIGENT-GUARDIAN] Service OK: hourly_logger
[2025-10-24 01:02:16] [INTELLIGENT-GUARDIAN] Performing health check...
[2025-10-24 01:02:16] [INTELLIGENT-GUARDIAN] Service OK: server_hub
[2025-10-24 01:02:16] [INTELLIGENT-GUARDIAN] Service OK: mobile_server
[2025-10-24 01:02:16] [INTELLIGENT-GUARDIAN] Service OK: celsius_core
[2025-10-24 01:02:16] [INTELLIGENT-GUARDIAN] Service OK: hourly_logger
[2025-10-24 01:02:46] [INTELLIGENT-GUARDIAN] Performing health check...
[2025-10-24 01:02:46] [INTELLIGENT-GUARDIAN] Service OK: server_hub
[2025-10-24 01:02:46] [INTELLIGENT-GUARDIAN] Service OK: mobile_server
[2025-10-24 01:02:46] [INTELLIGENT-GUARDIAN] Service OK: celsius_core
[2025-10-24 01:02:46] [INTELLIGENT-GUARDIAN] Service OK: hourly_logger
[2025-10-24 01:03:16] [INTELLIGENT-GUARDIAN] Performing health check...
[2025-10-24 01:03:16] [INTELLIGENT-GUARDIAN] Service OK: server_hub
[2025-10-24 01:03:16] [INTELLIGENT-GUARDIAN] Service OK: mobile_server
[2025-10-24 01:03:16] [INTELLIGENT-GUARDIAN] Service OK: celsius_core
[2025-10-24 01:03:16] [INTELLIGENT-GUARDIAN] Service OK: hourly_logger
[2025-10-24 01:03:35] [INTELLIGENT-GUARDIAN] Starting Celsius Intelligent Guardian...
[2025-10-24 01:03:35] [INTELLIGENT-GUARDIAN] Guardian loop started - INTELLIGENT MODE
[2025-10-24 01:03:35] [INTELLIGENT-GUARDIAN] Started server_hub - PID: 31388
[2025-10-24 01:03:37] [INTELLIGENT-GUARDIAN] Guardian thread started successfully
[2025-10-24 01:03:40] [INTELLIGENT-GUARDIAN] server_hub crashed during startup
[2025-10-24 01:03:40] [INTELLIGENT-GUARDIAN] Error: 
[2025-10-24 01:03:40] [INTELLIGENT-GUARDIAN] Started mobile_server - PID: 31364
[2025-10-24 01:03:46] [INTELLIGENT-GUARDIAN] Performing health check...
[2025-10-24 01:03:46] [INTELLIGENT-GUARDIAN] Service OK: server_hub
[2025-10-24 01:03:46] [INTELLIGENT-GUARDIAN] Service OK: mobile_server
[2025-10-24 01:03:46] [INTELLIGENT-GUARDIAN] Service OK: celsius_core
[2025-10-24 01:03:46] [INTELLIGENT-GUARDIAN] Service OK: hourly_logger
[2025-10-24 01:03:48] [INTELLIGENT-GUARDIAN] mobile_server startup verified successfully
[2025-10-24 01:03:48] [INTELLIGENT-GUARDIAN] Started celsius_core - PID: 6580
[2025-10-24 01:03:53] [INTELLIGENT-GUARDIAN] celsius_core startup verified successfully
[2025-10-24 01:03:53] [INTELLIGENT-GUARDIAN] Started hourly_logger - PID: 32616
[2025-10-24 01:03:58] [INTELLIGENT-GUARDIAN] hourly_logger startup verified successfully
[2025-10-24 01:03:58] [INTELLIGENT-GUARDIAN] Performing health check...
[2025-10-24 01:04:00] [INTELLIGENT-GUARDIAN] Service OK: server_hub
[2025-10-24 01:04:00] [INTELLIGENT-GUARDIAN] Service OK: mobile_server
[2025-10-24 01:04:00] [INTELLIGENT-GUARDIAN] Service OK: celsius_core
[2025-10-24 01:04:00] [INTELLIGENT-GUARDIAN] Service OK: hourly_logger
[2025-10-24 01:04:16] [INTELLIGENT-GUARDIAN] Performing health check...
[2025-10-24 01:04:16] [INTELLIGENT-GUARDIAN] Service OK: server_hub
[2025-10-24 01:04:16] [INTELLIGENT-GUARDIAN] Service OK: mobile_server
[2025-10-24 01:04:16] [INTELLIGENT-GUARDIAN] Service OK: celsius_core
[2025-10-24 01:04:16] [INTELLIGENT-GUARDIAN] Service OK: hourly_logger
[2025-10-24 01:04:31] [INTELLIGENT-GUARDIAN] Performing health check...
[2025-10-24 01:04:31] [INTELLIGENT-GUARDIAN] Service OK: server_hub
[2025-10-24 01:04:31] [INTELLIGENT-GUARDIAN] Service OK: mobile_server
[2025-10-24 01:04:31] [INTELLIGENT-GUARDIAN] Service OK: celsius_core
[2025-10-24 01:04:31] [INTELLIGENT-GUARDIAN] Service OK: hourly_logger
[2025-10-24 01:04:46] [INTELLIGENT-GUARDIAN] Performing health check...
[2025-10-24 01:04:46] [INTELLIGENT-GUARDIAN] Service OK: server_hub
[2025-10-24 01:04:46] [INTELLIGENT-GUARDIAN] Service OK: mobile_server
[2025-10-24 01:04:46] [INTELLIGENT-GUARDIAN] Service OK: celsius_core
[2025-10-24 01:04:46] [INTELLIGENT-GUARDIAN] Service OK: hourly_logger
[2025-10-24 01:05:02] [INTELLIGENT-GUARDIAN] Performing health check...
[2025-10-24 01:05:02] [INTELLIGENT-GUARDIAN] Service OK: server_hub
[2025-10-24 01:05:02] [INTELLIGENT-GUARDIAN] Service OK: mobile_server
[2025-10-24 01:05:02] [INTELLIGENT-GUARDIAN] Service OK: celsius_core
[2025-10-24 01:05:02] [INTELLIGENT-GUARDIAN] Service OK: hourly_logger
[2025-10-24 01:05:16] [INTELLIGENT-GUARDIAN] Performing health check...
[2025-10-24 01:05:16] [INTELLIGENT-GUARDIAN] Service OK: server_hub
[2025-10-24 01:05:16] [INTELLIGENT-GUARDIAN] Service OK: mobile_server
[2025-10-24 01:05:16] [INTELLIGENT-GUARDIAN] Service OK: celsius_core
[2025-10-24 01:05:16] [INTELLIGENT-GUARDIAN] Service OK: hourly_logger
[2025-10-24 01:05:33] [INTELLIGENT-GUARDIAN] Performing health check...
[2025-10-24 01:05:33] [INTELLIGENT-GUARDIAN] Service OK: server_hub
[2025-10-24 01:05:33] [INTELLIGENT-GUARDIAN] Service OK: mobile_server
[2025-10-24 01:05:33] [INTELLIGENT-GUARDIAN] Service OK: celsius_core
[2025-10-24 01:05:33] [INTELLIGENT-GUARDIAN] Service OK: hourly_logger
[2025-10-24 01:05:46] [INTELLIGENT-GUARDIAN] Performing health check...
[2025-10-24 01:05:46] [INTELLIGENT-GUARDIAN] Service OK: server_hub
[2025-10-24 01:05:46] [INTELLIGENT-GUARDIAN] Service OK: mobile_server
[2025-10-24 01:05:46] [INTELLIGENT-GUARDIAN] Service OK: celsius_core
[2025-10-24 01:05:46] [INTELLIGENT-GUARDIAN] Service OK: hourly_logger
[2025-10-24 01:06:04] [INTELLIGENT-GUARDIAN] Performing health check...
[2025-10-24 01:06:04] [INTELLIGENT-GUARDIAN] Service OK: server_hub
[2025-10-24 01:06:04] [INTELLIGENT-GUARDIAN] Service OK: mobile_server
[2025-10-24 01:06:04] [INTELLIGENT-GUARDIAN] Service OK: celsius_core
[2025-10-24 01:06:04] [INTELLIGENT-GUARDIAN] Service OK: hourly_logger
[2025-10-24 01:06:16] [INTELLIGENT-GUARDIAN] Performing health check...
[2025-10-24 01:06:16] [INTELLIGENT-GUARDIAN] Service OK: server_hub
[2025-10-24 01:06:16] [INTELLIGENT-GUARDIAN] Service OK: mobile_server
[2025-10-24 01:06:16] [INTELLIGENT-GUARDIAN] Service OK: celsius_core
[2025-10-24 01:06:16] [INTELLIGENT-GUARDIAN] Service OK: hourly_logger
[2025-10-24 01:06:35] [INTELLIGENT-GUARDIAN] Performing health check...
[2025-10-24 01:06:35] [INTELLIGENT-GUARDIAN] Service OK: server_hub
[2025-10-24 01:06:35] [INTELLIGENT-GUARDIAN] Service OK: mobile_server
[2025-10-24 01:06:35] [INTELLIGENT-GUARDIAN] Service OK: celsius_core
[2025-10-24 01:06:35] [INTELLIGENT-GUARDIAN] Service OK: hourly_logger
[2025-10-24 01:06:46] [INTELLIGENT-GUARDIAN] Performing health check...
[2025-10-24 01:06:46] [INTELLIGENT-GUARDIAN] Service OK: server_hub
[2025-10-24 01:06:46] [INTELLIGENT-GUARDIAN] Service OK: mobile_server
[2025-10-24 01:06:46] [INTELLIGENT-GUARDIAN] Service OK: celsius_core
[2025-10-24 01:06:46] [INTELLIGENT-GUARDIAN] Service OK: hourly_logger
[2025-10-24 01:07:06] [INTELLIGENT-GUARDIAN] Performing health check...
[2025-10-24 01:07:06] [INTELLIGENT-GUARDIAN] Service OK: server_hub
[2025-10-24 01:07:06] [INTELLIGENT-GUARDIAN] Service OK: mobile_server
[2025-10-24 01:07:06] [INTELLIGENT-GUARDIAN] Service OK: celsius_core
[2025-10-24 01:07:06] [INTELLIGENT-GUARDIAN] Service OK: hourly_logger
[2025-10-24 01:07:16] [INTELLIGENT-GUARDIAN] Performing health check...
[2025-10-24 01:07:16] [INTELLIGENT-GUARDIAN] Service OK: server_hub
[2025-10-24 01:07:16] [INTELLIGENT-GUARDIAN] Service OK: mobile_server
[2025-10-24 01:07:16] [INTELLIGENT-GUARDIAN] Service OK: celsius_core
[2025-10-24 01:07:16] [INTELLIGENT-GUARDIAN] Service OK: hourly_logger
[2025-10-24 01:07:37] [INTELLIGENT-GUARDIAN] Performing health check...
[2025-10-24 01:07:37] [INTELLIGENT-GUARDIAN] Service OK: server_hub
[2025-10-24 01:07:37] [INTELLIGENT-GUARDIAN] Service OK: mobile_server
[2025-10-24 01:07:37] [INTELLIGENT-GUARDIAN] Service OK: celsius_core
[2025-10-24 01:07:37] [INTELLIGENT-GUARDIAN] Service OK: hourly_logger
[2025-10-24 01:07:46] [INTELLIGENT-GUARDIAN] Performing health check...
[2025-10-24 01:07:46] [INTELLIGENT-GUARDIAN] Service OK: server_hub
[2025-10-24 01:07:46] [INTELLIGENT-GUARDIAN] Service OK: mobile_server
[2025-10-24 01:07:46] [INTELLIGENT-GUARDIAN] Service OK: celsius_core
[2025-10-24 01:07:46] [INTELLIGENT-GUARDIAN] Service OK: hourly_logger
[2025-10-24 01:08:08] [INTELLIGENT-GUARDIAN] Performing health check...
[2025-10-24 01:08:08] [INTELLIGENT-GUARDIAN] Service OK: server_hub
[2025-10-24 01:08:08] [INTELLIGENT-GUARDIAN] Service OK: mobile_server
[2025-10-24 01:08:08] [INTELLIGENT-GUARDIAN] Service OK: celsius_core
[2025-10-24 01:08:08] [INTELLIGENT-GUARDIAN] Service OK: hourly_logger
[2025-10-24 01:08:16] [INTELLIGENT-GUARDIAN] Performing health check...
[2025-10-24 01:08:16] [INTELLIGENT-GUARDIAN] Service OK: server_hub
[2025-10-24 01:08:16] [INTELLIGENT-GUARDIAN] Service OK: mobile_server
[2025-10-24 01:08:16] [INTELLIGENT-GUARDIAN] Service OK: celsius_core
[2025-10-24 01:08:16] [INTELLIGENT-GUARDIAN] Service OK: hourly_logger
[2025-10-24 01:08:39] [INTELLIGENT-GUARDIAN] Performing health check...
[2025-10-24 01:08:39] [INTELLIGENT-GUARDIAN] Service OK: server_hub
[2025-10-24 01:08:39] [INTELLIGENT-GUARDIAN] Service OK: mobile_server
[2025-10-24 01:08:39] [INTELLIGENT-GUARDIAN] Service OK: celsius_core
[2025-10-24 01:08:39] [INTELLIGENT-GUARDIAN] Service OK: hourly_logger
[2025-10-24 01:08:46] [INTELLIGENT-GUARDIAN] Performing health check...
[2025-10-24 01:08:46] [INTELLIGENT-GUARDIAN] Service OK: server_hub
[2025-10-24 01:08:46] [INTELLIGENT-GUARDIAN] Service OK: mobile_server
[2025-10-24 01:08:46] [INTELLIGENT-GUARDIAN] Service OK: celsius_core
[2025-10-24 01:08:46] [INTELLIGENT-GUARDIAN] Service OK: hourly_logger
[2025-10-24 01:09:10] [INTELLIGENT-GUARDIAN] Performing health check...
[2025-10-24 01:09:10] [INTELLIGENT-GUARDIAN] Service OK: server_hub
[2025-10-24 01:09:10] [INTELLIGENT-GUARDIAN] Service OK: mobile_server
[2025-10-24 01:09:10] [INTELLIGENT-GUARDIAN] Service OK: celsius_core
[2025-10-24 01:09:10] [INTELLIGENT-GUARDIAN] Service OK: hourly_logger
[2025-10-24 01:09:16] [INTELLIGENT-GUARDIAN] Performing health check...
[2025-10-24 01:09:16] [INTELLIGENT-GUARDIAN] Service OK: server_hub
[2025-10-24 01:09:16] [INTELLIGENT-GUARDIAN] Service OK: mobile_server
[2025-10-24 01:09:16] [INTELLIGENT-GUARDIAN] Service OK: celsius_core
[2025-10-24 01:09:16] [INTELLIGENT-GUARDIAN] Service OK: hourly_logger
[2025-10-24 01:09:41] [INTELLIGENT-GUARDIAN] Performing health check...
[2025-10-24 01:09:41] [INTELLIGENT-GUARDIAN] Service OK: server_hub
[2025-10-24 01:09:41] [INTELLIGENT-GUARDIAN] Service OK: mobile_server
[2025-10-24 01:09:41] [INTELLIGENT-GUARDIAN] Service OK: celsius_core
[2025-10-24 01:09:41] [INTELLIGENT-GUARDIAN] Service OK: hourly_logger
[2025-10-24 01:09:46] [INTELLIGENT-GUARDIAN] Performing health check...
[2025-10-24 01:09:46] [INTELLIGENT-GUARDIAN] Service OK: server_hub
[2025-10-24 01:09:46] [INTELLIGENT-GUARDIAN] Service OK: mobile_server
[2025-10-24 01:09:46] [INTELLIGENT-GUARDIAN] Service OK: celsius_core
[2025-10-24 01:09:46] [INTELLIGENT-GUARDIAN] Service OK: hourly_logger
[2025-10-24 01:10:12] [INTELLIGENT-GUARDIAN] Performing health check...
[2025-10-24 01:10:12] [INTELLIGENT-GUARDIAN] Service OK: server_hub
[2025-10-24 01:10:12] [INTELLIGENT-GUARDIAN] Service OK: mobile_server
[2025-10-24 01:10:12] [INTELLIGENT-GUARDIAN] Service OK: celsius_core
[2025-10-24 01:10:12] [INTELLIGENT-GUARDIAN] Service OK: hourly_logger
[2025-10-24 01:10:16] [INTELLIGENT-GUARDIAN] Performing health check...
[2025-10-24 01:10:16] [INTELLIGENT-GUARDIAN] Service OK: server_hub
[2025-10-24 01:10:16] [INTELLIGENT-GUARDIAN] Service OK: mobile_server
[2025-10-24 01:10:16] [INTELLIGENT-GUARDIAN] Service OK: celsius_core
[2025-10-24 01:10:16] [INTELLIGENT-GUARDIAN] Service OK: hourly_logger
[2025-10-24 01:10:43] [INTELLIGENT-GUARDIAN] Performing health check...
[2025-10-24 01:10:43] [INTELLIGENT-GUARDIAN] Service OK: server_hub
[2025-10-24 01:10:43] [INTELLIGENT-GUARDIAN] Service OK: mobile_server
[2025-10-24 01:10:43] [INTELLIGENT-GUARDIAN] Service OK: celsius_core
[2025-10-24 01:10:43] [INTELLIGENT-GUARDIAN] Service OK: hourly_logger
[2025-10-24 01:10:46] [INTELLIGENT-GUARDIAN] Performing health check...
[2025-10-24 01:10:46] [INTELLIGENT-GUARDIAN] Service OK: server_hub
[2025-10-24 01:10:46] [INTELLIGENT-GUARDIAN] Service OK: mobile_server
[2025-10-24 01:10:46] [INTELLIGENT-GUARDIAN] Service OK: celsius_core
[2025-10-24 01:10:46] [INTELLIGENT-GUARDIAN] Service OK: hourly_logger
[2025-10-24 01:11:14] [INTELLIGENT-GUARDIAN] Performing health check...
[2025-10-24 01:11:14] [INTELLIGENT-GUARDIAN] Service OK: server_hub
[2025-10-24 01:11:14] [INTELLIGENT-GUARDIAN] Service OK: mobile_server
[2025-10-24 01:11:14] [INTELLIGENT-GUARDIAN] Service OK: celsius_core
[2025-10-24 01:11:14] [INTELLIGENT-GUARDIAN] Service OK: hourly_logger
[2025-10-24 01:11:16] [INTELLIGENT-GUARDIAN] Performing health check...
[2025-10-24 01:11:16] [INTELLIGENT-GUARDIAN] Service OK: server_hub
[2025-10-24 01:11:16] [INTELLIGENT-GUARDIAN] Service OK: mobile_server
[2025-10-24 01:11:16] [INTELLIGENT-GUARDIAN] Service OK: celsius_core
[2025-10-24 01:11:16] [INTELLIGENT-GUARDIAN] Service OK: hourly_logger
[2025-10-24 01:11:45] [INTELLIGENT-GUARDIAN] Performing health check...
[2025-10-24 01:11:45] [INTELLIGENT-GUARDIAN] Service OK: server_hub
[2025-10-24 01:11:45] [INTELLIGENT-GUARDIAN] Service OK: mobile_server
[2025-10-24 01:11:45] [INTELLIGENT-GUARDIAN] Service OK: celsius_core
[2025-10-24 01:11:45] [INTELLIGENT-GUARDIAN] Service OK: hourly_logger
[2025-10-24 01:11:46] [INTELLIGENT-GUARDIAN] Performing health check...
[2025-10-24 01:11:46] [INTELLIGENT-GUARDIAN] Service OK: server_hub
[2025-10-24 01:11:46] [INTELLIGENT-GUARDIAN] Service OK: mobile_server
[2025-10-24 01:11:46] [INTELLIGENT-GUARDIAN] Service OK: celsius_core
[2025-10-24 01:11:46] [INTELLIGENT-GUARDIAN] Service OK: hourly_logger
[2025-10-24 01:12:16] [INTELLIGENT-GUARDIAN] Performing health check...
[2025-10-24 01:12:16] [INTELLIGENT-GUARDIAN] Service OK: server_hub
[2025-10-24 01:12:16] [INTELLIGENT-GUARDIAN] Service OK: mobile_server
[2025-10-24 01:12:16] [INTELLIGENT-GUARDIAN] Service OK: celsius_core
[2025-10-24 01:12:16] [INTELLIGENT-GUARDIAN] Service OK: hourly_logger
[2025-10-24 01:12:16] [INTELLIGENT-GUARDIAN] Performing health check...
[2025-10-24 01:12:16] [INTELLIGENT-GUARDIAN] Service OK: server_hub
[2025-10-24 01:12:16] [INTELLIGENT-GUARDIAN] Service OK: mobile_server
[2025-10-24 01:12:16] [INTELLIGENT-GUARDIAN] Service OK: celsius_core
[2025-10-24 01:12:16] [INTELLIGENT-GUARDIAN] Service OK: hourly_logger
[2025-10-24 01:12:46] [INTELLIGENT-GUARDIAN] Performing health check...
[2025-10-24 01:12:46] [INTELLIGENT-GUARDIAN] Service OK: server_hub
[2025-10-24 01:12:46] [INTELLIGENT-GUARDIAN] Service OK: mobile_server
[2025-10-24 01:12:46] [INTELLIGENT-GUARDIAN] Service OK: celsius_core
[2025-10-24 01:12:46] [INTELLIGENT-GUARDIAN] Service OK: hourly_logger
[2025-10-24 01:12:47] [INTELLIGENT-GUARDIAN] Performing health check...
[2025-10-24 01:12:47] [INTELLIGENT-GUARDIAN] Service OK: server_hub
[2025-10-24 01:12:47] [INTELLIGENT-GUARDIAN] Service OK: mobile_server
[2025-10-24 01:12:47] [INTELLIGENT-GUARDIAN] Service OK: celsius_core
[2025-10-24 01:12:47] [INTELLIGENT-GUARDIAN] Service OK: hourly_logger
[2025-10-24 01:13:16] [INTELLIGENT-GUARDIAN] Performing health check...
[2025-10-24 01:13:16] [INTELLIGENT-GUARDIAN] Service OK: server_hub
[2025-10-24 01:13:16] [INTELLIGENT-GUARDIAN] Service OK: mobile_server
[2025-10-24 01:13:16] [INTELLIGENT-GUARDIAN] Service OK: celsius_core
[2025-10-24 01:13:16] [INTELLIGENT-GUARDIAN] Service OK: hourly_logger
[2025-10-24 01:13:18] [INTELLIGENT-GUARDIAN] Performing health check...
[2025-10-24 01:13:18] [INTELLIGENT-GUARDIAN] Service OK: server_hub
[2025-10-24 01:13:18] [INTELLIGENT-GUARDIAN] Service OK: mobile_server
[2025-10-24 01:13:18] [INTELLIGENT-GUARDIAN] Service OK: celsius_core
[2025-10-24 01:13:18] [INTELLIGENT-GUARDIAN] Service OK: hourly_logger
[2025-10-24 01:13:46] [INTELLIGENT-GUARDIAN] Performing health check...
[2025-10-24 01:13:46] [INTELLIGENT-GUARDIAN] Service OK: server_hub
[2025-10-24 01:13:46] [INTELLIGENT-GUARDIAN] Service OK: mobile_server
[2025-10-24 01:13:46] [INTELLIGENT-GUARDIAN] Service OK: celsius_core
[2025-10-24 01:13:46] [INTELLIGENT-GUARDIAN] Service OK: hourly_logger
[2025-10-24 01:13:49] [INTELLIGENT-GUARDIAN] Performing health check...
[2025-10-24 01:13:49] [INTELLIGENT-GUARDIAN] Service OK: server_hub
[2025-10-24 01:13:49] [INTELLIGENT-GUARDIAN] Service OK: mobile_server
[2025-10-24 01:13:49] [INTELLIGENT-GUARDIAN] Service OK: celsius_core
[2025-10-24 01:13:49] [INTELLIGENT-GUARDIAN] Service OK: hourly_logger
[2025-10-24 01:14:16] [INTELLIGENT-GUARDIAN] Performing health check...
[2025-10-24 01:14:16] [INTELLIGENT-GUARDIAN] Service OK: server_hub
[2025-10-24 01:14:16] [INTELLIGENT-GUARDIAN] Service OK: mobile_server
[2025-10-24 01:14:16] [INTELLIGENT-GUARDIAN] Service OK: celsius_core
[2025-10-24 01:14:16] [INTELLIGENT-GUARDIAN] Service OK: hourly_logger
[2025-10-24 01:14:20] [INTELLIGENT-GUARDIAN] Performing health check...
[2025-10-24 01:14:20] [INTELLIGENT-GUARDIAN] Service OK: server_hub
[2025-10-24 01:14:20] [INTELLIGENT-GUARDIAN] Service OK: mobile_server
[2025-10-24 01:14:20] [INTELLIGENT-GUARDIAN] Service OK: celsius_core
[2025-10-24 01:14:20] [INTELLIGENT-GUARDIAN] Service OK: hourly_logger
[2025-10-24 01:14:46] [INTELLIGENT-GUARDIAN] Performing health check...
[2025-10-24 01:14:46] [INTELLIGENT-GUARDIAN] Service OK: server_hub
[2025-10-24 01:14:46] [INTELLIGENT-GUARDIAN] Service OK: mobile_server
[2025-10-24 01:14:46] [INTELLIGENT-GUARDIAN] Service OK: celsius_core
[2025-10-24 01:14:46] [INTELLIGENT-GUARDIAN] Service OK: hourly_logger
[2025-10-24 01:14:51] [INTELLIGENT-GUARDIAN] Performing health check...
[2025-10-24 01:14:51] [INTELLIGENT-GUARDIAN] Service OK: server_hub
[2025-10-24 01:14:51] [INTELLIGENT-GUARDIAN] Service OK: mobile_server
[2025-10-24 01:14:51] [INTELLIGENT-GUARDIAN] Service OK: celsius_core
[2025-10-24 01:14:51] [INTELLIGENT-GUARDIAN] Service OK: hourly_logger
[2025-10-24 01:15:16] [INTELLIGENT-GUARDIAN] Performing health check...
[2025-10-24 01:15:16] [INTELLIGENT-GUARDIAN] Service OK: server_hub
[2025-10-24 01:15:16] [INTELLIGENT-GUARDIAN] Service OK: mobile_server
[2025-10-24 01:15:16] [INTELLIGENT-GUARDIAN] Service OK: celsius_core
[2025-10-24 01:15:16] [INTELLIGENT-GUARDIAN] Service OK: hourly_logger
[2025-10-24 01:15:22] [INTELLIGENT-GUARDIAN] Performing health check...
[2025-10-24 01:15:22] [INTELLIGENT-GUARDIAN] Service OK: server_hub
[2025-10-24 01:15:22] [INTELLIGENT-GUARDIAN] Service OK: mobile_server
[2025-10-24 01:15:22] [INTELLIGENT-GUARDIAN] Service OK: celsius_core
[2025-10-24 01:15:22] [INTELLIGENT-GUARDIAN] Service OK: hourly_logger
[2025-10-24 01:15:46] [INTELLIGENT-GUARDIAN] Performing health check...
[2025-10-24 01:15:46] [INTELLIGENT-GUARDIAN] Service OK: server_hub
[2025-10-24 01:15:46] [INTELLIGENT-GUARDIAN] Service OK: mobile_server
[2025-10-24 01:15:46] [INTELLIGENT-GUARDIAN] Service OK: celsius_core
[2025-10-24 01:15:46] [INTELLIGENT-GUARDIAN] Service OK: hourly_logger
[2025-10-24 01:15:53] [INTELLIGENT-GUARDIAN] Performing health check...
[2025-10-24 01:15:53] [INTELLIGENT-GUARDIAN] Service OK: server_hub
[2025-10-24 01:15:53] [INTELLIGENT-GUARDIAN] Service OK: mobile_server
[2025-10-24 01:15:53] [INTELLIGENT-GUARDIAN] Service OK: celsius_core
[2025-10-24 01:15:53] [INTELLIGENT-GUARDIAN] Service OK: hourly_logger
[2025-10-24 01:16:16] [INTELLIGENT-GUARDIAN] Performing health check...
[2025-10-24 01:16:16] [INTELLIGENT-GUARDIAN] Service OK: server_hub
[2025-10-24 01:16:16] [INTELLIGENT-GUARDIAN] Service OK: mobile_server
[2025-10-24 01:16:16] [INTELLIGENT-GUARDIAN] Service OK: celsius_core
[2025-10-24 01:16:16] [INTELLIGENT-GUARDIAN] Service OK: hourly_logger
[2025-10-24 01:16:24] [INTELLIGENT-GUARDIAN] Performing health check...
[2025-10-24 01:16:24] [INTELLIGENT-GUARDIAN] Service OK: server_hub
[2025-10-24 01:16:24] [INTELLIGENT-GUARDIAN] Service OK: mobile_server
[2025-10-24 01:16:24] [INTELLIGENT-GUARDIAN] Service OK: celsius_core
[2025-10-24 01:16:24] [INTELLIGENT-GUARDIAN] Service OK: hourly_logger
[2025-10-24 01:16:46] [INTELLIGENT-GUARDIAN] Performing health check...
[2025-10-24 01:16:46] [INTELLIGENT-GUARDIAN] Service OK: server_hub
[2025-10-24 01:16:46] [INTELLIGENT-GUARDIAN] Service OK: mobile_server
[2025-10-24 01:16:46] [INTELLIGENT-GUARDIAN] Service OK: celsius_core
[2025-10-24 01:16:46] [INTELLIGENT-GUARDIAN] Service OK: hourly_logger
[2025-10-24 01:16:55] [INTELLIGENT-GUARDIAN] Performing health check...
[2025-10-24 01:16:55] [INTELLIGENT-GUARDIAN] Service OK: server_hub
[2025-10-24 01:16:55] [INTELLIGENT-GUARDIAN] Service OK: mobile_server
[2025-10-24 01:16:55] [INTELLIGENT-GUARDIAN] Service OK: celsius_core
[2025-10-24 01:16:55] [INTELLIGENT-GUARDIAN] Service OK: hourly_logger
[2025-10-24 01:17:16] [INTELLIGENT-GUARDIAN] Performing health check...
[2025-10-24 01:17:16] [INTELLIGENT-GUARDIAN] Service OK: server_hub
[2025-10-24 01:17:16] [INTELLIGENT-GUARDIAN] Service OK: mobile_server
[2025-10-24 01:17:16] [INTELLIGENT-GUARDIAN] Service OK: celsius_core
[2025-10-24 01:17:16] [INTELLIGENT-GUARDIAN] Service OK: hourly_logger
[2025-10-24 01:17:26] [INTELLIGENT-GUARDIAN] Performing health check...
[2025-10-24 01:17:26] [INTELLIGENT-GUARDIAN] Service OK: server_hub
[2025-10-24 01:17:26] [INTELLIGENT-GUARDIAN] Service OK: mobile_server
[2025-10-24 01:17:26] [INTELLIGENT-GUARDIAN] Service OK: celsius_core
[2025-10-24 01:17:26] [INTELLIGENT-GUARDIAN] Service OK: hourly_logger
[2025-10-24 01:17:46] [INTELLIGENT-GUARDIAN] Performing health check...
[2025-10-24 01:17:46] [INTELLIGENT-GUARDIAN] Service OK: server_hub
[2025-10-24 01:17:46] [INTELLIGENT-GUARDIAN] Service OK: mobile_server
[2025-10-24 01:17:46] [INTELLIGENT-GUARDIAN] Service OK: celsius_core
[2025-10-24 01:17:46] [INTELLIGENT-GUARDIAN] Service OK: hourly_logger
[2025-10-24 01:17:57] [INTELLIGENT-GUARDIAN] Performing health check...
[2025-10-24 01:17:57] [INTELLIGENT-GUARDIAN] Service OK: server_hub
[2025-10-24 01:17:57] [INTELLIGENT-GUARDIAN] Service OK: mobile_server
[2025-10-24 01:17:57] [INTELLIGENT-GUARDIAN] Service OK: celsius_core
[2025-10-24 01:17:57] [INTELLIGENT-GUARDIAN] Service OK: hourly_logger
[2025-10-24 01:18:16] [INTELLIGENT-GUARDIAN] Performing health check...
[2025-10-24 01:18:16] [INTELLIGENT-GUARDIAN] Service OK: server_hub
[2025-10-24 01:18:16] [INTELLIGENT-GUARDIAN] Service OK: mobile_server
[2025-10-24 01:18:16] [INTELLIGENT-GUARDIAN] Service OK: celsius_core
[2025-10-24 01:18:16] [INTELLIGENT-GUARDIAN] Service OK: hourly_logger
[2025-10-24 01:18:28] [INTELLIGENT-GUARDIAN] Performing health check...
[2025-10-24 01:18:28] [INTELLIGENT-GUARDIAN] Service OK: server_hub
[2025-10-24 01:18:28] [INTELLIGENT-GUARDIAN] Service OK: mobile_server
[2025-10-24 01:18:28] [INTELLIGENT-GUARDIAN] Service OK: celsius_core
[2025-10-24 01:18:28] [INTELLIGENT-GUARDIAN] Service OK: hourly_logger
[2025-10-24 01:18:46] [INTELLIGENT-GUARDIAN] Performing health check...
[2025-10-24 01:18:46] [INTELLIGENT-GUARDIAN] Service OK: server_hub
[2025-10-24 01:18:46] [INTELLIGENT-GUARDIAN] Service OK: mobile_server
[2025-10-24 01:18:46] [INTELLIGENT-GUARDIAN] Service OK: celsius_core
[2025-10-24 01:18:46] [INTELLIGENT-GUARDIAN] Service OK: hourly_logger
[2025-10-24 01:18:59] [INTELLIGENT-GUARDIAN] Performing health check...
[2025-10-24 01:18:59] [INTELLIGENT-GUARDIAN] Service OK: server_hub
[2025-10-24 01:18:59] [INTELLIGENT-GUARDIAN] Service OK: mobile_server
[2025-10-24 01:18:59] [INTELLIGENT-GUARDIAN] Service OK: celsius_core
[2025-10-24 01:18:59] [INTELLIGENT-GUARDIAN] Service OK: hourly_logger
[2025-10-24 01:19:16] [INTELLIGENT-GUARDIAN] Performing health check...
[2025-10-24 01:19:16] [INTELLIGENT-GUARDIAN] Service OK: server_hub
[2025-10-24 01:19:16] [INTELLIGENT-GUARDIAN] Service OK: mobile_server
[2025-10-24 01:19:16] [INTELLIGENT-GUARDIAN] Service OK: celsius_core
[2025-10-24 01:19:16] [INTELLIGENT-GUARDIAN] Service OK: hourly_logger
[2025-10-24 01:19:30] [INTELLIGENT-GUARDIAN] Performing health check...
[2025-10-24 01:19:30] [INTELLIGENT-GUARDIAN] Service OK: server_hub
[2025-10-24 01:19:30] [INTELLIGENT-GUARDIAN] Service OK: mobile_server
[2025-10-24 01:19:30] [INTELLIGENT-GUARDIAN] Service OK: celsius_core
[2025-10-24 01:19:30] [INTELLIGENT-GUARDIAN] Service OK: hourly_logger
[2025-10-24 01:19:46] [INTELLIGENT-GUARDIAN] Performing health check...
[2025-10-24 01:19:46] [INTELLIGENT-GUARDIAN] Service OK: server_hub
[2025-10-24 01:19:46] [INTELLIGENT-GUARDIAN] Service OK: mobile_server
[2025-10-24 01:19:46] [INTELLIGENT-GUARDIAN] Service OK: celsius_core
[2025-10-24 01:19:46] [INTELLIGENT-GUARDIAN] Service OK: hourly_logger
[2025-10-24 01:20:01] [INTELLIGENT-GUARDIAN] Performing health check...
[2025-10-24 01:20:01] [INTELLIGENT-GUARDIAN] Service OK: server_hub
[2025-10-24 01:20:01] [INTELLIGENT-GUARDIAN] Service OK: mobile_server
[2025-10-24 01:20:01] [INTELLIGENT-GUARDIAN] Service OK: celsius_core
[2025-10-24 01:20:01] [INTELLIGENT-GUARDIAN] Service OK: hourly_logger
[2025-10-24 01:20:16] [INTELLIGENT-GUARDIAN] Performing health check...
[2025-10-24 01:20:16] [INTELLIGENT-GUARDIAN] Service OK: server_hub
[2025-10-24 01:20:16] [INTELLIGENT-GUARDIAN] Service OK: mobile_server
[2025-10-24 01:20:16] [INTELLIGENT-GUARDIAN] Service OK: celsius_core
[2025-10-24 01:20:16] [INTELLIGENT-GUARDIAN] Service OK: hourly_logger
[2025-10-24 01:20:32] [INTELLIGENT-GUARDIAN] Performing health check...
[2025-10-24 01:20:32] [INTELLIGENT-GUARDIAN] Service OK: server_hub
[2025-10-24 01:20:32] [INTELLIGENT-GUARDIAN] Service OK: mobile_server
[2025-10-24 01:20:32] [INTELLIGENT-GUARDIAN] Service OK: celsius_core
[2025-10-24 01:20:32] [INTELLIGENT-GUARDIAN] Service OK: hourly_logger
[2025-10-24 01:20:46] [INTELLIGENT-GUARDIAN] Performing health check...
[2025-10-24 01:20:46] [INTELLIGENT-GUARDIAN] Service OK: server_hub
[2025-10-24 01:20:46] [INTELLIGENT-GUARDIAN] Service OK: mobile_server
[2025-10-24 01:20:46] [INTELLIGENT-GUARDIAN] Service OK: celsius_core
[2025-10-24 01:20:46] [INTELLIGENT-GUARDIAN] Service OK: hourly_logger
[2025-10-24 01:21:03] [INTELLIGENT-GUARDIAN] Performing health check...
[2025-10-24 01:21:03] [INTELLIGENT-GUARDIAN] Service OK: server_hub
[2025-10-24 01:21:03] [INTELLIGENT-GUARDIAN] Service OK: mobile_server
[2025-10-24 01:21:03] [INTELLIGENT-GUARDIAN] Service OK: celsius_core
[2025-10-24 01:21:03] [INTELLIGENT-GUARDIAN] Service OK: hourly_logger
[2025-10-24 01:21:16] [INTELLIGENT-GUARDIAN] Performing health check...
[2025-10-24 01:21:16] [INTELLIGENT-GUARDIAN] Service OK: server_hub
[2025-10-24 01:21:16] [INTELLIGENT-GUARDIAN] Service OK: mobile_server
[2025-10-24 01:21:16] [INTELLIGENT-GUARDIAN] Service OK: celsius_core
[2025-10-24 01:21:16] [INTELLIGENT-GUARDIAN] Service OK: hourly_logger
[2025-10-24 01:21:34] [INTELLIGENT-GUARDIAN] Performing health check...
[2025-10-24 01:21:34] [INTELLIGENT-GUARDIAN] Service OK: server_hub
[2025-10-24 01:21:34] [INTELLIGENT-GUARDIAN] Service OK: mobile_server
[2025-10-24 01:21:34] [INTELLIGENT-GUARDIAN] Service OK: celsius_core
[2025-10-24 01:21:34] [INTELLIGENT-GUARDIAN] Service OK: hourly_logger
[2025-10-24 01:21:46] [INTELLIGENT-GUARDIAN] Performing health check...
[2025-10-24 01:21:46] [INTELLIGENT-GUARDIAN] Service OK: server_hub
[2025-10-24 01:21:46] [INTELLIGENT-GUARDIAN] Service OK: mobile_server
[2025-10-24 01:21:46] [INTELLIGENT-GUARDIAN] Service OK: celsius_core
[2025-10-24 01:21:46] [INTELLIGENT-GUARDIAN] Service OK: hourly_logger
[2025-10-24 01:22:05] [INTELLIGENT-GUARDIAN] Performing health check...
[2025-10-24 01:22:05] [INTELLIGENT-GUARDIAN] Service OK: server_hub
[2025-10-24 01:22:05] [INTELLIGENT-GUARDIAN] Service OK: mobile_server
[2025-10-24 01:22:05] [INTELLIGENT-GUARDIAN] Service OK: celsius_core
[2025-10-24 01:22:05] [INTELLIGENT-GUARDIAN] Service OK: hourly_logger
[2025-10-24 01:22:16] [INTELLIGENT-GUARDIAN] Performing health check...
[2025-10-24 01:22:16] [INTELLIGENT-GUARDIAN] Service OK: server_hub
[2025-10-24 01:22:16] [INTELLIGENT-GUARDIAN] Service OK: mobile_server
[2025-10-24 01:22:16] [INTELLIGENT-GUARDIAN] Service OK: celsius_core
[2025-10-24 01:22:16] [INTELLIGENT-GUARDIAN] Service OK: hourly_logger
[2025-10-24 01:22:36] [INTELLIGENT-GUARDIAN] Performing health check...
[2025-10-24 01:22:36] [INTELLIGENT-GUARDIAN] Service OK: server_hub
[2025-10-24 01:22:36] [INTELLIGENT-GUARDIAN] Service OK: mobile_server
[2025-10-24 01:22:36] [INTELLIGENT-GUARDIAN] Service OK: celsius_core
[2025-10-24 01:22:36] [INTELLIGENT-GUARDIAN] Service OK: hourly_logger
[2025-10-24 01:22:46] [INTELLIGENT-GUARDIAN] Performing health check...
[2025-10-24 01:22:46] [INTELLIGENT-GUARDIAN] Service OK: server_hub
[2025-10-24 01:22:46] [INTELLIGENT-GUARDIAN] Service OK: mobile_server
[2025-10-24 01:22:46] [INTELLIGENT-GUARDIAN] Service OK: celsius_core
[2025-10-24 01:22:46] [INTELLIGENT-GUARDIAN] Service OK: hourly_logger
[2025-10-24 01:23:07] [INTELLIGENT-GUARDIAN] Performing health check...
[2025-10-24 01:23:07] [INTELLIGENT-GUARDIAN] Service OK: server_hub
[2025-10-24 01:23:07] [INTELLIGENT-GUARDIAN] Service OK: mobile_server
[2025-10-24 01:23:07] [INTELLIGENT-GUARDIAN] Service OK: celsius_core
[2025-10-24 01:23:07] [INTELLIGENT-GUARDIAN] Service OK: hourly_logger
[2025-10-24 01:23:16] [INTELLIGENT-GUARDIAN] Performing health check...
[2025-10-24 01:23:16] [INTELLIGENT-GUARDIAN] Service OK: server_hub
[2025-10-24 01:23:16] [INTELLIGENT-GUARDIAN] Service OK: mobile_server
[2025-10-24 01:23:16] [INTELLIGENT-GUARDIAN] Service OK: celsius_core
[2025-10-24 01:23:16] [INTELLIGENT-GUARDIAN] Service OK: hourly_logger
[2025-10-24 01:23:38] [INTELLIGENT-GUARDIAN] Performing health check...
[2025-10-24 01:23:38] [INTELLIGENT-GUARDIAN] Service OK: server_hub
[2025-10-24 01:23:38] [INTELLIGENT-GUARDIAN] Service OK: mobile_server
[2025-10-24 01:23:38] [INTELLIGENT-GUARDIAN] Service OK: celsius_core
[2025-10-24 01:23:38] [INTELLIGENT-GUARDIAN] Service OK: hourly_logger
[2025-10-24 01:23:46] [INTELLIGENT-GUARDIAN] Performing health check...
[2025-10-24 01:23:46] [INTELLIGENT-GUARDIAN] Service OK: server_hub
[2025-10-24 01:23:46] [INTELLIGENT-GUARDIAN] Service OK: mobile_server
[2025-10-24 01:23:46] [INTELLIGENT-GUARDIAN] Service OK: celsius_core
[2025-10-24 01:23:46] [INTELLIGENT-GUARDIAN] Service OK: hourly_logger
[2025-10-24 01:24:09] [INTELLIGENT-GUARDIAN] Performing health check...
[2025-10-24 01:24:09] [INTELLIGENT-GUARDIAN] Service OK: server_hub
[2025-10-24 01:24:09] [INTELLIGENT-GUARDIAN] Service OK: mobile_server
[2025-10-24 01:24:09] [INTELLIGENT-GUARDIAN] Service OK: celsius_core
[2025-10-24 01:24:09] [INTELLIGENT-GUARDIAN] Service OK: hourly_logger
[2025-10-24 01:24:16] [INTELLIGENT-GUARDIAN] Performing health check...
[2025-10-24 01:24:16] [INTELLIGENT-GUARDIAN] Service OK: server_hub
[2025-10-24 01:24:16] [INTELLIGENT-GUARDIAN] Service OK: mobile_server
[2025-10-24 01:24:16] [INTELLIGENT-GUARDIAN] Service OK: celsius_core
[2025-10-24 01:24:16] [INTELLIGENT-GUARDIAN] Service OK: hourly_logger
[2025-10-24 01:24:40] [INTELLIGENT-GUARDIAN] Performing health check...
[2025-10-24 01:24:40] [INTELLIGENT-GUARDIAN] Service OK: server_hub
[2025-10-24 01:24:40] [INTELLIGENT-GUARDIAN] Service OK: mobile_server
[2025-10-24 01:24:40] [INTELLIGENT-GUARDIAN] Service OK: celsius_core
[2025-10-24 01:24:40] [INTELLIGENT-GUARDIAN] Service OK: hourly_logger
[2025-10-24 01:24:46] [INTELLIGENT-GUARDIAN] Performing health check...
[2025-10-24 01:24:46] [INTELLIGENT-GUARDIAN] Service OK: server_hub
[2025-10-24 01:24:46] [INTELLIGENT-GUARDIAN] Service OK: mobile_server
[2025-10-24 01:24:46] [INTELLIGENT-GUARDIAN] Service OK: celsius_core
[2025-10-24 01:24:46] [INTELLIGENT-GUARDIAN] Service OK: hourly_logger
[2025-10-24 01:25:11] [INTELLIGENT-GUARDIAN] Performing health check...
[2025-10-24 01:25:11] [INTELLIGENT-GUARDIAN] Service OK: server_hub
[2025-10-24 01:25:11] [INTELLIGENT-GUARDIAN] Service OK: mobile_server
[2025-10-24 01:25:11] [INTELLIGENT-GUARDIAN] Service OK: celsius_core
[2025-10-24 01:25:11] [INTELLIGENT-GUARDIAN] Service OK: hourly_logger
[2025-10-24 01:25:16] [INTELLIGENT-GUARDIAN] Performing health check...
[2025-10-24 01:25:16] [INTELLIGENT-GUARDIAN] Service OK: server_hub
[2025-10-24 01:25:16] [INTELLIGENT-GUARDIAN] Service OK: mobile_server
[2025-10-24 01:25:16] [INTELLIGENT-GUARDIAN] Service OK: celsius_core
[2025-10-24 01:25:16] [INTELLIGENT-GUARDIAN] Service OK: hourly_logger
[2025-10-24 01:25:42] [INTELLIGENT-GUARDIAN] Performing health check...
[2025-10-24 01:25:42] [INTELLIGENT-GUARDIAN] Service OK: server_hub
[2025-10-24 01:25:42] [INTELLIGENT-GUARDIAN] Service OK: mobile_server
[2025-10-24 01:25:42] [INTELLIGENT-GUARDIAN] Service OK: celsius_core
[2025-10-24 01:25:42] [INTELLIGENT-GUARDIAN] Service OK: hourly_logger
[2025-10-24 01:25:46] [INTELLIGENT-GUARDIAN] Performing health check...
[2025-10-24 01:25:46] [INTELLIGENT-GUARDIAN] Service OK: server_hub
[2025-10-24 01:25:46] [INTELLIGENT-GUARDIAN] Service OK: mobile_server
[2025-10-24 01:25:46] [INTELLIGENT-GUARDIAN] Service OK: celsius_core
[2025-10-24 01:25:46] [INTELLIGENT-GUARDIAN] Service OK: hourly_logger
[2025-10-24 01:26:13] [INTELLIGENT-GUARDIAN] Performing health check...
[2025-10-24 01:26:13] [INTELLIGENT-GUARDIAN] Service OK: server_hub
[2025-10-24 01:26:13] [INTELLIGENT-GUARDIAN] Service OK: mobile_server
[2025-10-24 01:26:13] [INTELLIGENT-GUARDIAN] Service OK: celsius_core
[2025-10-24 01:26:13] [INTELLIGENT-GUARDIAN] Service OK: hourly_logger
[2025-10-24 01:26:16] [INTELLIGENT-GUARDIAN] Performing health check...
[2025-10-24 01:26:16] [INTELLIGENT-GUARDIAN] Service OK: server_hub
[2025-10-24 01:26:16] [INTELLIGENT-GUARDIAN] Service OK: mobile_server
[2025-10-24 01:26:16] [INTELLIGENT-GUARDIAN] Service OK: celsius_core
[2025-10-24 01:26:16] [INTELLIGENT-GUARDIAN] Service OK: hourly_logger
[2025-10-24 01:26:44] [INTELLIGENT-GUARDIAN] Performing health check...
[2025-10-24 01:26:44] [INTELLIGENT-GUARDIAN] Service OK: server_hub
[2025-10-24 01:26:44] [INTELLIGENT-GUARDIAN] Service OK: mobile_server
[2025-10-24 01:26:44] [INTELLIGENT-GUARDIAN] Service OK: celsius_core
[2025-10-24 01:26:44] [INTELLIGENT-GUARDIAN] Service OK: hourly_logger
[2025-10-24 01:26:46] [INTELLIGENT-GUARDIAN] Performing health check...
[2025-10-24 01:26:46] [INTELLIGENT-GUARDIAN] Service OK: server_hub
[2025-10-24 01:26:46] [INTELLIGENT-GUARDIAN] Service OK: mobile_server
[2025-10-24 01:26:46] [INTELLIGENT-GUARDIAN] Service OK: celsius_core
[2025-10-24 01:26:46] [INTELLIGENT-GUARDIAN] Service OK: hourly_logger
[2025-10-24 01:27:15] [INTELLIGENT-GUARDIAN] Performing health check...
[2025-10-24 01:27:15] [INTELLIGENT-GUARDIAN] Service OK: server_hub
[2025-10-24 01:27:15] [INTELLIGENT-GUARDIAN] Service OK: mobile_server
[2025-10-24 01:27:15] [INTELLIGENT-GUARDIAN] Service OK: celsius_core
[2025-10-24 01:27:15] [INTELLIGENT-GUARDIAN] Service OK: hourly_logger
[2025-10-24 01:27:16] [INTELLIGENT-GUARDIAN] Performing health check...
[2025-10-24 01:27:16] [INTELLIGENT-GUARDIAN] Service OK: server_hub
[2025-10-24 01:27:16] [INTELLIGENT-GUARDIAN] Service OK: mobile_server
[2025-10-24 01:27:16] [INTELLIGENT-GUARDIAN] Service OK: celsius_core
[2025-10-24 01:27:16] [INTELLIGENT-GUARDIAN] Service OK: hourly_logger
[2025-10-24 01:27:46] [INTELLIGENT-GUARDIAN] Performing health check...
[2025-10-24 01:27:46] [INTELLIGENT-GUARDIAN] Service OK: server_hub
[2025-10-24 01:27:46] [INTELLIGENT-GUARDIAN] Service OK: mobile_server
[2025-10-24 01:27:46] [INTELLIGENT-GUARDIAN] Service OK: celsius_core
[2025-10-24 01:27:46] [INTELLIGENT-GUARDIAN] Service OK: hourly_logger
[2025-10-24 01:27:46] [INTELLIGENT-GUARDIAN] Performing health check...
[2025-10-24 01:27:46] [INTELLIGENT-GUARDIAN] Service OK: server_hub
[2025-10-24 01:27:46] [INTELLIGENT-GUARDIAN] Service OK: mobile_server
[2025-10-24 01:27:46] [INTELLIGENT-GUARDIAN] Service OK: celsius_core
[2025-10-24 01:27:46] [INTELLIGENT-GUARDIAN] Service OK: hourly_logger
[2025-10-24 01:28:16] [INTELLIGENT-GUARDIAN] Performing health check...
[2025-10-24 01:28:16] [INTELLIGENT-GUARDIAN] Service OK: server_hub
[2025-10-24 01:28:16] [INTELLIGENT-GUARDIAN] Service OK: mobile_server
[2025-10-24 01:28:16] [INTELLIGENT-GUARDIAN] Service OK: celsius_core
[2025-10-24 01:28:16] [INTELLIGENT-GUARDIAN] Service OK: hourly_logger
[2025-10-24 01:28:17] [INTELLIGENT-GUARDIAN] Performing health check...
[2025-10-24 01:28:17] [INTELLIGENT-GUARDIAN] Service OK: server_hub
[2025-10-24 01:28:17] [INTELLIGENT-GUARDIAN] Service OK: mobile_server
[2025-10-24 01:28:17] [INTELLIGENT-GUARDIAN] Service OK: celsius_core
[2025-10-24 01:28:17] [INTELLIGENT-GUARDIAN] Service OK: hourly_logger
[2025-10-24 01:28:46] [INTELLIGENT-GUARDIAN] Performing health check...
[2025-10-24 01:28:46] [INTELLIGENT-GUARDIAN] Service OK: server_hub
[2025-10-24 01:28:46] [INTELLIGENT-GUARDIAN] Service OK: mobile_server
[2025-10-24 01:28:46] [INTELLIGENT-GUARDIAN] Service OK: celsius_core
[2025-10-24 01:28:46] [INTELLIGENT-GUARDIAN] Service OK: hourly_logger
[2025-10-24 01:28:48] [INTELLIGENT-GUARDIAN] Performing health check...
[2025-10-24 01:28:48] [INTELLIGENT-GUARDIAN] Service OK: server_hub
[2025-10-24 01:28:48] [INTELLIGENT-GUARDIAN] Service OK: mobile_server
[2025-10-24 01:28:48] [INTELLIGENT-GUARDIAN] Service OK: celsius_core
[2025-10-24 01:28:48] [INTELLIGENT-GUARDIAN] Service OK: hourly_logger
[2025-10-24 01:29:16] [INTELLIGENT-GUARDIAN] Performing health check...
[2025-10-24 01:29:16] [INTELLIGENT-GUARDIAN] Service OK: server_hub
[2025-10-24 01:29:16] [INTELLIGENT-GUARDIAN] Service OK: mobile_server
[2025-10-24 01:29:16] [INTELLIGENT-GUARDIAN] Service OK: celsius_core
[2025-10-24 01:29:16] [INTELLIGENT-GUARDIAN] Service OK: hourly_logger
[2025-10-24 01:29:19] [INTELLIGENT-GUARDIAN] Performing health check...
[2025-10-24 01:29:19] [INTELLIGENT-GUARDIAN] Service OK: server_hub
[2025-10-24 01:29:19] [INTELLIGENT-GUARDIAN] Service OK: mobile_server
[2025-10-24 01:29:19] [INTELLIGENT-GUARDIAN] Service OK: celsius_core
[2025-10-24 01:29:19] [INTELLIGENT-GUARDIAN] Service OK: hourly_logger
[2025-10-24 01:29:46] [INTELLIGENT-GUARDIAN] Performing health check...
[2025-10-24 01:29:46] [INTELLIGENT-GUARDIAN] Service OK: server_hub
[2025-10-24 01:29:46] [INTELLIGENT-GUARDIAN] Service OK: mobile_server
[2025-10-24 01:29:46] [INTELLIGENT-GUARDIAN] Service OK: celsius_core
[2025-10-24 01:29:46] [INTELLIGENT-GUARDIAN] Service OK: hourly_logger
[2025-10-24 01:29:50] [INTELLIGENT-GUARDIAN] Performing health check...
[2025-10-24 01:29:50] [INTELLIGENT-GUARDIAN] Service OK: server_hub
[2025-10-24 01:29:50] [INTELLIGENT-GUARDIAN] Service OK: mobile_server
[2025-10-24 01:29:50] [INTELLIGENT-GUARDIAN] Service OK: celsius_core
[2025-10-24 01:29:50] [INTELLIGENT-GUARDIAN] Service OK: hourly_logger
[2025-10-24 01:30:16] [INTELLIGENT-GUARDIAN] Performing health check...
[2025-10-24 01:30:16] [INTELLIGENT-GUARDIAN] Service OK: server_hub
[2025-10-24 01:30:16] [INTELLIGENT-GUARDIAN] Service OK: mobile_server
[2025-10-24 01:30:16] [INTELLIGENT-GUARDIAN] Service OK: celsius_core
[2025-10-24 01:30:16] [INTELLIGENT-GUARDIAN] Service OK: hourly_logger
[2025-10-24 01:30:21] [INTELLIGENT-GUARDIAN] Performing health check...
[2025-10-24 01:30:21] [INTELLIGENT-GUARDIAN] Service OK: server_hub
[2025-10-24 01:30:21] [INTELLIGENT-GUARDIAN] Service OK: mobile_server
[2025-10-24 01:30:21] [INTELLIGENT-GUARDIAN] Service OK: celsius_core
[2025-10-24 01:30:21] [INTELLIGENT-GUARDIAN] Service OK: hourly_logger
[2025-10-24 01:30:46] [INTELLIGENT-GUARDIAN] Performing health check...
[2025-10-24 01:30:46] [INTELLIGENT-GUARDIAN] Service OK: server_hub
[2025-10-24 01:30:46] [INTELLIGENT-GUARDIAN] Service OK: mobile_server
[2025-10-24 01:30:46] [INTELLIGENT-GUARDIAN] Service OK: celsius_core
[2025-10-24 01:30:46] [INTELLIGENT-GUARDIAN] Service OK: hourly_logger
[2025-10-24 01:30:52] [INTELLIGENT-GUARDIAN] Performing health check...
[2025-10-24 01:30:52] [INTELLIGENT-GUARDIAN] Service OK: server_hub
[2025-10-24 01:30:52] [INTELLIGENT-GUARDIAN] Service OK: mobile_server
[2025-10-24 01:30:52] [INTELLIGENT-GUARDIAN] Service OK: celsius_core
[2025-10-24 01:30:52] [INTELLIGENT-GUARDIAN] Service OK: hourly_logger
[2025-10-24 01:31:16] [INTELLIGENT-GUARDIAN] Performing health check...
[2025-10-24 01:31:16] [INTELLIGENT-GUARDIAN] Service OK: server_hub
[2025-10-24 01:31:16] [INTELLIGENT-GUARDIAN] Service OK: mobile_server
[2025-10-24 01:31:16] [INTELLIGENT-GUARDIAN] Service OK: celsius_core
[2025-10-24 01:31:16] [INTELLIGENT-GUARDIAN] Service OK: hourly_logger
[2025-10-24 01:31:23] [INTELLIGENT-GUARDIAN] Performing health check...
[2025-10-24 01:31:23] [INTELLIGENT-GUARDIAN] Service OK: server_hub
[2025-10-24 01:31:23] [INTELLIGENT-GUARDIAN] Service OK: mobile_server
[2025-10-24 01:31:23] [INTELLIGENT-GUARDIAN] Service OK: celsius_core
[2025-10-24 01:31:23] [INTELLIGENT-GUARDIAN] Service OK: hourly_logger
[2025-10-24 01:31:46] [INTELLIGENT-GUARDIAN] Performing health check...
[2025-10-24 01:31:46] [INTELLIGENT-GUARDIAN] Service OK: server_hub
[2025-10-24 01:31:46] [INTELLIGENT-GUARDIAN] Service OK: mobile_server
[2025-10-24 01:31:46] [INTELLIGENT-GUARDIAN] Service OK: celsius_core
[2025-10-24 01:31:46] [INTELLIGENT-GUARDIAN] Service OK: hourly_logger
[2025-10-24 01:31:54] [INTELLIGENT-GUARDIAN] Performing health check...
[2025-10-24 01:31:54] [INTELLIGENT-GUARDIAN] Service OK: server_hub
[2025-10-24 01:31:54] [INTELLIGENT-GUARDIAN] Service OK: mobile_server
[2025-10-24 01:31:54] [INTELLIGENT-GUARDIAN] Service OK: celsius_core
[2025-10-24 01:31:54] [INTELLIGENT-GUARDIAN] Service OK: hourly_logger
[2025-10-24 01:32:16] [INTELLIGENT-GUARDIAN] Performing health check...
[2025-10-24 01:32:16] [INTELLIGENT-GUARDIAN] Service OK: server_hub
[2025-10-24 01:32:16] [INTELLIGENT-GUARDIAN] Service OK: mobile_server
[2025-10-24 01:32:16] [INTELLIGENT-GUARDIAN] Service OK: celsius_core
[2025-10-24 01:32:16] [INTELLIGENT-GUARDIAN] Service OK: hourly_logger
[2025-10-24 01:32:25] [INTELLIGENT-GUARDIAN] Performing health check...
[2025-10-24 01:32:25] [INTELLIGENT-GUARDIAN] Service OK: server_hub
[2025-10-24 01:32:25] [INTELLIGENT-GUARDIAN] Service OK: mobile_server
[2025-10-24 01:32:25] [INTELLIGENT-GUARDIAN] Service OK: celsius_core
[2025-10-24 01:32:25] [INTELLIGENT-GUARDIAN] Service OK: hourly_logger
[2025-10-24 01:32:46] [INTELLIGENT-GUARDIAN] Performing health check...
[2025-10-24 01:32:46] [INTELLIGENT-GUARDIAN] Service OK: server_hub
[2025-10-24 01:32:46] [INTELLIGENT-GUARDIAN] Service OK: mobile_server
[2025-10-24 01:32:46] [INTELLIGENT-GUARDIAN] Service OK: celsius_core
[2025-10-24 01:32:46] [INTELLIGENT-GUARDIAN] Service OK: hourly_logger
[2025-10-24 01:32:56] [INTELLIGENT-GUARDIAN] Performing health check...
[2025-10-24 01:32:56] [INTELLIGENT-GUARDIAN] Service OK: server_hub
[2025-10-24 01:32:56] [INTELLIGENT-GUARDIAN] Service OK: mobile_server
[2025-10-24 01:32:56] [INTELLIGENT-GUARDIAN] Service OK: celsius_core
[2025-10-24 01:32:56] [INTELLIGENT-GUARDIAN] Service OK: hourly_logger
[2025-10-24 01:33:16] [INTELLIGENT-GUARDIAN] Performing health check...
[2025-10-24 01:33:16] [INTELLIGENT-GUARDIAN] Service OK: server_hub
[2025-10-24 01:33:16] [INTELLIGENT-GUARDIAN] Service OK: mobile_server
[2025-10-24 01:33:16] [INTELLIGENT-GUARDIAN] Service OK: celsius_core
[2025-10-24 01:33:16] [INTELLIGENT-GUARDIAN] Service OK: hourly_logger
[2025-10-24 01:33:27] [INTELLIGENT-GUARDIAN] Performing health check...
[2025-10-24 01:33:27] [INTELLIGENT-GUARDIAN] Service OK: server_hub
[2025-10-24 01:33:27] [INTELLIGENT-GUARDIAN] Service OK: mobile_server
[2025-10-24 01:33:27] [INTELLIGENT-GUARDIAN] Service OK: celsius_core
[2025-10-24 01:33:27] [INTELLIGENT-GUARDIAN] Service OK: hourly_logger
[2025-10-24 01:33:46] [INTELLIGENT-GUARDIAN] Performing health check...
[2025-10-24 01:33:46] [INTELLIGENT-GUARDIAN] Service OK: server_hub
[2025-10-24 01:33:46] [INTELLIGENT-GUARDIAN] Service OK: mobile_server
[2025-10-24 01:33:46] [INTELLIGENT-GUARDIAN] Service OK: celsius_core
[2025-10-24 01:33:46] [INTELLIGENT-GUARDIAN] Service OK: hourly_logger
[2025-10-24 01:33:58] [INTELLIGENT-GUARDIAN] Performing health check...
[2025-10-24 01:33:58] [INTELLIGENT-GUARDIAN] Service OK: server_hub
[2025-10-24 01:33:58] [INTELLIGENT-GUARDIAN] Service OK: mobile_server
[2025-10-24 01:33:58] [INTELLIGENT-GUARDIAN] Service OK: celsius_core
[2025-10-24 01:33:58] [INTELLIGENT-GUARDIAN] Service OK: hourly_logger
[2025-10-24 01:34:16] [INTELLIGENT-GUARDIAN] Performing health check...
[2025-10-24 01:34:16] [INTELLIGENT-GUARDIAN] Service OK: server_hub
[2025-10-24 01:34:16] [INTELLIGENT-GUARDIAN] Service OK: mobile_server
[2025-10-24 01:34:16] [INTELLIGENT-GUARDIAN] Service OK: celsius_core
[2025-10-24 01:34:16] [INTELLIGENT-GUARDIAN] Service OK: hourly_logger
[2025-10-24 01:34:29] [INTELLIGENT-GUARDIAN] Performing health check...
[2025-10-24 01:34:29] [INTELLIGENT-GUARDIAN] Service OK: server_hub
[2025-10-24 01:34:29] [INTELLIGENT-GUARDIAN] Service OK: mobile_server
[2025-10-24 01:34:29] [INTELLIGENT-GUARDIAN] Service OK: celsius_core
[2025-10-24 01:34:29] [INTELLIGENT-GUARDIAN] Service OK: hourly_logger
[2025-10-24 01:34:46] [INTELLIGENT-GUARDIAN] Performing health check...
[2025-10-24 01:34:46] [INTELLIGENT-GUARDIAN] Service OK: server_hub
[2025-10-24 01:34:46] [INTELLIGENT-GUARDIAN] Service OK: mobile_server
[2025-10-24 01:34:46] [INTELLIGENT-GUARDIAN] Service OK: celsius_core
[2025-10-24 01:34:46] [INTELLIGENT-GUARDIAN] Service OK: hourly_logger
[2025-10-24 01:35:00] [INTELLIGENT-GUARDIAN] Performing health check...
[2025-10-24 01:35:00] [INTELLIGENT-GUARDIAN] Service OK: server_hub
[2025-10-24 01:35:00] [INTELLIGENT-GUARDIAN] Service OK: mobile_server
[2025-10-24 01:35:00] [INTELLIGENT-GUARDIAN] Service OK: celsius_core
[2025-10-24 01:35:00] [INTELLIGENT-GUARDIAN] Service OK: hourly_logger
[2025-10-24 01:35:16] [INTELLIGENT-GUARDIAN] Performing health check...
[2025-10-24 01:35:16] [INTELLIGENT-GUARDIAN] Service OK: server_hub
[2025-10-24 01:35:16] [INTELLIGENT-GUARDIAN] Service OK: mobile_server
[2025-10-24 01:35:16] [INTELLIGENT-GUARDIAN] Service OK: celsius_core
[2025-10-24 01:35:16] [INTELLIGENT-GUARDIAN] Service OK: hourly_logger
[2025-10-24 01:35:31] [INTELLIGENT-GUARDIAN] Performing health check...
[2025-10-24 01:35:31] [INTELLIGENT-GUARDIAN] Service OK: server_hub
[2025-10-24 01:35:31] [INTELLIGENT-GUARDIAN] Service OK: mobile_server
[2025-10-24 01:35:31] [INTELLIGENT-GUARDIAN] Service OK: celsius_core
[2025-10-24 01:35:31] [INTELLIGENT-GUARDIAN] Service OK: hourly_logger
[2025-10-24 01:35:46] [INTELLIGENT-GUARDIAN] Performing health check...
[2025-10-24 01:35:46] [INTELLIGENT-GUARDIAN] Service OK: server_hub
[2025-10-24 01:35:46] [INTELLIGENT-GUARDIAN] Service OK: mobile_server
[2025-10-24 01:35:46] [INTELLIGENT-GUARDIAN] Service OK: celsius_core
[2025-10-24 01:35:46] [INTELLIGENT-GUARDIAN] Service OK: hourly_logger
[2025-10-24 01:36:02] [INTELLIGENT-GUARDIAN] Performing health check...
[2025-10-24 01:36:02] [INTELLIGENT-GUARDIAN] Service OK: server_hub
[2025-10-24 01:36:02] [INTELLIGENT-GUARDIAN] Service OK: mobile_server
[2025-10-24 01:36:02] [INTELLIGENT-GUARDIAN] Service OK: celsius_core
[2025-10-24 01:36:02] [INTELLIGENT-GUARDIAN] Service OK: hourly_logger
[2025-10-24 01:36:16] [INTELLIGENT-GUARDIAN] Performing health check...
[2025-10-24 01:36:16] [INTELLIGENT-GUARDIAN] Service OK: server_hub
[2025-10-24 01:36:16] [INTELLIGENT-GUARDIAN] Service OK: mobile_server
[2025-10-24 01:36:16] [INTELLIGENT-GUARDIAN] Service OK: celsius_core
[2025-10-24 01:36:16] [INTELLIGENT-GUARDIAN] Service OK: hourly_logger
[2025-10-24 01:36:33] [INTELLIGENT-GUARDIAN] Performing health check...
[2025-10-24 01:36:33] [INTELLIGENT-GUARDIAN] Service OK: server_hub
[2025-10-24 01:36:33] [INTELLIGENT-GUARDIAN] Service OK: mobile_server
[2025-10-24 01:36:33] [INTELLIGENT-GUARDIAN] Service OK: celsius_core
[2025-10-24 01:36:33] [INTELLIGENT-GUARDIAN] Service OK: hourly_logger
[2025-10-24 01:36:46] [INTELLIGENT-GUARDIAN] Performing health check...
[2025-10-24 01:36:46] [INTELLIGENT-GUARDIAN] Service OK: server_hub
[2025-10-24 01:36:46] [INTELLIGENT-GUARDIAN] Service OK: mobile_server
[2025-10-24 01:36:46] [INTELLIGENT-GUARDIAN] Service OK: celsius_core
[2025-10-24 01:36:46] [INTELLIGENT-GUARDIAN] Service OK: hourly_logger
[2025-10-24 01:37:04] [INTELLIGENT-GUARDIAN] Performing health check...
[2025-10-24 01:37:04] [INTELLIGENT-GUARDIAN] Service OK: server_hub
[2025-10-24 01:37:04] [INTELLIGENT-GUARDIAN] Service OK: mobile_server
[2025-10-24 01:37:04] [INTELLIGENT-GUARDIAN] Service OK: celsius_core
[2025-10-24 01:37:04] [INTELLIGENT-GUARDIAN] Service OK: hourly_logger
[2025-10-24 01:37:16] [INTELLIGENT-GUARDIAN] Performing health check...
[2025-10-24 01:37:16] [INTELLIGENT-GUARDIAN] Service OK: server_hub
[2025-10-24 01:37:16] [INTELLIGENT-GUARDIAN] Service OK: mobile_server
[2025-10-24 01:37:16] [INTELLIGENT-GUARDIAN] Service OK: celsius_core
[2025-10-24 01:37:16] [INTELLIGENT-GUARDIAN] Service OK: hourly_logger
[2025-10-24 01:37:35] [INTELLIGENT-GUARDIAN] Performing health check...
[2025-10-24 01:37:35] [INTELLIGENT-GUARDIAN] Service OK: server_hub
[2025-10-24 01:37:35] [INTELLIGENT-GUARDIAN] Service OK: mobile_server
[2025-10-24 01:37:35] [INTELLIGENT-GUARDIAN] Service OK: celsius_core
[2025-10-24 01:37:35] [INTELLIGENT-GUARDIAN] Service OK: hourly_logger
[2025-10-24 01:37:46] [INTELLIGENT-GUARDIAN] Performing health check...
[2025-10-24 01:37:46] [INTELLIGENT-GUARDIAN] Service OK: server_hub
[2025-10-24 01:37:46] [INTELLIGENT-GUARDIAN] Service OK: mobile_server
[2025-10-24 01:37:46] [INTELLIGENT-GUARDIAN] Service OK: celsius_core
[2025-10-24 01:37:46] [INTELLIGENT-GUARDIAN] Service OK: hourly_logger
[2025-10-24 01:38:06] [INTELLIGENT-GUARDIAN] Performing health check...
[2025-10-24 01:38:06] [INTELLIGENT-GUARDIAN] Service OK: server_hub
[2025-10-24 01:38:06] [INTELLIGENT-GUARDIAN] Service OK: mobile_server
[2025-10-24 01:38:06] [INTELLIGENT-GUARDIAN] Service OK: celsius_core
[2025-10-24 01:38:06] [INTELLIGENT-GUARDIAN] Service OK: hourly_logger
[2025-10-24 01:38:16] [INTELLIGENT-GUARDIAN] Performing health check...
[2025-10-24 01:38:16] [INTELLIGENT-GUARDIAN] Service OK: server_hub
[2025-10-24 01:38:16] [INTELLIGENT-GUARDIAN] Service OK: mobile_server
[2025-10-24 01:38:16] [INTELLIGENT-GUARDIAN] Service OK: celsius_core
[2025-10-24 01:38:16] [INTELLIGENT-GUARDIAN] Service OK: hourly_logger
[2025-10-24 01:38:37] [INTELLIGENT-GUARDIAN] Performing health check...
[2025-10-24 01:38:37] [INTELLIGENT-GUARDIAN] Service OK: server_hub
[2025-10-24 01:38:37] [INTELLIGENT-GUARDIAN] Service OK: mobile_server
[2025-10-24 01:38:37] [INTELLIGENT-GUARDIAN] Service OK: celsius_core
[2025-10-24 01:38:37] [INTELLIGENT-GUARDIAN] Service OK: hourly_logger
[2025-10-24 01:38:46] [INTELLIGENT-GUARDIAN] Performing health check...
[2025-10-24 01:38:46] [INTELLIGENT-GUARDIAN] Service OK: server_hub
[2025-10-24 01:38:46] [INTELLIGENT-GUARDIAN] Service OK: mobile_server
[2025-10-24 01:38:46] [INTELLIGENT-GUARDIAN] Service OK: celsius_core
[2025-10-24 01:38:46] [INTELLIGENT-GUARDIAN] Service OK: hourly_logger
[2025-10-24 01:39:08] [INTELLIGENT-GUARDIAN] Performing health check...
[2025-10-24 01:39:08] [INTELLIGENT-GUARDIAN] Service OK: server_hub
[2025-10-24 01:39:08] [INTELLIGENT-GUARDIAN] Service OK: mobile_server
[2025-10-24 01:39:08] [INTELLIGENT-GUARDIAN] Service OK: celsius_core
[2025-10-24 01:39:08] [INTELLIGENT-GUARDIAN] Service OK: hourly_logger
[2025-10-24 01:39:16] [INTELLIGENT-GUARDIAN] Performing health check...
[2025-10-24 01:39:16] [INTELLIGENT-GUARDIAN] Service OK: server_hub
[2025-10-24 01:39:16] [INTELLIGENT-GUARDIAN] Service OK: mobile_server
[2025-10-24 01:39:16] [INTELLIGENT-GUARDIAN] Service OK: celsius_core
[2025-10-24 01:39:16] [INTELLIGENT-GUARDIAN] Service OK: hourly_logger
[2025-10-24 01:39:39] [INTELLIGENT-GUARDIAN] Performing health check...
[2025-10-24 01:39:39] [INTELLIGENT-GUARDIAN] Service OK: server_hub
[2025-10-24 01:39:39] [INTELLIGENT-GUARDIAN] Service OK: mobile_server
[2025-10-24 01:39:39] [INTELLIGENT-GUARDIAN] Service OK: celsius_core
[2025-10-24 01:39:39] [INTELLIGENT-GUARDIAN] Service OK: hourly_logger
[2025-10-24 01:39:46] [INTELLIGENT-GUARDIAN] Performing health check...
[2025-10-24 01:39:46] [INTELLIGENT-GUARDIAN] Service OK: server_hub
[2025-10-24 01:39:46] [INTELLIGENT-GUARDIAN] Service OK: mobile_server
[2025-10-24 01:39:46] [INTELLIGENT-GUARDIAN] Service OK: celsius_core
[2025-10-24 01:39:46] [INTELLIGENT-GUARDIAN] Service OK: hourly_logger
[2025-10-24 01:40:10] [INTELLIGENT-GUARDIAN] Performing health check...
[2025-10-24 01:40:10] [INTELLIGENT-GUARDIAN] Service OK: server_hub
[2025-10-24 01:40:10] [INTELLIGENT-GUARDIAN] Service OK: mobile_server
[2025-10-24 01:40:10] [INTELLIGENT-GUARDIAN] Service OK: celsius_core
[2025-10-24 01:40:10] [INTELLIGENT-GUARDIAN] Service OK: hourly_logger
[2025-10-24 01:40:16] [INTELLIGENT-GUARDIAN] Performing health check...
[2025-10-24 01:40:16] [INTELLIGENT-GUARDIAN] Service OK: server_hub
[2025-10-24 01:40:16] [INTELLIGENT-GUARDIAN] Service OK: mobile_server
[2025-10-24 01:40:16] [INTELLIGENT-GUARDIAN] Service OK: celsius_core
[2025-10-24 01:40:16] [INTELLIGENT-GUARDIAN] Service OK: hourly_logger
[2025-10-24 01:40:41] [INTELLIGENT-GUARDIAN] Performing health check...
[2025-10-24 01:40:41] [INTELLIGENT-GUARDIAN] Service OK: server_hub
[2025-10-24 01:40:41] [INTELLIGENT-GUARDIAN] Service OK: mobile_server
[2025-10-24 01:40:41] [INTELLIGENT-GUARDIAN] Service OK: celsius_core
[2025-10-24 01:40:41] [INTELLIGENT-GUARDIAN] Service OK: hourly_logger
[2025-10-24 01:40:46] [INTELLIGENT-GUARDIAN] Performing health check...
[2025-10-24 01:40:46] [INTELLIGENT-GUARDIAN] Service OK: server_hub
[2025-10-24 01:40:46] [INTELLIGENT-GUARDIAN] Service OK: mobile_server
[2025-10-24 01:40:46] [INTELLIGENT-GUARDIAN] Service OK: celsius_core
[2025-10-24 01:40:46] [INTELLIGENT-GUARDIAN] Service OK: hourly_logger
[2025-10-24 01:41:12] [INTELLIGENT-GUARDIAN] Performing health check...
[2025-10-24 01:41:12] [INTELLIGENT-GUARDIAN] Service OK: server_hub
[2025-10-24 01:41:12] [INTELLIGENT-GUARDIAN] Service OK: mobile_server
[2025-10-24 01:41:12] [INTELLIGENT-GUARDIAN] Service OK: celsius_core
[2025-10-24 01:41:12] [INTELLIGENT-GUARDIAN] Service OK: hourly_logger
[2025-10-24 01:41:16] [INTELLIGENT-GUARDIAN] Performing health check...
[2025-10-24 01:41:16] [INTELLIGENT-GUARDIAN] Service OK: server_hub
[2025-10-24 01:41:16] [INTELLIGENT-GUARDIAN] Service OK: mobile_server
[2025-10-24 01:41:16] [INTELLIGENT-GUARDIAN] Service OK: celsius_core
[2025-10-24 01:41:16] [INTELLIGENT-GUARDIAN] Service OK: hourly_logger
[2025-10-24 01:41:43] [INTELLIGENT-GUARDIAN] Performing health check...
[2025-10-24 01:41:43] [INTELLIGENT-GUARDIAN] Service OK: server_hub
[2025-10-24 01:41:43] [INTELLIGENT-GUARDIAN] Service OK: mobile_server
[2025-10-24 01:41:43] [INTELLIGENT-GUARDIAN] Service OK: celsius_core
[2025-10-24 01:41:43] [INTELLIGENT-GUARDIAN] Service OK: hourly_logger
[2025-10-24 01:41:46] [INTELLIGENT-GUARDIAN] Performing health check...
[2025-10-24 01:41:46] [INTELLIGENT-GUARDIAN] Service OK: server_hub
[2025-10-24 01:41:46] [INTELLIGENT-GUARDIAN] Service OK: mobile_server
[2025-10-24 01:41:46] [INTELLIGENT-GUARDIAN] Service OK: celsius_core
[2025-10-24 01:41:46] [INTELLIGENT-GUARDIAN] Service OK: hourly_logger
[2025-10-24 01:42:14] [INTELLIGENT-GUARDIAN] Performing health check...
[2025-10-24 01:42:14] [INTELLIGENT-GUARDIAN] Service OK: server_hub
[2025-10-24 01:42:14] [INTELLIGENT-GUARDIAN] Service OK: mobile_server
[2025-10-24 01:42:14] [INTELLIGENT-GUARDIAN] Service OK: celsius_core
[2025-10-24 01:42:14] [INTELLIGENT-GUARDIAN] Service OK: hourly_logger
[2025-10-24 01:42:16] [INTELLIGENT-GUARDIAN] Performing health check...
[2025-10-24 01:42:16] [INTELLIGENT-GUARDIAN] Service OK: server_hub
[2025-10-24 01:42:16] [INTELLIGENT-GUARDIAN] Service OK: mobile_server
[2025-10-24 01:42:16] [INTELLIGENT-GUARDIAN] Service OK: celsius_core
[2025-10-24 01:42:16] [INTELLIGENT-GUARDIAN] Service OK: hourly_logger
[2025-10-24 01:42:45] [INTELLIGENT-GUARDIAN] Performing health check...
[2025-10-24 01:42:45] [INTELLIGENT-GUARDIAN] Service OK: server_hub
[2025-10-24 01:42:45] [INTELLIGENT-GUARDIAN] Service OK: mobile_server
[2025-10-24 01:42:45] [INTELLIGENT-GUARDIAN] Service OK: celsius_core
[2025-10-24 01:42:45] [INTELLIGENT-GUARDIAN] Service OK: hourly_logger
[2025-10-24 01:42:46] [INTELLIGENT-GUARDIAN] Performing health check...
[2025-10-24 01:42:46] [INTELLIGENT-GUARDIAN] Service OK: server_hub
[2025-10-24 01:42:46] [INTELLIGENT-GUARDIAN] Service OK: mobile_server
[2025-10-24 01:42:46] [INTELLIGENT-GUARDIAN] Service OK: celsius_core
[2025-10-24 01:42:46] [INTELLIGENT-GUARDIAN] Service OK: hourly_logger
[2025-10-24 01:43:16] [INTELLIGENT-GUARDIAN] Performing health check...
[2025-10-24 01:43:16] [INTELLIGENT-GUARDIAN] Service OK: server_hub
[2025-10-24 01:43:16] [INTELLIGENT-GUARDIAN] Service OK: mobile_server
[2025-10-24 01:43:16] [INTELLIGENT-GUARDIAN] Service OK: celsius_core
[2025-10-24 01:43:16] [INTELLIGENT-GUARDIAN] Service OK: hourly_logger
[2025-10-24 01:43:16] [INTELLIGENT-GUARDIAN] Performing health check...
[2025-10-24 01:43:16] [INTELLIGENT-GUARDIAN] Service OK: server_hub
[2025-10-24 01:43:16] [INTELLIGENT-GUARDIAN] Service OK: mobile_server
[2025-10-24 01:43:16] [INTELLIGENT-GUARDIAN] Service OK: celsius_core
[2025-10-24 01:43:16] [INTELLIGENT-GUARDIAN] Service OK: hourly_logger
[2025-10-24 01:43:46] [INTELLIGENT-GUARDIAN] Performing health check...
[2025-10-24 01:43:46] [INTELLIGENT-GUARDIAN] Service OK: server_hub
[2025-10-24 01:43:46] [INTELLIGENT-GUARDIAN] Service OK: mobile_server
[2025-10-24 01:43:46] [INTELLIGENT-GUARDIAN] Service OK: celsius_core
[2025-10-24 01:43:46] [INTELLIGENT-GUARDIAN] Service OK: hourly_logger
[2025-10-24 01:43:47] [INTELLIGENT-GUARDIAN] Performing health check...
[2025-10-24 01:43:47] [INTELLIGENT-GUARDIAN] Service OK: server_hub
[2025-10-24 01:43:47] [INTELLIGENT-GUARDIAN] Service OK: mobile_server
[2025-10-24 01:43:47] [INTELLIGENT-GUARDIAN] Service OK: celsius_core
[2025-10-24 01:43:47] [INTELLIGENT-GUARDIAN] Service OK: hourly_logger
[2025-10-24 01:44:16] [INTELLIGENT-GUARDIAN] Performing health check...
[2025-10-24 01:44:16] [INTELLIGENT-GUARDIAN] Service OK: server_hub
[2025-10-24 01:44:16] [INTELLIGENT-GUARDIAN] Service OK: mobile_server
[2025-10-24 01:44:16] [INTELLIGENT-GUARDIAN] Service OK: celsius_core
[2025-10-24 01:44:16] [INTELLIGENT-GUARDIAN] Service OK: hourly_logger
[2025-10-24 01:44:18] [INTELLIGENT-GUARDIAN] Performing health check...
[2025-10-24 01:44:18] [INTELLIGENT-GUARDIAN] Service OK: server_hub
[2025-10-24 01:44:18] [INTELLIGENT-GUARDIAN] Service OK: mobile_server
[2025-10-24 01:44:18] [INTELLIGENT-GUARDIAN] Service OK: celsius_core
[2025-10-24 01:44:18] [INTELLIGENT-GUARDIAN] Service OK: hourly_logger
[2025-10-24 01:44:46] [INTELLIGENT-GUARDIAN] Performing health check...
[2025-10-24 01:44:46] [INTELLIGENT-GUARDIAN] Service OK: server_hub
[2025-10-24 01:44:46] [INTELLIGENT-GUARDIAN] Service OK: mobile_server
[2025-10-24 01:44:46] [INTELLIGENT-GUARDIAN] Service OK: celsius_core
[2025-10-24 01:44:46] [INTELLIGENT-GUARDIAN] Service OK: hourly_logger
[2025-10-24 01:44:49] [INTELLIGENT-GUARDIAN] Performing health check...
[2025-10-24 01:44:49] [INTELLIGENT-GUARDIAN] Service OK: server_hub
[2025-10-24 01:44:49] [INTELLIGENT-GUARDIAN] Service OK: mobile_server
[2025-10-24 01:44:49] [INTELLIGENT-GUARDIAN] Service OK: celsius_core
[2025-10-24 01:44:49] [INTELLIGENT-GUARDIAN] Service OK: hourly_logger
[2025-10-24 01:45:16] [INTELLIGENT-GUARDIAN] Performing health check...
[2025-10-24 01:45:16] [INTELLIGENT-GUARDIAN] Service OK: server_hub
[2025-10-24 01:45:16] [INTELLIGENT-GUARDIAN] Service OK: mobile_server
[2025-10-24 01:45:16] [INTELLIGENT-GUARDIAN] Service OK: celsius_core
[2025-10-24 01:45:16] [INTELLIGENT-GUARDIAN] Service OK: hourly_logger
[2025-10-24 01:45:20] [INTELLIGENT-GUARDIAN] Performing health check...
[2025-10-24 01:45:20] [INTELLIGENT-GUARDIAN] Service OK: server_hub
[2025-10-24 01:45:20] [INTELLIGENT-GUARDIAN] Service OK: mobile_server
[2025-10-24 01:45:20] [INTELLIGENT-GUARDIAN] Service OK: celsius_core
[2025-10-24 01:45:20] [INTELLIGENT-GUARDIAN] Service OK: hourly_logger
[2025-10-24 01:45:46] [INTELLIGENT-GUARDIAN] Performing health check...
[2025-10-24 01:45:46] [INTELLIGENT-GUARDIAN] Service OK: server_hub
[2025-10-24 01:45:46] [INTELLIGENT-GUARDIAN] Service OK: mobile_server
[2025-10-24 01:45:46] [INTELLIGENT-GUARDIAN] Service OK: celsius_core
[2025-10-24 01:45:46] [INTELLIGENT-GUARDIAN] Service OK: hourly_logger
[2025-10-24 01:45:51] [INTELLIGENT-GUARDIAN] Performing health check...
[2025-10-24 01:45:51] [INTELLIGENT-GUARDIAN] Service OK: server_hub
[2025-10-24 01:45:51] [INTELLIGENT-GUARDIAN] Service OK: mobile_server
[2025-10-24 01:45:51] [INTELLIGENT-GUARDIAN] Service OK: celsius_core
[2025-10-24 01:45:51] [INTELLIGENT-GUARDIAN] Service OK: hourly_logger
[2025-10-24 01:46:16] [INTELLIGENT-GUARDIAN] Performing health check...
[2025-10-24 01:46:16] [INTELLIGENT-GUARDIAN] Service OK: server_hub
[2025-10-24 01:46:16] [INTELLIGENT-GUARDIAN] Service OK: mobile_server
[2025-10-24 01:46:16] [INTELLIGENT-GUARDIAN] Service OK: celsius_core
[2025-10-24 01:46:16] [INTELLIGENT-GUARDIAN] Service OK: hourly_logger
[2025-10-24 01:46:22] [INTELLIGENT-GUARDIAN] Performing health check...
[2025-10-24 01:46:22] [INTELLIGENT-GUARDIAN] Service OK: server_hub
[2025-10-24 01:46:22] [INTELLIGENT-GUARDIAN] Service OK: mobile_server
[2025-10-24 01:46:22] [INTELLIGENT-GUARDIAN] Service OK: celsius_core
[2025-10-24 01:46:22] [INTELLIGENT-GUARDIAN] Service OK: hourly_logger
[2025-10-24 01:46:46] [INTELLIGENT-GUARDIAN] Performing health check...
[2025-10-24 01:46:46] [INTELLIGENT-GUARDIAN] Service OK: server_hub
[2025-10-24 01:46:46] [INTELLIGENT-GUARDIAN] Service OK: mobile_server
[2025-10-24 01:46:46] [INTELLIGENT-GUARDIAN] Service OK: celsius_core
[2025-10-24 01:46:46] [INTELLIGENT-GUARDIAN] Service OK: hourly_logger
[2025-10-24 01:46:53] [INTELLIGENT-GUARDIAN] Performing health check...
[2025-10-24 01:46:53] [INTELLIGENT-GUARDIAN] Service OK: server_hub
[2025-10-24 01:46:53] [INTELLIGENT-GUARDIAN] Service OK: mobile_server
[2025-10-24 01:46:53] [INTELLIGENT-GUARDIAN] Service OK: celsius_core
[2025-10-24 01:46:53] [INTELLIGENT-GUARDIAN] Service OK: hourly_logger
[2025-10-24 01:47:16] [INTELLIGENT-GUARDIAN] Performing health check...
[2025-10-24 01:47:16] [INTELLIGENT-GUARDIAN] Service OK: server_hub
[2025-10-24 01:47:16] [INTELLIGENT-GUARDIAN] Service OK: mobile_server
[2025-10-24 01:47:16] [INTELLIGENT-GUARDIAN] Service OK: celsius_core
[2025-10-24 01:47:16] [INTELLIGENT-GUARDIAN] Service OK: hourly_logger
[2025-10-24 01:47:24] [INTELLIGENT-GUARDIAN] Performing health check...
[2025-10-24 01:47:24] [INTELLIGENT-GUARDIAN] Service OK: server_hub
[2025-10-24 01:47:24] [INTELLIGENT-GUARDIAN] Service OK: mobile_server
[2025-10-24 01:47:24] [INTELLIGENT-GUARDIAN] Service OK: celsius_core
[2025-10-24 01:47:24] [INTELLIGENT-GUARDIAN] Service OK: hourly_logger
[2025-10-24 01:47:46] [INTELLIGENT-GUARDIAN] Performing health check...
[2025-10-24 01:47:46] [INTELLIGENT-GUARDIAN] Service OK: server_hub
[2025-10-24 01:47:46] [INTELLIGENT-GUARDIAN] Service OK: mobile_server
[2025-10-24 01:47:46] [INTELLIGENT-GUARDIAN] Service OK: celsius_core
[2025-10-24 01:47:46] [INTELLIGENT-GUARDIAN] Service OK: hourly_logger
[2025-10-24 01:47:55] [INTELLIGENT-GUARDIAN] Performing health check...
[2025-10-24 01:47:55] [INTELLIGENT-GUARDIAN] Service OK: server_hub
[2025-10-24 01:47:55] [INTELLIGENT-GUARDIAN] Service OK: mobile_server
[2025-10-24 01:47:55] [INTELLIGENT-GUARDIAN] Service OK: celsius_core
[2025-10-24 01:47:55] [INTELLIGENT-GUARDIAN] Service OK: hourly_logger
[2025-10-24 01:48:16] [INTELLIGENT-GUARDIAN] Performing health check...
[2025-10-24 01:48:16] [INTELLIGENT-GUARDIAN] Service OK: server_hub
[2025-10-24 01:48:16] [INTELLIGENT-GUARDIAN] Service OK: mobile_server
[2025-10-24 01:48:16] [INTELLIGENT-GUARDIAN] Service OK: celsius_core
[2025-10-24 01:48:16] [INTELLIGENT-GUARDIAN] Service OK: hourly_logger
[2025-10-24 01:48:26] [INTELLIGENT-GUARDIAN] Performing health check...
[2025-10-24 01:48:26] [INTELLIGENT-GUARDIAN] Service OK: server_hub
[2025-10-24 01:48:26] [INTELLIGENT-GUARDIAN] Service OK: mobile_server
[2025-10-24 01:48:26] [INTELLIGENT-GUARDIAN] Service OK: celsius_core
[2025-10-24 01:48:26] [INTELLIGENT-GUARDIAN] Service OK: hourly_logger
[2025-10-24 01:48:46] [INTELLIGENT-GUARDIAN] Performing health check...
[2025-10-24 01:48:46] [INTELLIGENT-GUARDIAN] Service OK: server_hub
[2025-10-24 01:48:46] [INTELLIGENT-GUARDIAN] Service OK: mobile_server
[2025-10-24 01:48:46] [INTELLIGENT-GUARDIAN] Service OK: celsius_core
[2025-10-24 01:48:46] [INTELLIGENT-GUARDIAN] Service OK: hourly_logger
[2025-10-24 01:48:57] [INTELLIGENT-GUARDIAN] Performing health check...
[2025-10-24 01:48:57] [INTELLIGENT-GUARDIAN] Service OK: server_hub
[2025-10-24 01:48:57] [INTELLIGENT-GUARDIAN] Service OK: mobile_server
[2025-10-24 01:48:57] [INTELLIGENT-GUARDIAN] Service OK: celsius_core
[2025-10-24 01:48:57] [INTELLIGENT-GUARDIAN] Service OK: hourly_logger
[2025-10-24 01:49:16] [INTELLIGENT-GUARDIAN] Performing health check...
[2025-10-24 01:49:16] [INTELLIGENT-GUARDIAN] Service OK: server_hub
[2025-10-24 01:49:16] [INTELLIGENT-GUARDIAN] Service OK: mobile_server
[2025-10-24 01:49:16] [INTELLIGENT-GUARDIAN] Service OK: celsius_core
[2025-10-24 01:49:16] [INTELLIGENT-GUARDIAN] Service OK: hourly_logger
[2025-10-24 01:49:28] [INTELLIGENT-GUARDIAN] Performing health check...
[2025-10-24 01:49:28] [INTELLIGENT-GUARDIAN] Service OK: server_hub
[2025-10-24 01:49:28] [INTELLIGENT-GUARDIAN] Service OK: mobile_server
[2025-10-24 01:49:28] [INTELLIGENT-GUARDIAN] Service OK: celsius_core
[2025-10-24 01:49:28] [INTELLIGENT-GUARDIAN] Service OK: hourly_logger
[2025-10-24 01:49:46] [INTELLIGENT-GUARDIAN] Performing health check...
[2025-10-24 01:49:46] [INTELLIGENT-GUARDIAN] Service OK: server_hub
[2025-10-24 01:49:46] [INTELLIGENT-GUARDIAN] Service OK: mobile_server
[2025-10-24 01:49:46] [INTELLIGENT-GUARDIAN] Service OK: celsius_core
[2025-10-24 01:49:46] [INTELLIGENT-GUARDIAN] Service OK: hourly_logger
[2025-10-24 01:49:59] [INTELLIGENT-GUARDIAN] Performing health check...
[2025-10-24 01:49:59] [INTELLIGENT-GUARDIAN] Service OK: server_hub
[2025-10-24 01:49:59] [INTELLIGENT-GUARDIAN] Service OK: mobile_server
[2025-10-24 01:49:59] [INTELLIGENT-GUARDIAN] Service OK: celsius_core
[2025-10-24 01:49:59] [INTELLIGENT-GUARDIAN] Service OK: hourly_logger
[2025-10-24 01:50:16] [INTELLIGENT-GUARDIAN] Performing health check...
[2025-10-24 01:50:16] [INTELLIGENT-GUARDIAN] Service OK: server_hub
[2025-10-24 01:50:16] [INTELLIGENT-GUARDIAN] Service OK: mobile_server
[2025-10-24 01:50:16] [INTELLIGENT-GUARDIAN] Service OK: celsius_core
[2025-10-24 01:50:16] [INTELLIGENT-GUARDIAN] Service OK: hourly_logger
[2025-10-24 01:50:30] [INTELLIGENT-GUARDIAN] Performing health check...
[2025-10-24 01:50:30] [INTELLIGENT-GUARDIAN] Service OK: server_hub
[2025-10-24 01:50:30] [INTELLIGENT-GUARDIAN] Service OK: mobile_server
[2025-10-24 01:50:30] [INTELLIGENT-GUARDIAN] Service OK: celsius_core
[2025-10-24 01:50:30] [INTELLIGENT-GUARDIAN] Service OK: hourly_logger
[2025-10-24 01:50:46] [INTELLIGENT-GUARDIAN] Performing health check...
[2025-10-24 01:50:46] [INTELLIGENT-GUARDIAN] Service OK: server_hub
[2025-10-24 01:50:46] [INTELLIGENT-GUARDIAN] Service OK: mobile_server
[2025-10-24 01:50:46] [INTELLIGENT-GUARDIAN] Service OK: celsius_core
[2025-10-24 01:50:46] [INTELLIGENT-GUARDIAN] Service OK: hourly_logger
[2025-10-24 01:51:01] [INTELLIGENT-GUARDIAN] Performing health check...
[2025-10-24 01:51:01] [INTELLIGENT-GUARDIAN] Service OK: server_hub
[2025-10-24 01:51:01] [INTELLIGENT-GUARDIAN] Service OK: mobile_server
[2025-10-24 01:51:01] [INTELLIGENT-GUARDIAN] Service OK: celsius_core
[2025-10-24 01:51:01] [INTELLIGENT-GUARDIAN] Service OK: hourly_logger
[2025-10-24 01:51:16] [INTELLIGENT-GUARDIAN] Performing health check...
[2025-10-24 01:51:16] [INTELLIGENT-GUARDIAN] Service OK: server_hub
[2025-10-24 01:51:16] [INTELLIGENT-GUARDIAN] Service OK: mobile_server
[2025-10-24 01:51:16] [INTELLIGENT-GUARDIAN] Service OK: celsius_core
[2025-10-24 01:51:16] [INTELLIGENT-GUARDIAN] Service OK: hourly_logger
[2025-10-24 01:51:32] [INTELLIGENT-GUARDIAN] Performing health check...
[2025-10-24 01:51:32] [INTELLIGENT-GUARDIAN] Service OK: server_hub
[2025-10-24 01:51:32] [INTELLIGENT-GUARDIAN] Service OK: mobile_server
[2025-10-24 01:51:32] [INTELLIGENT-GUARDIAN] Service OK: celsius_core
[2025-10-24 01:51:32] [INTELLIGENT-GUARDIAN] Service OK: hourly_logger
[2025-10-24 01:51:46] [INTELLIGENT-GUARDIAN] Performing health check...
[2025-10-24 01:51:46] [INTELLIGENT-GUARDIAN] Service OK: server_hub
[2025-10-24 01:51:46] [INTELLIGENT-GUARDIAN] Service OK: mobile_server
[2025-10-24 01:51:46] [INTELLIGENT-GUARDIAN] Service OK: celsius_core
[2025-10-24 01:51:46] [INTELLIGENT-GUARDIAN] Service OK: hourly_logger
[2025-10-24 01:52:03] [INTELLIGENT-GUARDIAN] Performing health check...
[2025-10-24 01:52:03] [INTELLIGENT-GUARDIAN] Service OK: server_hub
[2025-10-24 01:52:03] [INTELLIGENT-GUARDIAN] Service OK: mobile_server
[2025-10-24 01:52:03] [INTELLIGENT-GUARDIAN] Service OK: celsius_core
[2025-10-24 01:52:03] [INTELLIGENT-GUARDIAN] Service OK: hourly_logger
[2025-10-24 01:52:16] [INTELLIGENT-GUARDIAN] Performing health check...
[2025-10-24 01:52:16] [INTELLIGENT-GUARDIAN] Service OK: server_hub
[2025-10-24 01:52:16] [INTELLIGENT-GUARDIAN] Service OK: mobile_server
[2025-10-24 01:52:16] [INTELLIGENT-GUARDIAN] Service OK: celsius_core
[2025-10-24 01:52:16] [INTELLIGENT-GUARDIAN] Service OK: hourly_logger
[2025-10-24 01:52:34] [INTELLIGENT-GUARDIAN] Performing health check...
[2025-10-24 01:52:34] [INTELLIGENT-GUARDIAN] Service OK: server_hub
[2025-10-24 01:52:34] [INTELLIGENT-GUARDIAN] Service OK: mobile_server
[2025-10-24 01:52:34] [INTELLIGENT-GUARDIAN] Service OK: celsius_core
[2025-10-24 01:52:34] [INTELLIGENT-GUARDIAN] Service OK: hourly_logger
[2025-10-24 01:52:46] [INTELLIGENT-GUARDIAN] Performing health check...
[2025-10-24 01:52:46] [INTELLIGENT-GUARDIAN] Service OK: server_hub
[2025-10-24 01:52:46] [INTELLIGENT-GUARDIAN] Service OK: mobile_server
[2025-10-24 01:52:46] [INTELLIGENT-GUARDIAN] Service OK: celsius_core
[2025-10-24 01:52:46] [INTELLIGENT-GUARDIAN] Service OK: hourly_logger
[2025-10-24 01:53:05] [INTELLIGENT-GUARDIAN] Performing health check...
[2025-10-24 01:53:05] [INTELLIGENT-GUARDIAN] Service OK: server_hub
[2025-10-24 01:53:05] [INTELLIGENT-GUARDIAN] Service OK: mobile_server
[2025-10-24 01:53:05] [INTELLIGENT-GUARDIAN] Service OK: celsius_core
[2025-10-24 01:53:05] [INTELLIGENT-GUARDIAN] Service OK: hourly_logger
[2025-10-24 01:53:16] [INTELLIGENT-GUARDIAN] Performing health check...
[2025-10-24 01:53:16] [INTELLIGENT-GUARDIAN] Service OK: server_hub
[2025-10-24 01:53:16] [INTELLIGENT-GUARDIAN] Service OK: mobile_server
[2025-10-24 01:53:16] [INTELLIGENT-GUARDIAN] Service OK: celsius_core
[2025-10-24 01:53:16] [INTELLIGENT-GUARDIAN] Service OK: hourly_logger
[2025-10-24 01:53:36] [INTELLIGENT-GUARDIAN] Performing health check...
[2025-10-24 01:53:36] [INTELLIGENT-GUARDIAN] Service OK: server_hub
[2025-10-24 01:53:36] [INTELLIGENT-GUARDIAN] Service OK: mobile_server
[2025-10-24 01:53:36] [INTELLIGENT-GUARDIAN] Service OK: celsius_core
[2025-10-24 01:53:36] [INTELLIGENT-GUARDIAN] Service OK: hourly_logger
[2025-10-24 01:53:46] [INTELLIGENT-GUARDIAN] Performing health check...
[2025-10-24 01:53:46] [INTELLIGENT-GUARDIAN] Service OK: server_hub
[2025-10-24 01:53:46] [INTELLIGENT-GUARDIAN] Service OK: mobile_server
[2025-10-24 01:53:46] [INTELLIGENT-GUARDIAN] Service OK: celsius_core
[2025-10-24 01:53:46] [INTELLIGENT-GUARDIAN] Service OK: hourly_logger
[2025-10-24 01:54:07] [INTELLIGENT-GUARDIAN] Performing health check...
[2025-10-24 01:54:07] [INTELLIGENT-GUARDIAN] Service OK: server_hub
[2025-10-24 01:54:07] [INTELLIGENT-GUARDIAN] Service OK: mobile_server
[2025-10-24 01:54:07] [INTELLIGENT-GUARDIAN] Service OK: celsius_core
[2025-10-24 01:54:07] [INTELLIGENT-GUARDIAN] Service OK: hourly_logger
[2025-10-24 01:54:16] [INTELLIGENT-GUARDIAN] Performing health check...
[2025-10-24 01:54:16] [INTELLIGENT-GUARDIAN] Service OK: server_hub
[2025-10-24 01:54:16] [INTELLIGENT-GUARDIAN] Service OK: mobile_server
[2025-10-24 01:54:16] [INTELLIGENT-GUARDIAN] Service OK: celsius_core
[2025-10-24 01:54:16] [INTELLIGENT-GUARDIAN] Service OK: hourly_logger
[2025-10-24 01:54:38] [INTELLIGENT-GUARDIAN] Performing health check...
[2025-10-24 01:54:38] [INTELLIGENT-GUARDIAN] Service OK: server_hub
[2025-10-24 01:54:38] [INTELLIGENT-GUARDIAN] Service OK: mobile_server
[2025-10-24 01:54:38] [INTELLIGENT-GUARDIAN] Service OK: celsius_core
[2025-10-24 01:54:38] [INTELLIGENT-GUARDIAN] Service OK: hourly_logger
[2025-10-24 01:54:46] [INTELLIGENT-GUARDIAN] Performing health check...
[2025-10-24 01:54:46] [INTELLIGENT-GUARDIAN] Service OK: server_hub
[2025-10-24 01:54:46] [INTELLIGENT-GUARDIAN] Service OK: mobile_server
[2025-10-24 01:54:46] [INTELLIGENT-GUARDIAN] Service OK: celsius_core
[2025-10-24 01:54:46] [INTELLIGENT-GUARDIAN] Service OK: hourly_logger
[2025-10-24 01:55:09] [INTELLIGENT-GUARDIAN] Performing health check...
[2025-10-24 01:55:09] [INTELLIGENT-GUARDIAN] Service OK: server_hub
[2025-10-24 01:55:09] [INTELLIGENT-GUARDIAN] Service OK: mobile_server
[2025-10-24 01:55:09] [INTELLIGENT-GUARDIAN] Service OK: celsius_core
[2025-10-24 01:55:09] [INTELLIGENT-GUARDIAN] Service OK: hourly_logger
[2025-10-24 01:55:16] [INTELLIGENT-GUARDIAN] Performing health check...
[2025-10-24 01:55:16] [INTELLIGENT-GUARDIAN] Service OK: server_hub
[2025-10-24 01:55:16] [INTELLIGENT-GUARDIAN] Service OK: mobile_server
[2025-10-24 01:55:16] [INTELLIGENT-GUARDIAN] Service OK: celsius_core
[2025-10-24 01:55:16] [INTELLIGENT-GUARDIAN] Service OK: hourly_logger
[2025-10-24 01:55:40] [INTELLIGENT-GUARDIAN] Performing health check...
[2025-10-24 01:55:40] [INTELLIGENT-GUARDIAN] Service OK: server_hub
[2025-10-24 01:55:40] [INTELLIGENT-GUARDIAN] Service OK: mobile_server
[2025-10-24 01:55:40] [INTELLIGENT-GUARDIAN] Service OK: celsius_core
[2025-10-24 01:55:40] [INTELLIGENT-GUARDIAN] Service OK: hourly_logger
[2025-10-24 01:55:46] [INTELLIGENT-GUARDIAN] Performing health check...
[2025-10-24 01:55:46] [INTELLIGENT-GUARDIAN] Service OK: server_hub
[2025-10-24 01:55:46] [INTELLIGENT-GUARDIAN] Service OK: mobile_server
[2025-10-24 01:55:46] [INTELLIGENT-GUARDIAN] Service OK: celsius_core
[2025-10-24 01:55:46] [INTELLIGENT-GUARDIAN] Service OK: hourly_logger
[2025-10-24 01:56:11] [INTELLIGENT-GUARDIAN] Performing health check...
[2025-10-24 01:56:11] [INTELLIGENT-GUARDIAN] Service OK: server_hub
[2025-10-24 01:56:11] [INTELLIGENT-GUARDIAN] Service OK: mobile_server
[2025-10-24 01:56:11] [INTELLIGENT-GUARDIAN] Service OK: celsius_core
[2025-10-24 01:56:11] [INTELLIGENT-GUARDIAN] Service OK: hourly_logger
[2025-10-24 01:56:16] [INTELLIGENT-GUARDIAN] Performing health check...
[2025-10-24 01:56:16] [INTELLIGENT-GUARDIAN] Service OK: server_hub
[2025-10-24 01:56:16] [INTELLIGENT-GUARDIAN] Service OK: mobile_server
[2025-10-24 01:56:16] [INTELLIGENT-GUARDIAN] Service OK: celsius_core
[2025-10-24 01:56:16] [INTELLIGENT-GUARDIAN] Service OK: hourly_logger
[2025-10-24 01:56:42] [INTELLIGENT-GUARDIAN] Performing health check...
[2025-10-24 01:56:42] [INTELLIGENT-GUARDIAN] Service OK: server_hub
[2025-10-24 01:56:42] [INTELLIGENT-GUARDIAN] Service OK: mobile_server
[2025-10-24 01:56:42] [INTELLIGENT-GUARDIAN] Service OK: celsius_core
[2025-10-24 01:56:42] [INTELLIGENT-GUARDIAN] Service OK: hourly_logger
[2025-10-24 01:56:46] [INTELLIGENT-GUARDIAN] Performing health check...
[2025-10-24 01:56:46] [INTELLIGENT-GUARDIAN] Service OK: server_hub
[2025-10-24 01:56:46] [INTELLIGENT-GUARDIAN] Service OK: mobile_server
[2025-10-24 01:56:46] [INTELLIGENT-GUARDIAN] Service OK: celsius_core
[2025-10-24 01:56:46] [INTELLIGENT-GUARDIAN] Service OK: hourly_logger
[2025-10-24 01:57:13] [INTELLIGENT-GUARDIAN] Performing health check...
[2025-10-24 01:57:13] [INTELLIGENT-GUARDIAN] Service OK: server_hub
[2025-10-24 01:57:13] [INTELLIGENT-GUARDIAN] Service OK: mobile_server
[2025-10-24 01:57:13] [INTELLIGENT-GUARDIAN] Service OK: celsius_core
[2025-10-24 01:57:13] [INTELLIGENT-GUARDIAN] Service OK: hourly_logger
[2025-10-24 01:57:16] [INTELLIGENT-GUARDIAN] Performing health check...
[2025-10-24 01:57:16] [INTELLIGENT-GUARDIAN] Service OK: server_hub
[2025-10-24 01:57:16] [INTELLIGENT-GUARDIAN] Service OK: mobile_server
[2025-10-24 01:57:16] [INTELLIGENT-GUARDIAN] Service OK: celsius_core
[2025-10-24 01:57:16] [INTELLIGENT-GUARDIAN] Service OK: hourly_logger
[2025-10-24 01:57:44] [INTELLIGENT-GUARDIAN] Performing health check...
[2025-10-24 01:57:44] [INTELLIGENT-GUARDIAN] Service OK: server_hub
[2025-10-24 01:57:44] [INTELLIGENT-GUARDIAN] Service OK: mobile_server
[2025-10-24 01:57:44] [INTELLIGENT-GUARDIAN] Service OK: celsius_core
[2025-10-24 01:57:44] [INTELLIGENT-GUARDIAN] Service OK: hourly_logger
[2025-10-24 01:57:46] [INTELLIGENT-GUARDIAN] Performing health check...
[2025-10-24 01:57:46] [INTELLIGENT-GUARDIAN] Service OK: server_hub
[2025-10-24 01:57:46] [INTELLIGENT-GUARDIAN] Service OK: mobile_server
[2025-10-24 01:57:46] [INTELLIGENT-GUARDIAN] Service OK: celsius_core
[2025-10-24 01:57:46] [INTELLIGENT-GUARDIAN] Service OK: hourly_logger
[2025-10-24 01:58:15] [INTELLIGENT-GUARDIAN] Performing health check...
[2025-10-24 01:58:15] [INTELLIGENT-GUARDIAN] Service OK: server_hub
[2025-10-24 01:58:15] [INTELLIGENT-GUARDIAN] Service OK: mobile_server
[2025-10-24 01:58:15] [INTELLIGENT-GUARDIAN] Service OK: celsius_core
[2025-10-24 01:58:15] [INTELLIGENT-GUARDIAN] Service OK: hourly_logger
[2025-10-24 01:58:16] [INTELLIGENT-GUARDIAN] Performing health check...
[2025-10-24 01:58:16] [INTELLIGENT-GUARDIAN] Service OK: server_hub
[2025-10-24 01:58:16] [INTELLIGENT-GUARDIAN] Service OK: mobile_server
[2025-10-24 01:58:16] [INTELLIGENT-GUARDIAN] Service OK: celsius_core
[2025-10-24 01:58:16] [INTELLIGENT-GUARDIAN] Service OK: hourly_logger
[2025-10-24 01:58:46] [INTELLIGENT-GUARDIAN] Performing health check...
[2025-10-24 01:58:46] [INTELLIGENT-GUARDIAN] Service OK: server_hub
[2025-10-24 01:58:46] [INTELLIGENT-GUARDIAN] Service OK: mobile_server
[2025-10-24 01:58:46] [INTELLIGENT-GUARDIAN] Service OK: celsius_core
[2025-10-24 01:58:46] [INTELLIGENT-GUARDIAN] Service OK: hourly_logger
[2025-10-24 01:58:46] [INTELLIGENT-GUARDIAN] Performing health check...
[2025-10-24 01:58:46] [INTELLIGENT-GUARDIAN] Service OK: server_hub
[2025-10-24 01:58:46] [INTELLIGENT-GUARDIAN] Service OK: mobile_server
[2025-10-24 01:58:46] [INTELLIGENT-GUARDIAN] Service OK: celsius_core
[2025-10-24 01:58:46] [INTELLIGENT-GUARDIAN] Service OK: hourly_logger
[2025-10-24 01:59:16] [INTELLIGENT-GUARDIAN] Performing health check...
[2025-10-24 01:59:16] [INTELLIGENT-GUARDIAN] Service OK: server_hub
[2025-10-24 01:59:16] [INTELLIGENT-GUARDIAN] Service OK: mobile_server
[2025-10-24 01:59:16] [INTELLIGENT-GUARDIAN] Service OK: celsius_core
[2025-10-24 01:59:16] [INTELLIGENT-GUARDIAN] Service OK: hourly_logger
[2025-10-24 01:59:17] [INTELLIGENT-GUARDIAN] Performing health check...
[2025-10-24 01:59:17] [INTELLIGENT-GUARDIAN] Service OK: server_hub
[2025-10-24 01:59:17] [INTELLIGENT-GUARDIAN] Service OK: mobile_server
[2025-10-24 01:59:17] [INTELLIGENT-GUARDIAN] Service OK: celsius_core
[2025-10-24 01:59:17] [INTELLIGENT-GUARDIAN] Service OK: hourly_logger
[2025-10-24 01:59:46] [INTELLIGENT-GUARDIAN] Performing health check...
[2025-10-24 01:59:46] [INTELLIGENT-GUARDIAN] Service OK: server_hub
[2025-10-24 01:59:46] [INTELLIGENT-GUARDIAN] Service OK: mobile_server
[2025-10-24 01:59:46] [INTELLIGENT-GUARDIAN] Service OK: celsius_core
[2025-10-24 01:59:46] [INTELLIGENT-GUARDIAN] Service OK: hourly_logger
[2025-10-24 01:59:48] [INTELLIGENT-GUARDIAN] Performing health check...
[2025-10-24 01:59:48] [INTELLIGENT-GUARDIAN] Service OK: server_hub
[2025-10-24 01:59:48] [INTELLIGENT-GUARDIAN] Service OK: mobile_server
[2025-10-24 01:59:48] [INTELLIGENT-GUARDIAN] Service OK: celsius_core
[2025-10-24 01:59:48] [INTELLIGENT-GUARDIAN] Service OK: hourly_logger
[2025-10-24 02:00:16] [INTELLIGENT-GUARDIAN] Performing health check...
[2025-10-24 02:00:16] [INTELLIGENT-GUARDIAN] Service OK: server_hub
[2025-10-24 02:00:16] [INTELLIGENT-GUARDIAN] Service OK: mobile_server
[2025-10-24 02:00:16] [INTELLIGENT-GUARDIAN] Service OK: celsius_core
[2025-10-24 02:00:16] [INTELLIGENT-GUARDIAN] Service OK: hourly_logger
[2025-10-24 02:00:19] [INTELLIGENT-GUARDIAN] Performing health check...
[2025-10-24 02:00:19] [INTELLIGENT-GUARDIAN] Service OK: server_hub
[2025-10-24 02:00:19] [INTELLIGENT-GUARDIAN] Service OK: mobile_server
[2025-10-24 02:00:19] [INTELLIGENT-GUARDIAN] Service OK: celsius_core
[2025-10-24 02:00:19] [INTELLIGENT-GUARDIAN] Service OK: hourly_logger
[2025-10-24 02:00:46] [INTELLIGENT-GUARDIAN] Performing health check...
[2025-10-24 02:00:46] [INTELLIGENT-GUARDIAN] Service OK: server_hub
[2025-10-24 02:00:46] [INTELLIGENT-GUARDIAN] Service OK: mobile_server
[2025-10-24 02:00:46] [INTELLIGENT-GUARDIAN] Service OK: celsius_core
[2025-10-24 02:00:46] [INTELLIGENT-GUARDIAN] Service OK: hourly_logger
[2025-10-24 02:00:50] [INTELLIGENT-GUARDIAN] Performing health check...
[2025-10-24 02:00:50] [INTELLIGENT-GUARDIAN] Service OK: server_hub
[2025-10-24 02:00:50] [INTELLIGENT-GUARDIAN] Service OK: mobile_server
[2025-10-24 02:00:50] [INTELLIGENT-GUARDIAN] Service OK: celsius_core
[2025-10-24 02:00:50] [INTELLIGENT-GUARDIAN] Service OK: hourly_logger
[2025-10-24 02:01:16] [INTELLIGENT-GUARDIAN] Performing health check...
[2025-10-24 02:01:16] [INTELLIGENT-GUARDIAN] Service OK: server_hub
[2025-10-24 02:01:16] [INTELLIGENT-GUARDIAN] Service OK: mobile_server
[2025-10-24 02:01:16] [INTELLIGENT-GUARDIAN] Service OK: celsius_core
[2025-10-24 02:01:16] [INTELLIGENT-GUARDIAN] Service OK: hourly_logger
[2025-10-24 02:01:21] [INTELLIGENT-GUARDIAN] Performing health check...
[2025-10-24 02:01:21] [INTELLIGENT-GUARDIAN] Service OK: server_hub
[2025-10-24 02:01:21] [INTELLIGENT-GUARDIAN] Service OK: mobile_server
[2025-10-24 02:01:21] [INTELLIGENT-GUARDIAN] Service OK: celsius_core
[2025-10-24 02:01:21] [INTELLIGENT-GUARDIAN] Service OK: hourly_logger
[2025-10-24 02:01:46] [INTELLIGENT-GUARDIAN] Performing health check...
[2025-10-24 02:01:46] [INTELLIGENT-GUARDIAN] Service OK: server_hub
[2025-10-24 02:01:46] [INTELLIGENT-GUARDIAN] Service OK: mobile_server
[2025-10-24 02:01:46] [INTELLIGENT-GUARDIAN] Service OK: celsius_core
[2025-10-24 02:01:46] [INTELLIGENT-GUARDIAN] Service OK: hourly_logger
[2025-10-24 02:01:52] [INTELLIGENT-GUARDIAN] Performing health check...
[2025-10-24 02:01:52] [INTELLIGENT-GUARDIAN] Service OK: server_hub
[2025-10-24 02:01:52] [INTELLIGENT-GUARDIAN] Service OK: mobile_server
[2025-10-24 02:01:52] [INTELLIGENT-GUARDIAN] Service OK: celsius_core
[2025-10-24 02:01:52] [INTELLIGENT-GUARDIAN] Service OK: hourly_logger
[2025-10-24 02:02:16] [INTELLIGENT-GUARDIAN] Performing health check...
[2025-10-24 02:02:16] [INTELLIGENT-GUARDIAN] Service OK: server_hub
[2025-10-24 02:02:16] [INTELLIGENT-GUARDIAN] Service OK: mobile_server
[2025-10-24 02:02:16] [INTELLIGENT-GUARDIAN] Service OK: celsius_core
[2025-10-24 02:02:16] [INTELLIGENT-GUARDIAN] Service OK: hourly_logger
[2025-10-24 02:02:23] [INTELLIGENT-GUARDIAN] Performing health check...
[2025-10-24 02:02:23] [INTELLIGENT-GUARDIAN] Service OK: server_hub
[2025-10-24 02:02:23] [INTELLIGENT-GUARDIAN] Service OK: mobile_server
[2025-10-24 02:02:23] [INTELLIGENT-GUARDIAN] Service OK: celsius_core
[2025-10-24 02:02:23] [INTELLIGENT-GUARDIAN] Service OK: hourly_logger
[2025-10-24 02:02:46] [INTELLIGENT-GUARDIAN] Performing health check...
[2025-10-24 02:02:46] [INTELLIGENT-GUARDIAN] Service OK: server_hub
[2025-10-24 02:02:46] [INTELLIGENT-GUARDIAN] Service OK: mobile_server
[2025-10-24 02:02:46] [INTELLIGENT-GUARDIAN] Service OK: celsius_core
[2025-10-24 02:02:46] [INTELLIGENT-GUARDIAN] Service OK: hourly_logger
[2025-10-24 02:02:54] [INTELLIGENT-GUARDIAN] Performing health check...
[2025-10-24 02:02:54] [INTELLIGENT-GUARDIAN] Service OK: server_hub
[2025-10-24 02:02:54] [INTELLIGENT-GUARDIAN] Service OK: mobile_server
[2025-10-24 02:02:54] [INTELLIGENT-GUARDIAN] Service OK: celsius_core
[2025-10-24 02:02:54] [INTELLIGENT-GUARDIAN] Service OK: hourly_logger
[2025-10-24 02:03:16] [INTELLIGENT-GUARDIAN] Performing health check...
[2025-10-24 02:03:16] [INTELLIGENT-GUARDIAN] Service OK: server_hub
[2025-10-24 02:03:16] [INTELLIGENT-GUARDIAN] Service OK: mobile_server
[2025-10-24 02:03:16] [INTELLIGENT-GUARDIAN] Service OK: celsius_core
[2025-10-24 02:03:16] [INTELLIGENT-GUARDIAN] Service OK: hourly_logger
[2025-10-24 02:03:25] [INTELLIGENT-GUARDIAN] Performing health check...
[2025-10-24 02:03:25] [INTELLIGENT-GUARDIAN] Service OK: server_hub
[2025-10-24 02:03:25] [INTELLIGENT-GUARDIAN] Service OK: mobile_server
[2025-10-24 02:03:25] [INTELLIGENT-GUARDIAN] Service OK: celsius_core
[2025-10-24 02:03:25] [INTELLIGENT-GUARDIAN] Service OK: hourly_logger
[2025-10-24 02:03:46] [INTELLIGENT-GUARDIAN] Performing health check...
[2025-10-24 02:03:46] [INTELLIGENT-GUARDIAN] Service OK: server_hub
[2025-10-24 02:03:46] [INTELLIGENT-GUARDIAN] Service OK: mobile_server
[2025-10-24 02:03:46] [INTELLIGENT-GUARDIAN] Service OK: celsius_core
[2025-10-24 02:03:46] [INTELLIGENT-GUARDIAN] Service OK: hourly_logger
[2025-10-24 02:03:56] [INTELLIGENT-GUARDIAN] Performing health check...
[2025-10-24 02:03:56] [INTELLIGENT-GUARDIAN] Service OK: server_hub
[2025-10-24 02:03:56] [INTELLIGENT-GUARDIAN] Service OK: mobile_server
[2025-10-24 02:03:56] [INTELLIGENT-GUARDIAN] Service OK: celsius_core
[2025-10-24 02:03:56] [INTELLIGENT-GUARDIAN] Service OK: hourly_logger
[2025-10-24 02:04:16] [INTELLIGENT-GUARDIAN] Performing health check...
[2025-10-24 02:04:16] [INTELLIGENT-GUARDIAN] Service OK: server_hub
[2025-10-24 02:04:16] [INTELLIGENT-GUARDIAN] Service OK: mobile_server
[2025-10-24 02:04:16] [INTELLIGENT-GUARDIAN] Service OK: celsius_core
[2025-10-24 02:04:16] [INTELLIGENT-GUARDIAN] Service OK: hourly_logger
[2025-10-24 02:04:27] [INTELLIGENT-GUARDIAN] Performing health check...
[2025-10-24 02:04:27] [INTELLIGENT-GUARDIAN] Service OK: server_hub
[2025-10-24 02:04:27] [INTELLIGENT-GUARDIAN] Service OK: mobile_server
[2025-10-24 02:04:27] [INTELLIGENT-GUARDIAN] Service OK: celsius_core
[2025-10-24 02:04:27] [INTELLIGENT-GUARDIAN] Service OK: hourly_logger
[2025-10-24 02:04:46] [INTELLIGENT-GUARDIAN] Performing health check...
[2025-10-24 02:04:46] [INTELLIGENT-GUARDIAN] Service OK: server_hub
[2025-10-24 02:04:46] [INTELLIGENT-GUARDIAN] Service OK: mobile_server
[2025-10-24 02:04:46] [INTELLIGENT-GUARDIAN] Service OK: celsius_core
[2025-10-24 02:04:46] [INTELLIGENT-GUARDIAN] Service OK: hourly_logger
[2025-10-24 02:04:59] [INTELLIGENT-GUARDIAN] Performing health check...
[2025-10-24 02:04:59] [INTELLIGENT-GUARDIAN] Service OK: server_hub
[2025-10-24 02:04:59] [INTELLIGENT-GUARDIAN] Service OK: mobile_server
[2025-10-24 02:04:59] [INTELLIGENT-GUARDIAN] Service OK: celsius_core
[2025-10-24 02:04:59] [INTELLIGENT-GUARDIAN] Service OK: hourly_logger
[2025-10-24 02:05:16] [INTELLIGENT-GUARDIAN] Performing health check...
[2025-10-24 02:05:16] [INTELLIGENT-GUARDIAN] Service OK: server_hub
[2025-10-24 02:05:16] [INTELLIGENT-GUARDIAN] Service OK: mobile_server
[2025-10-24 02:05:16] [INTELLIGENT-GUARDIAN] Service OK: celsius_core
[2025-10-24 02:05:16] [INTELLIGENT-GUARDIAN] Service OK: hourly_logger
[2025-10-24 02:05:30] [INTELLIGENT-GUARDIAN] Performing health check...
[2025-10-24 02:05:30] [INTELLIGENT-GUARDIAN] Service OK: server_hub
[2025-10-24 02:05:30] [INTELLIGENT-GUARDIAN] Service OK: mobile_server
[2025-10-24 02:05:30] [INTELLIGENT-GUARDIAN] Service OK: celsius_core
[2025-10-24 02:05:30] [INTELLIGENT-GUARDIAN] Service OK: hourly_logger
[2025-10-24 02:05:46] [INTELLIGENT-GUARDIAN] Performing health check...
[2025-10-24 02:05:46] [INTELLIGENT-GUARDIAN] Service OK: server_hub
[2025-10-24 02:05:46] [INTELLIGENT-GUARDIAN] Service OK: mobile_server
[2025-10-24 02:05:46] [INTELLIGENT-GUARDIAN] Service OK: celsius_core
[2025-10-24 02:05:46] [INTELLIGENT-GUARDIAN] Service OK: hourly_logger
[2025-10-24 02:06:01] [INTELLIGENT-GUARDIAN] Performing health check...
[2025-10-24 02:06:01] [INTELLIGENT-GUARDIAN] Service OK: server_hub
[2025-10-24 02:06:01] [INTELLIGENT-GUARDIAN] Service OK: mobile_server
[2025-10-24 02:06:01] [INTELLIGENT-GUARDIAN] Service OK: celsius_core
[2025-10-24 02:06:01] [INTELLIGENT-GUARDIAN] Service OK: hourly_logger
[2025-10-24 02:06:16] [INTELLIGENT-GUARDIAN] Performing health check...
[2025-10-24 02:06:16] [INTELLIGENT-GUARDIAN] Service OK: server_hub
[2025-10-24 02:06:16] [INTELLIGENT-GUARDIAN] Service OK: mobile_server
[2025-10-24 02:06:16] [INTELLIGENT-GUARDIAN] Service OK: celsius_core
[2025-10-24 02:06:16] [INTELLIGENT-GUARDIAN] Service OK: hourly_logger
[2025-10-24 02:06:32] [INTELLIGENT-GUARDIAN] Performing health check...
[2025-10-24 02:06:32] [INTELLIGENT-GUARDIAN] Service OK: server_hub
[2025-10-24 02:06:32] [INTELLIGENT-GUARDIAN] Service OK: mobile_server
[2025-10-24 02:06:32] [INTELLIGENT-GUARDIAN] Service OK: celsius_core
[2025-10-24 02:06:32] [INTELLIGENT-GUARDIAN] Service OK: hourly_logger
[2025-10-24 02:06:46] [INTELLIGENT-GUARDIAN] Performing health check...
[2025-10-24 02:06:46] [INTELLIGENT-GUARDIAN] Service OK: server_hub
[2025-10-24 02:06:46] [INTELLIGENT-GUARDIAN] Service OK: mobile_server
[2025-10-24 02:06:46] [INTELLIGENT-GUARDIAN] Service OK: celsius_core
[2025-10-24 02:06:46] [INTELLIGENT-GUARDIAN] Service OK: hourly_logger
[2025-10-24 02:07:03] [INTELLIGENT-GUARDIAN] Performing health check...
[2025-10-24 02:07:03] [INTELLIGENT-GUARDIAN] Service OK: server_hub
[2025-10-24 02:07:03] [INTELLIGENT-GUARDIAN] Service OK: mobile_server
[2025-10-24 02:07:03] [INTELLIGENT-GUARDIAN] Service OK: celsius_core
[2025-10-24 02:07:03] [INTELLIGENT-GUARDIAN] Service OK: hourly_logger
[2025-10-24 02:07:16] [INTELLIGENT-GUARDIAN] Performing health check...
[2025-10-24 02:07:16] [INTELLIGENT-GUARDIAN] Service OK: server_hub
[2025-10-24 02:07:16] [INTELLIGENT-GUARDIAN] Service OK: mobile_server
[2025-10-24 02:07:16] [INTELLIGENT-GUARDIAN] Service OK: celsius_core
[2025-10-24 02:07:16] [INTELLIGENT-GUARDIAN] Service OK: hourly_logger
[2025-10-24 02:07:34] [INTELLIGENT-GUARDIAN] Performing health check...
[2025-10-24 02:07:34] [INTELLIGENT-GUARDIAN] Service OK: server_hub
[2025-10-24 02:07:34] [INTELLIGENT-GUARDIAN] Service OK: mobile_server
[2025-10-24 02:07:34] [INTELLIGENT-GUARDIAN] Service OK: celsius_core
[2025-10-24 02:07:34] [INTELLIGENT-GUARDIAN] Service OK: hourly_logger
[2025-10-24 02:07:46] [INTELLIGENT-GUARDIAN] Performing health check...
[2025-10-24 02:07:46] [INTELLIGENT-GUARDIAN] Service OK: server_hub
[2025-10-24 02:07:46] [INTELLIGENT-GUARDIAN] Service OK: mobile_server
[2025-10-24 02:07:46] [INTELLIGENT-GUARDIAN] Service OK: celsius_core
[2025-10-24 02:07:46] [INTELLIGENT-GUARDIAN] Service OK: hourly_logger
[2025-10-24 02:08:05] [INTELLIGENT-GUARDIAN] Performing health check...
[2025-10-24 02:08:05] [INTELLIGENT-GUARDIAN] Service OK: server_hub
[2025-10-24 02:08:05] [INTELLIGENT-GUARDIAN] Service OK: mobile_server
[2025-10-24 02:08:05] [INTELLIGENT-GUARDIAN] Service OK: celsius_core
[2025-10-24 02:08:05] [INTELLIGENT-GUARDIAN] Service OK: hourly_logger
[2025-10-24 02:08:16] [INTELLIGENT-GUARDIAN] Performing health check...
[2025-10-24 02:08:16] [INTELLIGENT-GUARDIAN] Service OK: server_hub
[2025-10-24 02:08:16] [INTELLIGENT-GUARDIAN] Service OK: mobile_server
[2025-10-24 02:08:16] [INTELLIGENT-GUARDIAN] Service OK: celsius_core
[2025-10-24 02:08:16] [INTELLIGENT-GUARDIAN] Service OK: hourly_logger
[2025-10-24 02:08:36] [INTELLIGENT-GUARDIAN] Performing health check...
[2025-10-24 02:08:36] [INTELLIGENT-GUARDIAN] Service OK: server_hub
[2025-10-24 02:08:36] [INTELLIGENT-GUARDIAN] Service OK: mobile_server
[2025-10-24 02:08:36] [INTELLIGENT-GUARDIAN] Service OK: celsius_core
[2025-10-24 02:08:36] [INTELLIGENT-GUARDIAN] Service OK: hourly_logger
[2025-10-24 02:08:46] [INTELLIGENT-GUARDIAN] Performing health check...
[2025-10-24 02:08:46] [INTELLIGENT-GUARDIAN] Service OK: server_hub
[2025-10-24 02:08:46] [INTELLIGENT-GUARDIAN] Service OK: mobile_server
[2025-10-24 02:08:46] [INTELLIGENT-GUARDIAN] Service OK: celsius_core
[2025-10-24 02:08:46] [INTELLIGENT-GUARDIAN] Service OK: hourly_logger
[2025-10-24 02:09:07] [INTELLIGENT-GUARDIAN] Performing health check...
[2025-10-24 02:09:07] [INTELLIGENT-GUARDIAN] Service OK: server_hub
[2025-10-24 02:09:07] [INTELLIGENT-GUARDIAN] Service OK: mobile_server
[2025-10-24 02:09:07] [INTELLIGENT-GUARDIAN] Service OK: celsius_core
[2025-10-24 02:09:07] [INTELLIGENT-GUARDIAN] Service OK: hourly_logger
[2025-10-24 02:09:16] [INTELLIGENT-GUARDIAN] Performing health check...
[2025-10-24 02:09:16] [INTELLIGENT-GUARDIAN] Service OK: server_hub
[2025-10-24 02:09:16] [INTELLIGENT-GUARDIAN] Service OK: mobile_server
[2025-10-24 02:09:16] [INTELLIGENT-GUARDIAN] Service OK: celsius_core
[2025-10-24 02:09:16] [INTELLIGENT-GUARDIAN] Service OK: hourly_logger
[2025-10-24 02:09:38] [INTELLIGENT-GUARDIAN] Performing health check...
[2025-10-24 02:09:38] [INTELLIGENT-GUARDIAN] Service OK: server_hub
[2025-10-24 02:09:38] [INTELLIGENT-GUARDIAN] Service OK: mobile_server
[2025-10-24 02:09:38] [INTELLIGENT-GUARDIAN] Service OK: celsius_core
[2025-10-24 02:09:38] [INTELLIGENT-GUARDIAN] Service OK: hourly_logger
[2025-10-24 02:09:46] [INTELLIGENT-GUARDIAN] Performing health check...
[2025-10-24 02:09:46] [INTELLIGENT-GUARDIAN] Service OK: server_hub
[2025-10-24 02:09:46] [INTELLIGENT-GUARDIAN] Service OK: mobile_server
[2025-10-24 02:09:46] [INTELLIGENT-GUARDIAN] Service OK: celsius_core
[2025-10-24 02:09:46] [INTELLIGENT-GUARDIAN] Service OK: hourly_logger
[2025-10-24 02:10:09] [INTELLIGENT-GUARDIAN] Performing health check...
[2025-10-24 02:10:09] [INTELLIGENT-GUARDIAN] Service OK: server_hub
[2025-10-24 02:10:09] [INTELLIGENT-GUARDIAN] Service OK: mobile_server
[2025-10-24 02:10:09] [INTELLIGENT-GUARDIAN] Service OK: celsius_core
[2025-10-24 02:10:09] [INTELLIGENT-GUARDIAN] Service OK: hourly_logger
[2025-10-24 02:10:16] [INTELLIGENT-GUARDIAN] Performing health check...
[2025-10-24 02:10:16] [INTELLIGENT-GUARDIAN] Service OK: server_hub
[2025-10-24 02:10:16] [INTELLIGENT-GUARDIAN] Service OK: mobile_server
[2025-10-24 02:10:16] [INTELLIGENT-GUARDIAN] Service OK: celsius_core
[2025-10-24 02:10:16] [INTELLIGENT-GUARDIAN] Service OK: hourly_logger
[2025-10-24 02:10:40] [INTELLIGENT-GUARDIAN] Performing health check...
[2025-10-24 02:10:40] [INTELLIGENT-GUARDIAN] Service OK: server_hub
[2025-10-24 02:10:40] [INTELLIGENT-GUARDIAN] Service OK: mobile_server
[2025-10-24 02:10:40] [INTELLIGENT-GUARDIAN] Service OK: celsius_core
[2025-10-24 02:10:40] [INTELLIGENT-GUARDIAN] Service OK: hourly_logger
[2025-10-24 02:10:46] [INTELLIGENT-GUARDIAN] Performing health check...
[2025-10-24 02:10:46] [INTELLIGENT-GUARDIAN] Service OK: server_hub
[2025-10-24 02:10:46] [INTELLIGENT-GUARDIAN] Service OK: mobile_server
[2025-10-24 02:10:46] [INTELLIGENT-GUARDIAN] Service OK: celsius_core
[2025-10-24 02:10:46] [INTELLIGENT-GUARDIAN] Service OK: hourly_logger
[2025-10-24 02:11:11] [INTELLIGENT-GUARDIAN] Performing health check...
[2025-10-24 02:11:11] [INTELLIGENT-GUARDIAN] Service OK: server_hub
[2025-10-24 02:11:11] [INTELLIGENT-GUARDIAN] Service OK: mobile_server
[2025-10-24 02:11:11] [INTELLIGENT-GUARDIAN] Service OK: celsius_core
[2025-10-24 02:11:11] [INTELLIGENT-GUARDIAN] Service OK: hourly_logger
[2025-10-24 02:11:16] [INTELLIGENT-GUARDIAN] Performing health check...
[2025-10-24 02:11:16] [INTELLIGENT-GUARDIAN] Service OK: server_hub
[2025-10-24 02:11:16] [INTELLIGENT-GUARDIAN] Service OK: mobile_server
[2025-10-24 02:11:16] [INTELLIGENT-GUARDIAN] Service OK: celsius_core
[2025-10-24 02:11:16] [INTELLIGENT-GUARDIAN] Service OK: hourly_logger
[2025-10-24 02:11:42] [INTELLIGENT-GUARDIAN] Performing health check...
[2025-10-24 02:11:42] [INTELLIGENT-GUARDIAN] Service OK: server_hub
[2025-10-24 02:11:42] [INTELLIGENT-GUARDIAN] Service OK: mobile_server
[2025-10-24 02:11:42] [INTELLIGENT-GUARDIAN] Service OK: celsius_core
[2025-10-24 02:11:42] [INTELLIGENT-GUARDIAN] Service OK: hourly_logger
[2025-10-24 02:11:46] [INTELLIGENT-GUARDIAN] Performing health check...
[2025-10-24 02:11:46] [INTELLIGENT-GUARDIAN] Service OK: server_hub
[2025-10-24 02:11:46] [INTELLIGENT-GUARDIAN] Service OK: mobile_server
[2025-10-24 02:11:46] [INTELLIGENT-GUARDIAN] Service OK: celsius_core
[2025-10-24 02:11:46] [INTELLIGENT-GUARDIAN] Service OK: hourly_logger
[2025-10-24 02:12:13] [INTELLIGENT-GUARDIAN] Performing health check...
[2025-10-24 02:12:13] [INTELLIGENT-GUARDIAN] Service OK: server_hub
[2025-10-24 02:12:13] [INTELLIGENT-GUARDIAN] Service OK: mobile_server
[2025-10-24 02:12:13] [INTELLIGENT-GUARDIAN] Service OK: celsius_core
[2025-10-24 02:12:13] [INTELLIGENT-GUARDIAN] Service OK: hourly_logger
[2025-10-24 02:12:16] [INTELLIGENT-GUARDIAN] Performing health check...
[2025-10-24 02:12:16] [INTELLIGENT-GUARDIAN] Service OK: server_hub
[2025-10-24 02:12:16] [INTELLIGENT-GUARDIAN] Service OK: mobile_server
[2025-10-24 02:12:16] [INTELLIGENT-GUARDIAN] Service OK: celsius_core
[2025-10-24 02:12:16] [INTELLIGENT-GUARDIAN] Service OK: hourly_logger
[2025-10-24 02:12:44] [INTELLIGENT-GUARDIAN] Performing health check...
[2025-10-24 02:12:44] [INTELLIGENT-GUARDIAN] Service OK: server_hub
[2025-10-24 02:12:44] [INTELLIGENT-GUARDIAN] Service OK: mobile_server
[2025-10-24 02:12:44] [INTELLIGENT-GUARDIAN] Service OK: celsius_core
[2025-10-24 02:12:44] [INTELLIGENT-GUARDIAN] Service OK: hourly_logger
[2025-10-24 02:12:46] [INTELLIGENT-GUARDIAN] Performing health check...
[2025-10-24 02:12:46] [INTELLIGENT-GUARDIAN] Service OK: server_hub
[2025-10-24 02:12:46] [INTELLIGENT-GUARDIAN] Service OK: mobile_server
[2025-10-24 02:12:46] [INTELLIGENT-GUARDIAN] Service OK: celsius_core
[2025-10-24 02:12:46] [INTELLIGENT-GUARDIAN] Service OK: hourly_logger
[2025-10-24 02:13:15] [INTELLIGENT-GUARDIAN] Performing health check...
[2025-10-24 02:13:15] [INTELLIGENT-GUARDIAN] Service OK: server_hub
[2025-10-24 02:13:15] [INTELLIGENT-GUARDIAN] Service OK: mobile_server
[2025-10-24 02:13:15] [INTELLIGENT-GUARDIAN] Service OK: celsius_core
[2025-10-24 02:13:15] [INTELLIGENT-GUARDIAN] Service OK: hourly_logger
[2025-10-24 02:13:16] [INTELLIGENT-GUARDIAN] Performing health check...
[2025-10-24 02:13:16] [INTELLIGENT-GUARDIAN] Service OK: server_hub
[2025-10-24 02:13:16] [INTELLIGENT-GUARDIAN] Service OK: mobile_server
[2025-10-24 02:13:16] [INTELLIGENT-GUARDIAN] Service OK: celsius_core
[2025-10-24 02:13:16] [INTELLIGENT-GUARDIAN] Service OK: hourly_logger
[2025-10-24 02:13:46] [INTELLIGENT-GUARDIAN] Performing health check...
[2025-10-24 02:13:46] [INTELLIGENT-GUARDIAN] Service OK: server_hub
[2025-10-24 02:13:46] [INTELLIGENT-GUARDIAN] Service OK: mobile_server
[2025-10-24 02:13:46] [INTELLIGENT-GUARDIAN] Service OK: celsius_core
[2025-10-24 02:13:46] [INTELLIGENT-GUARDIAN] Service OK: hourly_logger
[2025-10-24 02:13:46] [INTELLIGENT-GUARDIAN] Performing health check...
[2025-10-24 02:13:46] [INTELLIGENT-GUARDIAN] Service OK: server_hub
[2025-10-24 02:13:46] [INTELLIGENT-GUARDIAN] Service OK: mobile_server
[2025-10-24 02:13:46] [INTELLIGENT-GUARDIAN] Service OK: celsius_core
[2025-10-24 02:13:46] [INTELLIGENT-GUARDIAN] Service OK: hourly_logger
[2025-10-24 02:14:16] [INTELLIGENT-GUARDIAN] Performing health check...
[2025-10-24 02:14:16] [INTELLIGENT-GUARDIAN] Service OK: server_hub
[2025-10-24 02:14:16] [INTELLIGENT-GUARDIAN] Service OK: mobile_server
[2025-10-24 02:14:16] [INTELLIGENT-GUARDIAN] Service OK: celsius_core
[2025-10-24 02:14:16] [INTELLIGENT-GUARDIAN] Service OK: hourly_logger
[2025-10-24 02:14:17] [INTELLIGENT-GUARDIAN] Performing health check...
[2025-10-24 02:14:17] [INTELLIGENT-GUARDIAN] Service OK: server_hub
[2025-10-24 02:14:17] [INTELLIGENT-GUARDIAN] Service OK: mobile_server
[2025-10-24 02:14:17] [INTELLIGENT-GUARDIAN] Service OK: celsius_core
[2025-10-24 02:14:17] [INTELLIGENT-GUARDIAN] Service OK: hourly_logger
[2025-10-24 02:14:46] [INTELLIGENT-GUARDIAN] Performing health check...
[2025-10-24 02:14:46] [INTELLIGENT-GUARDIAN] Service OK: server_hub
[2025-10-24 02:14:46] [INTELLIGENT-GUARDIAN] Service OK: mobile_server
[2025-10-24 02:14:46] [INTELLIGENT-GUARDIAN] Service OK: celsius_core
[2025-10-24 02:14:46] [INTELLIGENT-GUARDIAN] Service OK: hourly_logger
[2025-10-24 02:14:48] [INTELLIGENT-GUARDIAN] Performing health check...
[2025-10-24 02:14:48] [INTELLIGENT-GUARDIAN] Service OK: server_hub
[2025-10-24 02:14:48] [INTELLIGENT-GUARDIAN] Service OK: mobile_server
[2025-10-24 02:14:48] [INTELLIGENT-GUARDIAN] Service OK: celsius_core
[2025-10-24 02:14:48] [INTELLIGENT-GUARDIAN] Service OK: hourly_logger
[2025-10-24 02:15:16] [INTELLIGENT-GUARDIAN] Performing health check...
[2025-10-24 02:15:16] [INTELLIGENT-GUARDIAN] Service OK: server_hub
[2025-10-24 02:15:16] [INTELLIGENT-GUARDIAN] Service OK: mobile_server
[2025-10-24 02:15:16] [INTELLIGENT-GUARDIAN] Service OK: celsius_core
[2025-10-24 02:15:16] [INTELLIGENT-GUARDIAN] Service OK: hourly_logger
[2025-10-24 02:15:19] [INTELLIGENT-GUARDIAN] Performing health check...
[2025-10-24 02:15:19] [INTELLIGENT-GUARDIAN] Service OK: server_hub
[2025-10-24 02:15:19] [INTELLIGENT-GUARDIAN] Service OK: mobile_server
[2025-10-24 02:15:19] [INTELLIGENT-GUARDIAN] Service OK: celsius_core
[2025-10-24 02:15:19] [INTELLIGENT-GUARDIAN] Service OK: hourly_logger
[2025-10-24 02:15:46] [INTELLIGENT-GUARDIAN] Performing health check...
[2025-10-24 02:15:46] [INTELLIGENT-GUARDIAN] Service OK: server_hub
[2025-10-24 02:15:46] [INTELLIGENT-GUARDIAN] Service OK: mobile_server
[2025-10-24 02:15:46] [INTELLIGENT-GUARDIAN] Service OK: celsius_core
[2025-10-24 02:15:46] [INTELLIGENT-GUARDIAN] Service OK: hourly_logger
[2025-10-24 02:15:50] [INTELLIGENT-GUARDIAN] Performing health check...
[2025-10-24 02:15:50] [INTELLIGENT-GUARDIAN] Service OK: server_hub
[2025-10-24 02:15:50] [INTELLIGENT-GUARDIAN] Service OK: mobile_server
[2025-10-24 02:15:50] [INTELLIGENT-GUARDIAN] Service OK: celsius_core
[2025-10-24 02:15:50] [INTELLIGENT-GUARDIAN] Service OK: hourly_logger
[2025-10-24 02:16:16] [INTELLIGENT-GUARDIAN] Performing health check...
[2025-10-24 02:16:16] [INTELLIGENT-GUARDIAN] Service OK: server_hub
[2025-10-24 02:16:16] [INTELLIGENT-GUARDIAN] Service OK: mobile_server
[2025-10-24 02:16:16] [INTELLIGENT-GUARDIAN] Service OK: celsius_core
[2025-10-24 02:16:16] [INTELLIGENT-GUARDIAN] Service OK: hourly_logger
[2025-10-24 02:16:21] [INTELLIGENT-GUARDIAN] Performing health check...
[2025-10-24 02:16:21] [INTELLIGENT-GUARDIAN] Service OK: server_hub
[2025-10-24 02:16:21] [INTELLIGENT-GUARDIAN] Service OK: mobile_server
[2025-10-24 02:16:21] [INTELLIGENT-GUARDIAN] Service OK: celsius_core
[2025-10-24 02:16:21] [INTELLIGENT-GUARDIAN] Service OK: hourly_logger
[2025-10-24 02:16:46] [INTELLIGENT-GUARDIAN] Performing health check...
[2025-10-24 02:16:46] [INTELLIGENT-GUARDIAN] Service OK: server_hub
[2025-10-24 02:16:46] [INTELLIGENT-GUARDIAN] Service OK: mobile_server
[2025-10-24 02:16:46] [INTELLIGENT-GUARDIAN] Service OK: celsius_core
[2025-10-24 02:16:46] [INTELLIGENT-GUARDIAN] Service OK: hourly_logger
[2025-10-24 02:16:52] [INTELLIGENT-GUARDIAN] Performing health check...
[2025-10-24 02:16:52] [INTELLIGENT-GUARDIAN] Service OK: server_hub
[2025-10-24 02:16:52] [INTELLIGENT-GUARDIAN] Service OK: mobile_server
[2025-10-24 02:16:52] [INTELLIGENT-GUARDIAN] Service OK: celsius_core
[2025-10-24 02:16:52] [INTELLIGENT-GUARDIAN] Service OK: hourly_logger
[2025-10-24 02:17:16] [INTELLIGENT-GUARDIAN] Performing health check...
[2025-10-24 02:17:18] [INTELLIGENT-GUARDIAN] Service OK: server_hub
[2025-10-24 02:17:18] [INTELLIGENT-GUARDIAN] Service OK: mobile_server
[2025-10-24 02:17:18] [INTELLIGENT-GUARDIAN] Service OK: celsius_core
[2025-10-24 02:17:18] [INTELLIGENT-GUARDIAN] Service OK: hourly_logger
[2025-10-24 02:17:23] [INTELLIGENT-GUARDIAN] Performing health check...
[2025-10-24 02:17:25] [INTELLIGENT-GUARDIAN] Service OK: server_hub
[2025-10-24 02:17:25] [INTELLIGENT-GUARDIAN] Service OK: mobile_server
[2025-10-24 02:17:25] [INTELLIGENT-GUARDIAN] Service OK: celsius_core
[2025-10-24 02:17:25] [INTELLIGENT-GUARDIAN] Service OK: hourly_logger
[2025-10-24 02:17:25] [SERVER-HUB-MONITOR] User active, idle time: 11s
[2025-10-24 02:17:48] [INTELLIGENT-GUARDIAN] Performing health check...
[2025-10-24 02:17:48] [INTELLIGENT-GUARDIAN] Service OK: server_hub
[2025-10-24 02:17:48] [INTELLIGENT-GUARDIAN] Service OK: mobile_server
[2025-10-24 02:17:48] [INTELLIGENT-GUARDIAN] Service OK: celsius_core
[2025-10-24 02:17:48] [INTELLIGENT-GUARDIAN] Service OK: hourly_logger
[2025-10-24 02:17:56] [INTELLIGENT-GUARDIAN] Performing health check...
[2025-10-24 02:17:56] [INTELLIGENT-GUARDIAN] Service OK: server_hub
[2025-10-24 02:17:56] [INTELLIGENT-GUARDIAN] Service OK: mobile_server
[2025-10-24 02:17:56] [INTELLIGENT-GUARDIAN] Service OK: celsius_core
[2025-10-24 02:17:56] [INTELLIGENT-GUARDIAN] Service OK: hourly_logger
[2025-10-24 02:17:56] [SERVER-HUB-MONITOR] User active, idle time: 42s
[2025-10-24 02:18:18] [INTELLIGENT-GUARDIAN] Performing health check...
[2025-10-24 02:18:18] [INTELLIGENT-GUARDIAN] Service OK: server_hub
[2025-10-24 02:18:18] [INTELLIGENT-GUARDIAN] Service OK: mobile_server
[2025-10-24 02:18:18] [INTELLIGENT-GUARDIAN] Service OK: celsius_core
[2025-10-24 02:18:18] [INTELLIGENT-GUARDIAN] Service OK: hourly_logger
[2025-10-24 02:18:27] [INTELLIGENT-GUARDIAN] Performing health check...
[2025-10-24 02:18:27] [INTELLIGENT-GUARDIAN] Service OK: server_hub
[2025-10-24 02:18:27] [INTELLIGENT-GUARDIAN] Service OK: mobile_server
[2025-10-24 02:18:27] [INTELLIGENT-GUARDIAN] Service OK: celsius_core
[2025-10-24 02:18:27] [INTELLIGENT-GUARDIAN] Service OK: hourly_logger
[2025-10-24 02:18:27] [SERVER-HUB-MONITOR] User active, idle time: 73s
[2025-10-24 02:18:48] [INTELLIGENT-GUARDIAN] Performing health check...
[2025-10-24 02:18:48] [INTELLIGENT-GUARDIAN] Service OK: server_hub
[2025-10-24 02:18:48] [INTELLIGENT-GUARDIAN] Service OK: mobile_server
[2025-10-24 02:18:48] [INTELLIGENT-GUARDIAN] Service OK: celsius_core
[2025-10-24 02:18:48] [INTELLIGENT-GUARDIAN] Service OK: hourly_logger
[2025-10-24 02:18:58] [INTELLIGENT-GUARDIAN] Performing health check...
[2025-10-24 02:18:58] [INTELLIGENT-GUARDIAN] Service OK: server_hub
[2025-10-24 02:18:58] [INTELLIGENT-GUARDIAN] Service OK: mobile_server
[2025-10-24 02:18:58] [INTELLIGENT-GUARDIAN] Service OK: celsius_core
[2025-10-24 02:18:58] [INTELLIGENT-GUARDIAN] Service OK: hourly_logger
[2025-10-24 02:18:58] [SERVER-HUB-MONITOR] User active, idle time: 104s
[2025-10-24 02:19:18] [INTELLIGENT-GUARDIAN] Performing health check...
[2025-10-24 02:19:18] [INTELLIGENT-GUARDIAN] Service OK: server_hub
[2025-10-24 02:19:18] [INTELLIGENT-GUARDIAN] Service OK: mobile_server
[2025-10-24 02:19:18] [INTELLIGENT-GUARDIAN] Service OK: celsius_core
[2025-10-24 02:19:18] [INTELLIGENT-GUARDIAN] Service OK: hourly_logger
[2025-10-24 02:19:29] [INTELLIGENT-GUARDIAN] Performing health check...
[2025-10-24 02:19:29] [INTELLIGENT-GUARDIAN] Service OK: server_hub
[2025-10-24 02:19:29] [INTELLIGENT-GUARDIAN] Service OK: mobile_server
[2025-10-24 02:19:29] [INTELLIGENT-GUARDIAN] Service OK: celsius_core
[2025-10-24 02:19:29] [INTELLIGENT-GUARDIAN] Service OK: hourly_logger
[2025-10-24 02:19:29] [SERVER-HUB-MONITOR] User active, idle time: 135s
[2025-10-24 02:19:48] [INTELLIGENT-GUARDIAN] Performing health check...
[2025-10-24 02:19:48] [INTELLIGENT-GUARDIAN] Service OK: server_hub
[2025-10-24 02:19:48] [INTELLIGENT-GUARDIAN] Service OK: mobile_server
[2025-10-24 02:19:48] [INTELLIGENT-GUARDIAN] Service OK: celsius_core
[2025-10-24 02:19:48] [INTELLIGENT-GUARDIAN] Service OK: hourly_logger
[2025-10-24 02:20:00] [INTELLIGENT-GUARDIAN] Performing health check...
[2025-10-24 02:20:00] [INTELLIGENT-GUARDIAN] Service OK: server_hub
[2025-10-24 02:20:00] [INTELLIGENT-GUARDIAN] Service OK: mobile_server
[2025-10-24 02:20:00] [INTELLIGENT-GUARDIAN] Service OK: celsius_core
[2025-10-24 02:20:00] [INTELLIGENT-GUARDIAN] Service OK: hourly_logger
[2025-10-24 02:20:00] [SERVER-HUB-MONITOR] User active, idle time: 166s
[2025-10-24 02:20:18] [INTELLIGENT-GUARDIAN] Performing health check...
[2025-10-24 02:20:18] [INTELLIGENT-GUARDIAN] Service OK: server_hub
[2025-10-24 02:20:18] [INTELLIGENT-GUARDIAN] Service OK: mobile_server
[2025-10-24 02:20:18] [INTELLIGENT-GUARDIAN] Service OK: celsius_core
[2025-10-24 02:20:18] [INTELLIGENT-GUARDIAN] Service OK: hourly_logger
[2025-10-24 02:20:31] [INTELLIGENT-GUARDIAN] Performing health check...
[2025-10-24 02:20:31] [INTELLIGENT-GUARDIAN] Service OK: server_hub
[2025-10-24 02:20:31] [INTELLIGENT-GUARDIAN] Service OK: mobile_server
[2025-10-24 02:20:31] [INTELLIGENT-GUARDIAN] Service OK: celsius_core
[2025-10-24 02:20:31] [INTELLIGENT-GUARDIAN] Service OK: hourly_logger
[2025-10-24 02:20:31] [SERVER-HUB-MONITOR] User active, idle time: 197s
[2025-10-24 02:20:48] [INTELLIGENT-GUARDIAN] Performing health check...
[2025-10-24 02:20:48] [INTELLIGENT-GUARDIAN] Service OK: server_hub
[2025-10-24 02:20:48] [INTELLIGENT-GUARDIAN] Service OK: mobile_server
[2025-10-24 02:20:48] [INTELLIGENT-GUARDIAN] Service OK: celsius_core
[2025-10-24 02:20:48] [INTELLIGENT-GUARDIAN] Service OK: hourly_logger
[2025-10-24 02:21:02] [INTELLIGENT-GUARDIAN] Performing health check...
[2025-10-24 02:21:02] [INTELLIGENT-GUARDIAN] Service OK: server_hub
[2025-10-24 02:21:02] [INTELLIGENT-GUARDIAN] Service OK: mobile_server
[2025-10-24 02:21:02] [INTELLIGENT-GUARDIAN] Service OK: celsius_core
[2025-10-24 02:21:02] [INTELLIGENT-GUARDIAN] Service OK: hourly_logger
[2025-10-24 02:21:02] [SERVER-HUB-MONITOR] User active, idle time: 228s
[2025-10-24 02:21:18] [INTELLIGENT-GUARDIAN] Performing health check...
[2025-10-24 02:21:18] [INTELLIGENT-GUARDIAN] Service OK: server_hub
[2025-10-24 02:21:18] [INTELLIGENT-GUARDIAN] Service OK: mobile_server
[2025-10-24 02:21:18] [INTELLIGENT-GUARDIAN] Service OK: celsius_core
[2025-10-24 02:21:18] [INTELLIGENT-GUARDIAN] Service OK: hourly_logger
[2025-10-24 02:21:33] [INTELLIGENT-GUARDIAN] Performing health check...
[2025-10-24 02:21:33] [INTELLIGENT-GUARDIAN] Service OK: server_hub
[2025-10-24 02:21:33] [INTELLIGENT-GUARDIAN] Service OK: mobile_server
[2025-10-24 02:21:33] [INTELLIGENT-GUARDIAN] Service OK: celsius_core
[2025-10-24 02:21:33] [INTELLIGENT-GUARDIAN] Service OK: hourly_logger
[2025-10-24 02:21:33] [SERVER-HUB-MONITOR] User active, idle time: 259s
[2025-10-24 02:21:48] [INTELLIGENT-GUARDIAN] Performing health check...
[2025-10-24 02:21:48] [INTELLIGENT-GUARDIAN] Service OK: server_hub
[2025-10-24 02:21:48] [INTELLIGENT-GUARDIAN] Service OK: mobile_server
[2025-10-24 02:21:48] [INTELLIGENT-GUARDIAN] Service OK: celsius_core
[2025-10-24 02:21:48] [INTELLIGENT-GUARDIAN] Service OK: hourly_logger
[2025-10-24 02:22:04] [INTELLIGENT-GUARDIAN] Performing health check...
[2025-10-24 02:22:04] [INTELLIGENT-GUARDIAN] Service OK: server_hub
[2025-10-24 02:22:04] [INTELLIGENT-GUARDIAN] Service OK: mobile_server
[2025-10-24 02:22:04] [INTELLIGENT-GUARDIAN] Service OK: celsius_core
[2025-10-24 02:22:04] [INTELLIGENT-GUARDIAN] Service OK: hourly_logger
[2025-10-24 02:22:04] [SERVER-HUB-MONITOR] User active, idle time: 290s
[2025-10-24 02:22:18] [INTELLIGENT-GUARDIAN] Performing health check...
[2025-10-24 02:22:18] [INTELLIGENT-GUARDIAN] Service OK: server_hub
[2025-10-24 02:22:18] [INTELLIGENT-GUARDIAN] Service OK: mobile_server
[2025-10-24 02:22:18] [INTELLIGENT-GUARDIAN] Service OK: celsius_core
[2025-10-24 02:22:18] [INTELLIGENT-GUARDIAN] Service OK: hourly_logger
[2025-10-24 02:22:35] [INTELLIGENT-GUARDIAN] Performing health check...
[2025-10-24 02:22:35] [INTELLIGENT-GUARDIAN] Service OK: server_hub
[2025-10-24 02:22:35] [INTELLIGENT-GUARDIAN] Service OK: mobile_server
[2025-10-24 02:22:35] [INTELLIGENT-GUARDIAN] Service OK: celsius_core
[2025-10-24 02:22:35] [INTELLIGENT-GUARDIAN] Service OK: hourly_logger
[2025-10-24 02:22:35] [SERVER-HUB-MONITOR] User idle for 321s, triggering auto-logout
[2025-10-24 02:22:42] [SERVER-HUB-MONITOR] Could not connect to server hub for auto-logout
[2025-10-24 02:22:48] [INTELLIGENT-GUARDIAN] Performing health check...
[2025-10-24 02:22:48] [INTELLIGENT-GUARDIAN] Service OK: server_hub
[2025-10-24 02:22:48] [INTELLIGENT-GUARDIAN] Service OK: mobile_server
[2025-10-24 02:22:48] [INTELLIGENT-GUARDIAN] Service OK: celsius_core
[2025-10-24 02:22:48] [INTELLIGENT-GUARDIAN] Service OK: hourly_logger
[2025-10-24 02:23:13] [INTELLIGENT-GUARDIAN] Performing health check...
[2025-10-24 02:23:13] [INTELLIGENT-GUARDIAN] Service OK: server_hub
[2025-10-24 02:23:13] [INTELLIGENT-GUARDIAN] Service OK: mobile_server
[2025-10-24 02:23:13] [INTELLIGENT-GUARDIAN] Service OK: celsius_core
[2025-10-24 02:23:13] [INTELLIGENT-GUARDIAN] Service OK: hourly_logger
[2025-10-24 02:23:13] [SERVER-HUB-MONITOR] User idle for 359s, triggering auto-logout
[2025-10-24 02:23:18] [INTELLIGENT-GUARDIAN] Performing health check...
[2025-10-24 02:23:18] [INTELLIGENT-GUARDIAN] Service OK: server_hub
[2025-10-24 02:23:18] [INTELLIGENT-GUARDIAN] Service OK: mobile_server
[2025-10-24 02:23:18] [INTELLIGENT-GUARDIAN] Service OK: celsius_core
[2025-10-24 02:23:18] [INTELLIGENT-GUARDIAN] Service OK: hourly_logger
[2025-10-24 02:23:20] [SERVER-HUB-MONITOR] Could not connect to server hub for auto-logout
[2025-10-24 02:23:48] [INTELLIGENT-GUARDIAN] Performing health check...
[2025-10-24 02:23:48] [INTELLIGENT-GUARDIAN] Service OK: server_hub
[2025-10-24 02:23:48] [INTELLIGENT-GUARDIAN] Service OK: mobile_server
[2025-10-24 02:23:48] [INTELLIGENT-GUARDIAN] Service OK: celsius_core
[2025-10-24 02:23:48] [INTELLIGENT-GUARDIAN] Service OK: hourly_logger
[2025-10-24 02:23:51] [INTELLIGENT-GUARDIAN] Performing health check...
[2025-10-24 02:23:51] [INTELLIGENT-GUARDIAN] Service OK: server_hub
[2025-10-24 02:23:51] [INTELLIGENT-GUARDIAN] Service OK: mobile_server
[2025-10-24 02:23:51] [INTELLIGENT-GUARDIAN] Service OK: celsius_core
[2025-10-24 02:23:51] [INTELLIGENT-GUARDIAN] Service OK: hourly_logger
[2025-10-24 02:23:51] [SERVER-HUB-MONITOR] User idle for 397s, triggering auto-logout
[2025-10-24 02:23:58] [SERVER-HUB-MONITOR] Could not connect to server hub for auto-logout
[2025-10-24 02:24:18] [INTELLIGENT-GUARDIAN] Performing health check...
[2025-10-24 02:24:18] [INTELLIGENT-GUARDIAN] Service OK: server_hub
[2025-10-24 02:24:18] [INTELLIGENT-GUARDIAN] Service OK: mobile_server
[2025-10-24 02:24:18] [INTELLIGENT-GUARDIAN] Service OK: celsius_core
[2025-10-24 02:24:18] [INTELLIGENT-GUARDIAN] Service OK: hourly_logger
[2025-10-24 02:24:29] [INTELLIGENT-GUARDIAN] Performing health check...
[2025-10-24 02:24:29] [INTELLIGENT-GUARDIAN] Service OK: server_hub
[2025-10-24 02:24:29] [INTELLIGENT-GUARDIAN] Service OK: mobile_server
[2025-10-24 02:24:29] [INTELLIGENT-GUARDIAN] Service OK: celsius_core
[2025-10-24 02:24:29] [INTELLIGENT-GUARDIAN] Service OK: hourly_logger
[2025-10-24 02:24:29] [SERVER-HUB-MONITOR] User idle for 435s, triggering auto-logout
[2025-10-24 02:24:36] [SERVER-HUB-MONITOR] Could not connect to server hub for auto-logout
[2025-10-24 02:24:48] [INTELLIGENT-GUARDIAN] Performing health check...
[2025-10-24 02:24:48] [INTELLIGENT-GUARDIAN] Service OK: server_hub
[2025-10-24 02:24:48] [INTELLIGENT-GUARDIAN] Service OK: mobile_server
[2025-10-24 02:24:48] [INTELLIGENT-GUARDIAN] Service OK: celsius_core
[2025-10-24 02:24:48] [INTELLIGENT-GUARDIAN] Service OK: hourly_logger
[2025-10-24 02:25:07] [INTELLIGENT-GUARDIAN] Performing health check...
[2025-10-24 02:25:07] [INTELLIGENT-GUARDIAN] Service OK: server_hub
[2025-10-24 02:25:07] [INTELLIGENT-GUARDIAN] Service OK: mobile_server
[2025-10-24 02:25:07] [INTELLIGENT-GUARDIAN] Service OK: celsius_core
[2025-10-24 02:25:07] [INTELLIGENT-GUARDIAN] Service OK: hourly_logger
[2025-10-24 02:25:07] [SERVER-HUB-MONITOR] User idle for 473s, triggering auto-logout
[2025-10-24 02:25:14] [SERVER-HUB-MONITOR] Could not connect to server hub for auto-logout
[2025-10-24 02:25:18] [INTELLIGENT-GUARDIAN] Performing health check...
[2025-10-24 02:25:18] [INTELLIGENT-GUARDIAN] Service OK: server_hub
[2025-10-24 02:25:18] [INTELLIGENT-GUARDIAN] Service OK: mobile_server
[2025-10-24 02:25:18] [INTELLIGENT-GUARDIAN] Service OK: celsius_core
[2025-10-24 02:25:18] [INTELLIGENT-GUARDIAN] Service OK: hourly_logger
[2025-10-24 02:25:45] [INTELLIGENT-GUARDIAN] Performing health check...
[2025-10-24 02:25:45] [INTELLIGENT-GUARDIAN] Service OK: server_hub
[2025-10-24 02:25:45] [INTELLIGENT-GUARDIAN] Service OK: mobile_server
[2025-10-24 02:25:45] [INTELLIGENT-GUARDIAN] Service OK: celsius_core
[2025-10-24 02:25:45] [INTELLIGENT-GUARDIAN] Service OK: hourly_logger
[2025-10-24 02:25:45] [SERVER-HUB-MONITOR] User idle for 511s, triggering auto-logout
[2025-10-24 02:25:48] [INTELLIGENT-GUARDIAN] Performing health check...
[2025-10-24 02:25:48] [INTELLIGENT-GUARDIAN] Service OK: server_hub
[2025-10-24 02:25:48] [INTELLIGENT-GUARDIAN] Service OK: mobile_server
[2025-10-24 02:25:48] [INTELLIGENT-GUARDIAN] Service OK: celsius_core
[2025-10-24 02:25:48] [INTELLIGENT-GUARDIAN] Service OK: hourly_logger
[2025-10-24 02:25:52] [SERVER-HUB-MONITOR] Could not connect to server hub for auto-logout
[2025-10-24 02:26:18] [INTELLIGENT-GUARDIAN] Performing health check...
[2025-10-24 02:26:18] [INTELLIGENT-GUARDIAN] Service OK: server_hub
[2025-10-24 02:26:18] [INTELLIGENT-GUARDIAN] Service OK: mobile_server
[2025-10-24 02:26:18] [INTELLIGENT-GUARDIAN] Service OK: celsius_core
[2025-10-24 02:26:18] [INTELLIGENT-GUARDIAN] Service OK: hourly_logger
[2025-10-24 02:26:23] [INTELLIGENT-GUARDIAN] Performing health check...
[2025-10-24 02:26:23] [INTELLIGENT-GUARDIAN] Service OK: server_hub
[2025-10-24 02:26:23] [INTELLIGENT-GUARDIAN] Service OK: mobile_server
[2025-10-24 02:26:23] [INTELLIGENT-GUARDIAN] Service OK: celsius_core
[2025-10-24 02:26:23] [INTELLIGENT-GUARDIAN] Service OK: hourly_logger
[2025-10-24 02:26:23] [SERVER-HUB-MONITOR] User idle for 549s, triggering auto-logout
[2025-10-24 02:26:30] [SERVER-HUB-MONITOR] Could not connect to server hub for auto-logout
[2025-10-24 02:26:48] [INTELLIGENT-GUARDIAN] Performing health check...
[2025-10-24 02:26:48] [INTELLIGENT-GUARDIAN] Service OK: server_hub
[2025-10-24 02:26:48] [INTELLIGENT-GUARDIAN] Service OK: mobile_server
[2025-10-24 02:26:48] [INTELLIGENT-GUARDIAN] Service OK: celsius_core
[2025-10-24 02:26:48] [INTELLIGENT-GUARDIAN] Service OK: hourly_logger
[2025-10-24 02:27:01] [INTELLIGENT-GUARDIAN] Performing health check...
[2025-10-24 02:27:01] [INTELLIGENT-GUARDIAN] Service OK: server_hub
[2025-10-24 02:27:01] [INTELLIGENT-GUARDIAN] Service OK: mobile_server
[2025-10-24 02:27:01] [INTELLIGENT-GUARDIAN] Service OK: celsius_core
[2025-10-24 02:27:01] [INTELLIGENT-GUARDIAN] Service OK: hourly_logger
[2025-10-24 02:27:01] [SERVER-HUB-MONITOR] User idle for 587s, triggering auto-logout
[2025-10-24 02:27:08] [SERVER-HUB-MONITOR] Could not connect to server hub for auto-logout
[2025-10-24 02:27:18] [INTELLIGENT-GUARDIAN] Performing health check...
[2025-10-24 02:27:18] [INTELLIGENT-GUARDIAN] Service OK: server_hub
[2025-10-24 02:27:18] [INTELLIGENT-GUARDIAN] Service OK: mobile_server
[2025-10-24 02:27:18] [INTELLIGENT-GUARDIAN] Service OK: celsius_core
[2025-10-24 02:27:18] [INTELLIGENT-GUARDIAN] Service OK: hourly_logger
[2025-10-24 02:27:39] [INTELLIGENT-GUARDIAN] Performing health check...
[2025-10-24 02:27:39] [INTELLIGENT-GUARDIAN] Service OK: server_hub
[2025-10-24 02:27:39] [INTELLIGENT-GUARDIAN] Service OK: mobile_server
[2025-10-24 02:27:39] [INTELLIGENT-GUARDIAN] Service OK: celsius_core
[2025-10-24 02:27:39] [INTELLIGENT-GUARDIAN] Service OK: hourly_logger
[2025-10-24 02:27:39] [SERVER-HUB-MONITOR] User idle for 625s, triggering auto-logout
[2025-10-24 02:27:46] [SERVER-HUB-MONITOR] Could not connect to server hub for auto-logout
[2025-10-24 02:27:48] [INTELLIGENT-GUARDIAN] Performing health check...
[2025-10-24 02:27:48] [INTELLIGENT-GUARDIAN] Service OK: server_hub
[2025-10-24 02:27:48] [INTELLIGENT-GUARDIAN] Service OK: mobile_server
[2025-10-24 02:27:48] [INTELLIGENT-GUARDIAN] Service OK: celsius_core
[2025-10-24 02:27:48] [INTELLIGENT-GUARDIAN] Service OK: hourly_logger
[2025-10-24 02:28:17] [INTELLIGENT-GUARDIAN] Performing health check...
[2025-10-24 02:28:17] [INTELLIGENT-GUARDIAN] Service OK: server_hub
[2025-10-24 02:28:18] [INTELLIGENT-GUARDIAN] Performing health check...
[2025-10-24 02:28:18] [INTELLIGENT-GUARDIAN] Service OK: server_hub
[2025-10-24 02:28:19] [INTELLIGENT-GUARDIAN] Service OK: mobile_server
[2025-10-24 02:28:19] [INTELLIGENT-GUARDIAN] Service OK: celsius_core
[2025-10-24 02:28:19] [INTELLIGENT-GUARDIAN] Service OK: hourly_logger
[2025-10-24 02:28:20] [INTELLIGENT-GUARDIAN] Service OK: mobile_server
[2025-10-24 02:28:20] [INTELLIGENT-GUARDIAN] Service OK: celsius_core
[2025-10-24 02:28:20] [INTELLIGENT-GUARDIAN] Service OK: hourly_logger
[2025-10-24 02:28:50] [INTELLIGENT-GUARDIAN] Performing health check...
[2025-10-24 02:28:50] [INTELLIGENT-GUARDIAN] Service OK: server_hub
[2025-10-24 02:28:50] [INTELLIGENT-GUARDIAN] Service OK: mobile_server
[2025-10-24 02:28:50] [INTELLIGENT-GUARDIAN] Service OK: celsius_core
[2025-10-24 02:28:50] [INTELLIGENT-GUARDIAN] Service OK: hourly_logger
[2025-10-24 02:28:50] [INTELLIGENT-GUARDIAN] Performing health check...
[2025-10-24 02:28:50] [INTELLIGENT-GUARDIAN] Service OK: server_hub
[2025-10-24 02:28:50] [INTELLIGENT-GUARDIAN] Service OK: mobile_server
[2025-10-24 02:28:50] [INTELLIGENT-GUARDIAN] Service OK: celsius_core
[2025-10-24 02:28:50] [INTELLIGENT-GUARDIAN] Service OK: hourly_logger
[2025-10-24 02:29:21] [INTELLIGENT-GUARDIAN] Performing health check...
[2025-10-24 02:29:21] [INTELLIGENT-GUARDIAN] Service OK: server_hub
[2025-10-24 02:29:21] [INTELLIGENT-GUARDIAN] Performing health check...
[2025-10-24 02:29:21] [INTELLIGENT-GUARDIAN] Service OK: server_hub
[2025-10-24 02:29:23] [INTELLIGENT-GUARDIAN] Service OK: mobile_server
[2025-10-24 02:29:23] [INTELLIGENT-GUARDIAN] Service OK: celsius_core
[2025-10-24 02:29:23] [INTELLIGENT-GUARDIAN] Service OK: hourly_logger
[2025-10-24 02:29:23] [INTELLIGENT-GUARDIAN] Service OK: mobile_server
[2025-10-24 02:29:23] [INTELLIGENT-GUARDIAN] Service OK: celsius_core
[2025-10-24 02:29:23] [INTELLIGENT-GUARDIAN] Service OK: hourly_logger
[2025-10-24 02:29:53] [INTELLIGENT-GUARDIAN] Performing health check...
[2025-10-24 02:29:53] [INTELLIGENT-GUARDIAN] Service OK: server_hub
[2025-10-24 02:29:53] [INTELLIGENT-GUARDIAN] Service OK: mobile_server
[2025-10-24 02:29:53] [INTELLIGENT-GUARDIAN] Service OK: celsius_core
[2025-10-24 02:29:53] [INTELLIGENT-GUARDIAN] Service OK: hourly_logger
[2025-10-24 02:29:54] [INTELLIGENT-GUARDIAN] Performing health check...
[2025-10-24 02:29:54] [INTELLIGENT-GUARDIAN] Service OK: server_hub
[2025-10-24 02:29:54] [INTELLIGENT-GUARDIAN] Service OK: mobile_server
[2025-10-24 02:29:54] [INTELLIGENT-GUARDIAN] Service OK: celsius_core
[2025-10-24 02:29:54] [INTELLIGENT-GUARDIAN] Service OK: hourly_logger
[2025-10-24 02:30:23] [INTELLIGENT-GUARDIAN] Performing health check...
[2025-10-24 02:30:23] [INTELLIGENT-GUARDIAN] Service OK: server_hub
[2025-10-24 02:30:23] [INTELLIGENT-GUARDIAN] Service OK: mobile_server
[2025-10-24 02:30:23] [INTELLIGENT-GUARDIAN] Service OK: celsius_core
[2025-10-24 02:30:23] [INTELLIGENT-GUARDIAN] Service OK: hourly_logger
[2025-10-24 02:30:25] [INTELLIGENT-GUARDIAN] Performing health check...
[2025-10-24 02:30:25] [INTELLIGENT-GUARDIAN] Service OK: server_hub
[2025-10-24 02:30:25] [INTELLIGENT-GUARDIAN] Service OK: mobile_server
[2025-10-24 02:30:25] [INTELLIGENT-GUARDIAN] Service OK: celsius_core
[2025-10-24 02:30:25] [INTELLIGENT-GUARDIAN] Service OK: hourly_logger
[2025-10-24 02:30:53] [INTELLIGENT-GUARDIAN] Performing health check...
[2025-10-24 02:30:53] [INTELLIGENT-GUARDIAN] Service OK: server_hub
[2025-10-24 02:30:53] [INTELLIGENT-GUARDIAN] Service OK: mobile_server
[2025-10-24 02:30:53] [INTELLIGENT-GUARDIAN] Service OK: celsius_core
[2025-10-24 02:30:53] [INTELLIGENT-GUARDIAN] Service OK: hourly_logger
[2025-10-24 02:30:56] [INTELLIGENT-GUARDIAN] Performing health check...
[2025-10-24 02:30:56] [INTELLIGENT-GUARDIAN] Service OK: server_hub
[2025-10-24 02:30:56] [INTELLIGENT-GUARDIAN] Service OK: mobile_server
[2025-10-24 02:30:56] [INTELLIGENT-GUARDIAN] Service OK: celsius_core
[2025-10-24 02:30:56] [INTELLIGENT-GUARDIAN] Service OK: hourly_logger
[2025-10-24 02:31:23] [INTELLIGENT-GUARDIAN] Performing health check...
[2025-10-24 02:31:23] [INTELLIGENT-GUARDIAN] Service OK: server_hub
[2025-10-24 02:31:23] [INTELLIGENT-GUARDIAN] Service OK: mobile_server
[2025-10-24 02:31:23] [INTELLIGENT-GUARDIAN] Service OK: celsius_core
[2025-10-24 02:31:23] [INTELLIGENT-GUARDIAN] Service OK: hourly_logger
[2025-10-24 02:31:27] [INTELLIGENT-GUARDIAN] Performing health check...
[2025-10-24 02:31:27] [INTELLIGENT-GUARDIAN] Service OK: server_hub
[2025-10-24 02:31:27] [INTELLIGENT-GUARDIAN] Service OK: mobile_server
[2025-10-24 02:31:27] [INTELLIGENT-GUARDIAN] Service OK: celsius_core
[2025-10-24 02:31:27] [INTELLIGENT-GUARDIAN] Service OK: hourly_logger
[2025-10-24 02:31:53] [INTELLIGENT-GUARDIAN] Performing health check...
[2025-10-24 02:31:53] [INTELLIGENT-GUARDIAN] Service OK: server_hub
[2025-10-24 02:31:53] [INTELLIGENT-GUARDIAN] Service OK: mobile_server
[2025-10-24 02:31:53] [INTELLIGENT-GUARDIAN] Service OK: celsius_core
[2025-10-24 02:31:53] [INTELLIGENT-GUARDIAN] Service OK: hourly_logger
[2025-10-24 02:31:58] [INTELLIGENT-GUARDIAN] Performing health check...
[2025-10-24 02:31:58] [INTELLIGENT-GUARDIAN] Service OK: server_hub
[2025-10-24 02:31:58] [INTELLIGENT-GUARDIAN] Service OK: mobile_server
[2025-10-24 02:31:58] [INTELLIGENT-GUARDIAN] Service OK: celsius_core
[2025-10-24 02:31:58] [INTELLIGENT-GUARDIAN] Service OK: hourly_logger
[2025-10-24 02:32:23] [INTELLIGENT-GUARDIAN] Performing health check...
[2025-10-24 02:32:23] [INTELLIGENT-GUARDIAN] Service OK: server_hub
[2025-10-24 02:32:23] [INTELLIGENT-GUARDIAN] Service OK: mobile_server
[2025-10-24 02:32:23] [INTELLIGENT-GUARDIAN] Service OK: celsius_core
[2025-10-24 02:32:23] [INTELLIGENT-GUARDIAN] Service OK: hourly_logger
[2025-10-24 02:32:29] [INTELLIGENT-GUARDIAN] Performing health check...
[2025-10-24 02:32:29] [INTELLIGENT-GUARDIAN] Service OK: server_hub
[2025-10-24 02:32:29] [INTELLIGENT-GUARDIAN] Service OK: mobile_server
[2025-10-24 02:32:29] [INTELLIGENT-GUARDIAN] Service OK: celsius_core
[2025-10-24 02:32:29] [INTELLIGENT-GUARDIAN] Service OK: hourly_logger
[2025-10-24 02:32:53] [INTELLIGENT-GUARDIAN] Performing health check...
[2025-10-24 02:32:53] [INTELLIGENT-GUARDIAN] Service OK: server_hub
[2025-10-24 02:32:53] [INTELLIGENT-GUARDIAN] Service OK: mobile_server
[2025-10-24 02:32:53] [INTELLIGENT-GUARDIAN] Service OK: celsius_core
[2025-10-24 02:32:53] [INTELLIGENT-GUARDIAN] Service OK: hourly_logger
[2025-10-24 02:33:00] [INTELLIGENT-GUARDIAN] Performing health check...
[2025-10-24 02:33:00] [INTELLIGENT-GUARDIAN] Service OK: server_hub
[2025-10-24 02:33:02] [INTELLIGENT-GUARDIAN] Service OK: mobile_server
[2025-10-24 02:33:02] [INTELLIGENT-GUARDIAN] Service OK: celsius_core
[2025-10-24 02:33:02] [INTELLIGENT-GUARDIAN] Service OK: hourly_logger
[2025-10-24 02:33:23] [INTELLIGENT-GUARDIAN] Performing health check...
[2025-10-24 02:33:23] [INTELLIGENT-GUARDIAN] Service OK: server_hub
[2025-10-24 02:33:25] [INTELLIGENT-GUARDIAN] Service OK: mobile_server
[2025-10-24 02:33:25] [INTELLIGENT-GUARDIAN] Service OK: celsius_core
[2025-10-24 02:33:25] [INTELLIGENT-GUARDIAN] Service OK: hourly_logger
[2025-10-24 02:33:33] [INTELLIGENT-GUARDIAN] Performing health check...
[2025-10-24 02:33:33] [INTELLIGENT-GUARDIAN] Service OK: server_hub
[2025-10-24 02:33:33] [INTELLIGENT-GUARDIAN] Service OK: mobile_server
[2025-10-24 02:33:33] [INTELLIGENT-GUARDIAN] Service OK: celsius_core
[2025-10-24 02:33:33] [INTELLIGENT-GUARDIAN] Service OK: hourly_logger
[2025-10-24 02:33:55] [INTELLIGENT-GUARDIAN] Performing health check...
[2025-10-24 02:33:55] [INTELLIGENT-GUARDIAN] Service OK: server_hub
[2025-10-24 02:33:55] [INTELLIGENT-GUARDIAN] Service OK: mobile_server
[2025-10-24 02:33:55] [INTELLIGENT-GUARDIAN] Service OK: celsius_core
[2025-10-24 02:33:55] [INTELLIGENT-GUARDIAN] Service OK: hourly_logger
[2025-10-24 02:34:04] [INTELLIGENT-GUARDIAN] Performing health check...
[2025-10-24 02:34:04] [INTELLIGENT-GUARDIAN] Service OK: server_hub
[2025-10-24 02:34:04] [INTELLIGENT-GUARDIAN] Service OK: mobile_server
[2025-10-24 02:34:04] [INTELLIGENT-GUARDIAN] Service OK: celsius_core
[2025-10-24 02:34:04] [INTELLIGENT-GUARDIAN] Service OK: hourly_logger
[2025-10-24 02:34:25] [INTELLIGENT-GUARDIAN] Performing health check...
[2025-10-24 02:34:25] [INTELLIGENT-GUARDIAN] Service OK: server_hub
[2025-10-24 02:34:25] [INTELLIGENT-GUARDIAN] Service OK: mobile_server
[2025-10-24 02:34:25] [INTELLIGENT-GUARDIAN] Service OK: celsius_core
[2025-10-24 02:34:25] [INTELLIGENT-GUARDIAN] Service OK: hourly_logger
[2025-10-24 02:34:35] [INTELLIGENT-GUARDIAN] Performing health check...
[2025-10-24 02:34:35] [INTELLIGENT-GUARDIAN] Service OK: server_hub
[2025-10-24 02:34:35] [INTELLIGENT-GUARDIAN] Service OK: mobile_server
[2025-10-24 02:34:35] [INTELLIGENT-GUARDIAN] Service OK: celsius_core
[2025-10-24 02:34:35] [INTELLIGENT-GUARDIAN] Service OK: hourly_logger
[2025-10-24 02:34:55] [INTELLIGENT-GUARDIAN] Performing health check...
[2025-10-24 02:34:55] [INTELLIGENT-GUARDIAN] Service OK: server_hub
[2025-10-24 02:34:55] [INTELLIGENT-GUARDIAN] Service OK: mobile_server
[2025-10-24 02:34:55] [INTELLIGENT-GUARDIAN] Service OK: celsius_core
[2025-10-24 02:34:55] [INTELLIGENT-GUARDIAN] Service OK: hourly_logger
[2025-10-24 02:35:06] [INTELLIGENT-GUARDIAN] Performing health check...
[2025-10-24 02:35:06] [INTELLIGENT-GUARDIAN] Service OK: server_hub
[2025-10-24 02:35:06] [INTELLIGENT-GUARDIAN] Service OK: mobile_server
[2025-10-24 02:35:06] [INTELLIGENT-GUARDIAN] Service OK: celsius_core
[2025-10-24 02:35:06] [INTELLIGENT-GUARDIAN] Service OK: hourly_logger
[2025-10-24 02:35:25] [INTELLIGENT-GUARDIAN] Performing health check...
[2025-10-24 02:35:27] [INTELLIGENT-GUARDIAN] Service DOWN: server_hub
[2025-10-24 02:35:27] [INTELLIGENT-GUARDIAN] Restarting server_hub
[2025-10-24 02:35:37] [INTELLIGENT-GUARDIAN] Performing health check...
[2025-10-24 02:35:37] [INTELLIGENT-GUARDIAN] Service OK: server_hub
[2025-10-24 02:35:37] [INTELLIGENT-GUARDIAN] Service OK: mobile_server
[2025-10-24 02:35:37] [INTELLIGENT-GUARDIAN] Service OK: celsius_core
[2025-10-24 02:35:37] [INTELLIGENT-GUARDIAN] Service OK: hourly_logger
[2025-10-24 02:35:40] [INTELLIGENT-GUARDIAN] Started server_hub - PID: 25556
[2025-10-24 02:35:45] [INTELLIGENT-GUARDIAN] server_hub startup verified successfully
[2025-10-24 02:35:45] [INTELLIGENT-GUARDIAN] Successfully restarted server_hub
[2025-10-24 02:35:45] [INTELLIGENT-GUARDIAN] Service OK: mobile_server
[2025-10-24 02:35:45] [INTELLIGENT-GUARDIAN] Service OK: celsius_core
[2025-10-24 02:35:45] [INTELLIGENT-GUARDIAN] Service OK: hourly_logger
[2025-10-24 02:36:08] [INTELLIGENT-GUARDIAN] Performing health check...
[2025-10-24 02:36:08] [INTELLIGENT-GUARDIAN] Service OK: server_hub
[2025-10-24 02:36:08] [INTELLIGENT-GUARDIAN] Service OK: mobile_server
[2025-10-24 02:36:08] [INTELLIGENT-GUARDIAN] Service OK: celsius_core
[2025-10-24 02:36:08] [INTELLIGENT-GUARDIAN] Service OK: hourly_logger
[2025-10-24 02:36:08] [SERVER-HUB-MONITOR] User active, idle time: 19s
[2025-10-24 02:36:15] [INTELLIGENT-GUARDIAN] Performing health check...
[2025-10-24 02:36:15] [INTELLIGENT-GUARDIAN] Service OK: server_hub
[2025-10-24 02:36:15] [INTELLIGENT-GUARDIAN] Service OK: mobile_server
[2025-10-24 02:36:15] [INTELLIGENT-GUARDIAN] Service OK: celsius_core
[2025-10-24 02:36:15] [INTELLIGENT-GUARDIAN] Service OK: hourly_logger
[2025-10-24 02:36:40] [INTELLIGENT-GUARDIAN] Performing health check...
[2025-10-24 02:36:40] [INTELLIGENT-GUARDIAN] Service OK: server_hub
[2025-10-24 02:36:40] [INTELLIGENT-GUARDIAN] Service OK: mobile_server
[2025-10-24 02:36:40] [INTELLIGENT-GUARDIAN] Service OK: celsius_core
[2025-10-24 02:36:40] [INTELLIGENT-GUARDIAN] Service OK: hourly_logger
[2025-10-24 02:36:40] [SERVER-HUB-MONITOR] User active, idle time: 50s
[2025-10-24 02:36:45] [INTELLIGENT-GUARDIAN] Performing health check...
[2025-10-24 02:36:45] [INTELLIGENT-GUARDIAN] Service OK: server_hub
[2025-10-24 02:36:45] [INTELLIGENT-GUARDIAN] Service OK: mobile_server
[2025-10-24 02:36:45] [INTELLIGENT-GUARDIAN] Service OK: celsius_core
[2025-10-24 02:36:45] [INTELLIGENT-GUARDIAN] Service OK: hourly_logger
[2025-10-24 02:37:11] [INTELLIGENT-GUARDIAN] Performing health check...
[2025-10-24 02:37:11] [INTELLIGENT-GUARDIAN] Service OK: server_hub
[2025-10-24 02:37:11] [INTELLIGENT-GUARDIAN] Service OK: mobile_server
[2025-10-24 02:37:11] [INTELLIGENT-GUARDIAN] Service OK: celsius_core
[2025-10-24 02:37:11] [INTELLIGENT-GUARDIAN] Service OK: hourly_logger
[2025-10-24 02:37:11] [SERVER-HUB-MONITOR] User active, idle time: 81s
[2025-10-24 02:37:15] [INTELLIGENT-GUARDIAN] Performing health check...
[2025-10-24 02:37:15] [INTELLIGENT-GUARDIAN] Service OK: server_hub
[2025-10-24 02:37:15] [INTELLIGENT-GUARDIAN] Service OK: mobile_server
[2025-10-24 02:37:15] [INTELLIGENT-GUARDIAN] Service OK: celsius_core
[2025-10-24 02:37:15] [INTELLIGENT-GUARDIAN] Service OK: hourly_logger
[2025-10-24 02:37:42] [INTELLIGENT-GUARDIAN] Performing health check...
[2025-10-24 02:37:42] [INTELLIGENT-GUARDIAN] Service OK: server_hub
[2025-10-24 02:37:42] [INTELLIGENT-GUARDIAN] Service OK: mobile_server
[2025-10-24 02:37:42] [INTELLIGENT-GUARDIAN] Service OK: celsius_core
[2025-10-24 02:37:42] [INTELLIGENT-GUARDIAN] Service OK: hourly_logger
[2025-10-24 02:37:42] [SERVER-HUB-MONITOR] User active, idle time: 112s
[2025-10-24 02:37:45] [INTELLIGENT-GUARDIAN] Performing health check...
[2025-10-24 02:37:45] [INTELLIGENT-GUARDIAN] Service OK: server_hub
[2025-10-24 02:37:45] [INTELLIGENT-GUARDIAN] Service OK: mobile_server
[2025-10-24 02:37:45] [INTELLIGENT-GUARDIAN] Service OK: celsius_core
[2025-10-24 02:37:45] [INTELLIGENT-GUARDIAN] Service OK: hourly_logger
